solid 
facet normal 0.55220854 -0.10984168 -0.8264385
 outer loop
  vertex 0.08661693 -0.033837184 -0.2253235
  vertex 0.16004722 -0.062456783 -0.17245513
  vertex 0.15932775 -0.0660738 -0.17245513
 endloop
endfacet
facet normal 0.5522083 -0.10984098 -0.82643867
 outer loop
  vertex 0.08661693 -0.033837184 -0.2253235
  vertex 0.15932775 -0.0660738 -0.17245513
  vertex 0.08622756 -0.035794694 -0.2253235
 endloop
endfacet
facet normal 2.2006557e-06 4.3773912e-07 1
 outer loop
  vertex 0.22514857 0.0878302 0.006459099
  vertex 0.24141607 0.006048262 0.006459099
  vertex 0.2481873 0.006048262 0.006459084
 endloop
endfacet
facet normal 2.2006511e-06 4.3773778e-07 1
 outer loop
  vertex 0.22514857 0.0878302 0.006459099
  vertex 0.2481873 0.006048262 0.006459084
  vertex 0.23191983 0.0878302 0.006459084
 endloop
endfacet
facet normal 0.8203256 -0.16317376 0.5481243
 outer loop
  vertex 0.20911177 -0.08157982 0.09333205
  vertex 0.16004722 -0.062456783 0.17245513
  vertex 0.15932775 -0.0660738 0.17245513
 endloop
endfacet
facet normal 0.820326 -0.16317223 0.5481242
 outer loop
  vertex 0.20911177 -0.08157982 0.09333205
  vertex 0.15932775 -0.0660738 0.17245513
  vertex 0.20817174 -0.08630567 0.09333205
 endloop
endfacet
facet normal 0.19494498 -0.03869031 0.9800508
 outer loop
  vertex 0.005466762 0 0.24280098
  vertex -7.2084108e-09 0 0.2438884
  vertex 0.08622756 -0.035794694 0.2253235
 endloop
endfacet
facet normal 0.19491036 -0.03877027 0.9800545
 outer loop
  vertex 0.005466762 0 0.24280098
  vertex 0.08622756 -0.035794694 0.2253235
  vertex 0.08661693 -0.033837184 0.2253235
 endloop
endfacet
facet normal 0.19495296 -0.037503585 -0.9800953
 outer loop
  vertex 0.005466762 0 -0.24280098
  vertex 0.093332045 0 -0.2253235
  vertex 0.09287519 -0.0023748446 -0.2253235
 endloop
endfacet
facet normal 0.19491042 -0.038770143 -0.98005456
 outer loop
  vertex 0.005466762 0 -0.24280098
  vertex 0.09287519 -0.0023748446 -0.2253235
  vertex 0.08661693 -0.033837184 -0.2253235
 endloop
endfacet
facet normal 0.82032603 -0.16317205 -0.54812413
 outer loop
  vertex 0.16004722 -0.062456783 -0.17245513
  vertex 0.20911177 -0.08157982 -0.09333205
  vertex 0.20817174 -0.08630567 -0.09333205
 endloop
endfacet
facet normal 0.8203254 -0.16317426 -0.5481244
 outer loop
  vertex 0.16004722 -0.062456783 -0.17245513
  vertex 0.20817174 -0.08630567 -0.09333205
  vertex 0.15932775 -0.0660738 -0.17245513
 endloop
endfacet
facet normal -1.5152973e-06 0.728159 -0.68540823
 outer loop
  vertex 0.24269457 -0.0060798805 1.2591107e-10
  vertex 0.24260361 0 0.006459099
  vertex 0.24937485 6.4625534e-11 0.006459084
 endloop
endfacet
facet normal -1.5142112e-06 0.728159 -0.68540823
 outer loop
  vertex 0.24269457 -0.0060798805 1.2591107e-10
  vertex 0.24937485 6.4625534e-11 0.006459084
  vertex 0.24946581 -0.0060798805 -1.4743199e-08
 endloop
endfacet
facet normal 0.55220854 -0.10984164 0.8264385
 outer loop
  vertex 0.16004722 -0.062456783 0.17245513
  vertex 0.08661693 -0.033837184 0.2253235
  vertex 0.08622756 -0.035794694 0.2253235
 endloop
endfacet
facet normal 0.5522086 -0.10984158 0.82643837
 outer loop
  vertex 0.16004722 -0.062456783 0.17245513
  vertex 0.08622756 -0.035794694 0.2253235
  vertex 0.15932775 -0.0660738 0.17245513
 endloop
endfacet
facet normal 0.8160843 -0.5452903 -0.19148113
 outer loop
  vertex 0.22379872 -0.09377687 -0.0054540224
  vertex 0.22479868 -0.09419553 1.2591107e-10
  vertex 0.17245507 -0.17253324 1.2591107e-10
 endloop
endfacet
facet normal 0.81608456 -0.5452904 -0.19147976
 outer loop
  vertex 0.22379872 -0.09377687 -0.0054540224
  vertex 0.17245507 -0.17253324 1.2591107e-10
  vertex 0.17168796 -0.17176612 -0.0054540224
 endloop
endfacet
facet normal 0.6954385 -0.46467727 0.5481244
 outer loop
  vertex 0.2076869 -0.08703127 0.09333205
  vertex 0.15895666 -0.06662915 0.17245513
  vertex 0.12194415 -0.12202227 0.17245513
 endloop
endfacet
facet normal 0.6954385 -0.4646772 0.54812443
 outer loop
  vertex 0.2076869 -0.08703127 0.09333205
  vertex 0.12194415 -0.12202227 0.17245513
  vertex 0.15932775 -0.15940586 0.09333205
 endloop
endfacet
facet normal 0.16518936 -0.11037668 0.98006606
 outer loop
  vertex 0.08622756 -0.035794694 0.2253235
  vertex -7.2084108e-09 0 0.2438884
  vertex 0.08602673 -0.03609525 0.2253235
 endloop
endfacet
facet normal 0.16519001 -0.110376455 0.980066
 outer loop
  vertex -7.2084108e-09 0 0.2438884
  vertex 0.0659957 -0.0660738 0.2253235
  vertex 0.08602673 -0.03609525 0.2253235
 endloop
endfacet
facet normal 0.1651891 -0.110378586 -0.9800659
 outer loop
  vertex -7.2084108e-09 0 -0.2438884
  vertex 0.08622756 -0.035794694 -0.2253235
  vertex 0.08602673 -0.03609525 -0.2253235
 endloop
endfacet
facet normal 0.16519001 -0.110376455 -0.980066
 outer loop
  vertex -7.2084108e-09 0 -0.2438884
  vertex 0.08602673 -0.03609525 -0.2253235
  vertex 0.0659957 -0.0660738 -0.2253235
 endloop
endfacet
facet normal 0.6954385 -0.46467718 -0.5481243
 outer loop
  vertex 0.15895666 -0.06662915 -0.17245513
  vertex 0.2076869 -0.08703127 -0.09333205
  vertex 0.15932775 -0.15940586 -0.09333205
 endloop
endfacet
facet normal 0.6954385 -0.4646772 -0.5481244
 outer loop
  vertex 0.15895666 -0.06662915 -0.17245513
  vertex 0.15932775 -0.15940586 -0.09333205
  vertex 0.12194415 -0.12202227 -0.17245513
 endloop
endfacet
facet normal 0.81608415 -0.54529 0.19148225
 outer loop
  vertex 0.20890667 -0.087541945 0.08667923
  vertex 0.2076869 -0.08703127 0.09333205
  vertex 0.15932775 -0.15940586 0.09333205
 endloop
endfacet
facet normal 0.8160844 -0.54529035 0.19148013
 outer loop
  vertex 0.20890667 -0.087541945 0.08667923
  vertex 0.15932775 -0.15940586 0.09333205
  vertex 0.16026348 -0.16034159 0.08667923
 endloop
endfacet
facet normal 0.4681399 -0.31280112 0.8264384
 outer loop
  vertex 0.15895666 -0.06662915 0.17245513
  vertex 0.08602673 -0.03609525 0.2253235
  vertex 0.0659957 -0.0660738 0.2253235
 endloop
endfacet
facet normal 0.46813995 -0.31280112 0.8264384
 outer loop
  vertex 0.15895666 -0.06662915 0.17245513
  vertex 0.0659957 -0.0660738 0.2253235
  vertex 0.12194415 -0.12202227 0.17245513
 endloop
endfacet
facet normal 0.46813992 -0.31280115 -0.8264384
 outer loop
  vertex 0.08602673 -0.03609525 -0.2253235
  vertex 0.15895666 -0.06662915 -0.17245513
  vertex 0.12194415 -0.12202227 -0.17245513
 endloop
endfacet
facet normal 0.46813995 -0.31280115 -0.8264384
 outer loop
  vertex 0.08602673 -0.03609525 -0.2253235
  vertex 0.12194415 -0.12202227 -0.17245513
  vertex 0.0659957 -0.0660738 -0.2253235
 endloop
endfacet
facet normal 0.11035146 -0.16515273 -0.98007506
 outer loop
  vertex -7.2084108e-09 0 -0.2438884
  vertex 0.0659957 -0.0660738 -0.2253235
  vertex 0.0357166 -0.08630563 -0.2253235
 endloop
endfacet
facet normal 0 -0.23956734 -0.9708798
 outer loop
  vertex 0.06599566 -0.15940583 -0.17245513
  vertex 0.027501209 -0.5670628 -0.07186463
  vertex -1.9234238e-07 -0.5670628 -0.07186463
 endloop
endfacet
facet normal 0.049083803 -0.24676159 -0.9678324
 outer loop
  vertex 0.06599566 -0.15940583 -0.17245513
  vertex -1.9234238e-07 -0.5670628 -0.07186463
  vertex -6.1721714e-08 -0.17253317 -0.17245513
 endloop
endfacet
facet normal 0.31280097 -0.46814004 0.8264384
 outer loop
  vertex 0.12194415 -0.12202227 0.17245513
  vertex 0.0659957 -0.0660738 0.2253235
  vertex 0.0357166 -0.08630563 0.2253235
 endloop
endfacet
facet normal 0.31280097 -0.46814007 0.8264384
 outer loop
  vertex 0.12194415 -0.12202227 0.17245513
  vertex 0.0357166 -0.08630563 0.2253235
  vertex 0.06599566 -0.15940583 0.17245513
 endloop
endfacet
facet normal 0.31280097 -0.46814007 -0.8264384
 outer loop
  vertex 0.0659957 -0.0660738 -0.2253235
  vertex 0.12194415 -0.12202227 -0.17245513
  vertex 0.06599566 -0.15940583 -0.17245513
 endloop
endfacet
facet normal 0.31280094 -0.46814007 -0.8264384
 outer loop
  vertex 0.0659957 -0.0660738 -0.2253235
  vertex 0.06599566 -0.15940583 -0.17245513
  vertex 0.0357166 -0.08630563 -0.2253235
 endloop
endfacet
facet normal 0.11035147 -0.16515274 0.98007506
 outer loop
  vertex 0.0659957 -0.0660738 0.2253235
  vertex -7.2084108e-09 0 0.2438884
  vertex 0.0357166 -0.08630563 0.2253235
 endloop
endfacet
facet normal 0.960256 -0.24426779 0.13506187
 outer loop
  vertex 0.1715466 -0.17162476 0.006459099
  vertex 0.071485855 -0.5670628 0.0026916002
  vertex 0.07186443 -0.5670628 -6.350473e-10
 endloop
endfacet
facet normal 0.95513016 -0.24352333 0.16859053
 outer loop
  vertex 0.1715466 -0.17162476 0.006459099
  vertex 0.07186443 -0.5670628 -6.350473e-10
  vertex 0.17245507 -0.17253324 1.2591107e-10
 endloop
endfacet
facet normal 0.10984111 -0.5522087 0.8264384
 outer loop
  vertex 0.06599566 -0.15940583 0.17245513
  vertex 0.0357166 -0.08630563 0.2253235
  vertex -3.6282174e-08 -0.09341011 0.2253235
 endloop
endfacet
facet normal 0.10984092 -0.5522088 0.8264384
 outer loop
  vertex 0.06599566 -0.15940583 0.17245513
  vertex -3.6282174e-08 -0.09341011 0.2253235
  vertex -6.1721714e-08 -0.17253317 0.17245513
 endloop
endfacet
facet normal 0.10984095 -0.5522087 -0.8264384
 outer loop
  vertex 0.0357166 -0.08630563 -0.2253235
  vertex 0.06599566 -0.15940583 -0.17245513
  vertex -6.1721714e-08 -0.17253317 -0.17245513
 endloop
endfacet
facet normal 0.10984118 -0.5522088 -0.8264384
 outer loop
  vertex 0.0357166 -0.08630563 -0.2253235
  vertex -6.1721714e-08 -0.17253317 -0.17245513
  vertex -3.6282174e-08 -0.09341011 -0.2253235
 endloop
endfacet
facet normal 0.038745545 -0.19478707 0.98008
 outer loop
  vertex 0.0357166 -0.08630563 0.2253235
  vertex -7.2084108e-09 0 0.2438884
  vertex -3.6282174e-08 -0.09341011 0.2253235
 endloop
endfacet
facet normal 0.038745545 -0.19478709 -0.98008
 outer loop
  vertex -7.2084108e-09 0 -0.2438884
  vertex 0.0357166 -0.08630563 -0.2253235
  vertex -3.6282174e-08 -0.09341011 -0.2253235
 endloop
endfacet
facet normal 0 -0.24705933 -0.96900034
 outer loop
  vertex -6.1721714e-08 -0.17253317 -0.17245513
  vertex -1.9234238e-07 -0.5670628 -0.07186463
  vertex -0.027501589 -0.5670628 -0.07186463
 endloop
endfacet
facet normal -0.048454497 -0.24359639 -0.9686656
 outer loop
  vertex -6.1721714e-08 -0.17253317 -0.17245513
  vertex -0.027501589 -0.5670628 -0.07186463
  vertex -0.065995775 -0.15940578 -0.17245513
 endloop
endfacet
facet normal -0.10984133 -0.5522087 -0.82643837
 outer loop
  vertex -3.6282174e-08 -0.09341011 -0.2253235
  vertex -6.1721714e-08 -0.17253317 -0.17245513
  vertex -0.065995775 -0.15940578 -0.17245513
 endloop
endfacet
facet normal -0.10984145 -0.55220866 -0.8264384
 outer loop
  vertex -3.6282174e-08 -0.09341011 -0.2253235
  vertex -0.065995775 -0.15940578 -0.17245513
  vertex -0.035716668 -0.08630561 -0.2253235
 endloop
endfacet
facet normal 0.9618587 -0.23775052 -0.13528712
 outer loop
  vertex 0.16002877 -0.1601069 -0.0883479
  vertex 0.066686206 -0.5670628 -0.036815885
  vertex 0.066394076 -0.5670628 -0.038892858
 endloop
endfacet
facet normal 0.95597565 -0.2404053 -0.16827345
 outer loop
  vertex 0.16002877 -0.1601069 -0.0883479
  vertex 0.066394076 -0.5670628 -0.038892858
  vertex 0.15932775 -0.15940586 -0.09333205
 endloop
endfacet
facet normal -0.038745686 -0.19478706 0.98008
 outer loop
  vertex -3.6282174e-08 -0.09341011 0.2253235
  vertex -7.2084108e-09 0 0.2438884
  vertex -0.035716668 -0.08630561 0.2253235
 endloop
endfacet
facet normal -0.038745668 -0.19478704 -0.98008
 outer loop
  vertex -7.2084108e-09 0 -0.2438884
  vertex -3.6282174e-08 -0.09341011 -0.2253235
  vertex -0.035716668 -0.08630561 -0.2253235
 endloop
endfacet
facet normal 0.87438834 -0.25450405 -0.41312557
 outer loop
  vertex 0.15932775 -0.15940586 -0.09333205
  vertex 0.066394076 -0.5670628 -0.038892858
  vertex 0.05081578 -0.5670628 -0.07186463
 endloop
endfacet
facet normal 0.82605594 -0.24657105 -0.5067883
 outer loop
  vertex 0.15932775 -0.15940586 -0.09333205
  vertex 0.05081578 -0.5670628 -0.07186463
  vertex 0.12194415 -0.12202227 -0.17245513
 endloop
endfacet
facet normal -0.10984148 -0.5522087 0.82643837
 outer loop
  vertex -6.1721714e-08 -0.17253317 0.17245513
  vertex -3.6282174e-08 -0.09341011 0.2253235
  vertex -0.035716668 -0.08630561 0.2253235
 endloop
endfacet
facet normal -0.10984129 -0.55220866 0.82643837
 outer loop
  vertex -6.1721714e-08 -0.17253317 0.17245513
  vertex -0.035716668 -0.08630561 0.2253235
  vertex -0.065995775 -0.15940578 0.17245513
 endloop
endfacet
facet normal 0 1 2.186212e-06
 outer loop
  vertex -0.05081616 -0.5670628 -0.07186463
  vertex -0.027501589 -0.5670628 -0.07186463
  vertex -0.04836847 -0.5670627 -0.12639241
 endloop
endfacet
facet normal -0 1 2.186212e-06
 outer loop
  vertex -0.05081616 -0.5670628 -0.07186463
  vertex -0.04836847 -0.5670627 -0.12639241
  vertex -0.08937313 -0.5670627 -0.12639241
 endloop
endfacet
facet normal -0.11035154 -0.16515268 0.98007506
 outer loop
  vertex -0.035716668 -0.08630561 0.2253235
  vertex -7.2084108e-09 0 0.2438884
  vertex -0.06599576 -0.06607376 0.2253235
 endloop
endfacet
facet normal -0.11035153 -0.16515267 -0.98007506
 outer loop
  vertex -7.2084108e-09 0 -0.2438884
  vertex -0.035716668 -0.08630561 -0.2253235
  vertex -0.06599576 -0.06607376 -0.2253235
 endloop
endfacet
facet normal 0 -0.22046414 -0.9753951
 outer loop
  vertex 0.12194415 -0.12202227 -0.17245513
  vertex 0.05081578 -0.5670628 -0.07186463
  vertex 0.027501209 -0.5670628 -0.07186463
 endloop
endfacet
facet normal 0.1677633 -0.25107569 -0.95331866
 outer loop
  vertex 0.12194415 -0.12202227 -0.17245513
  vertex 0.027501209 -0.5670628 -0.07186463
  vertex 0.06599566 -0.15940583 -0.17245513
 endloop
endfacet
facet normal -0.3128012 -0.46813992 0.8264384
 outer loop
  vertex -0.065995775 -0.15940578 0.17245513
  vertex -0.035716668 -0.08630561 0.2253235
  vertex -0.06599576 -0.06607376 0.2253235
 endloop
endfacet
facet normal -0.31280142 -0.46813986 0.8264383
 outer loop
  vertex -0.065995775 -0.15940578 0.17245513
  vertex -0.06599576 -0.06607376 0.2253235
  vertex -0.12194423 -0.122022174 0.17245513
 endloop
endfacet
facet normal -0.3128014 -0.46813977 -0.82643837
 outer loop
  vertex -0.035716668 -0.08630561 -0.2253235
  vertex -0.065995775 -0.15940578 -0.17245513
  vertex -0.12194423 -0.122022174 -0.17245513
 endloop
endfacet
facet normal -0.3128013 -0.46813995 -0.8264383
 outer loop
  vertex -0.035716668 -0.08630561 -0.2253235
  vertex -0.12194423 -0.122022174 -0.17245513
  vertex -0.06599576 -0.06607376 -0.2253235
 endloop
endfacet
facet normal -0.16776356 -0.2510756 -0.95331866
 outer loop
  vertex -0.12194423 -0.122022174 -0.17245513
  vertex -0.065995775 -0.15940578 -0.17245513
  vertex -0.027501589 -0.5670628 -0.07186463
 endloop
endfacet
facet normal 0 -0.22046411 -0.9753951
 outer loop
  vertex -0.12194423 -0.122022174 -0.17245513
  vertex -0.027501589 -0.5670628 -0.07186463
  vertex -0.05081616 -0.5670628 -0.07186463
 endloop
endfacet
facet normal -0.16519003 -0.11037634 -0.98006594
 outer loop
  vertex -7.2084108e-09 0 -0.2438884
  vertex -0.06599576 -0.06607376 -0.2253235
  vertex -0.086227596 -0.03579465 -0.2253235
 endloop
endfacet
facet normal -0.69543874 -0.46467707 -0.5481242
 outer loop
  vertex -0.12194423 -0.122022174 -0.17245513
  vertex -0.15932779 -0.15940577 -0.09333205
  vertex -0.20817177 -0.08630555 -0.09333205
 endloop
endfacet
facet normal -0.69543874 -0.46467695 -0.5481243
 outer loop
  vertex -0.12194423 -0.122022174 -0.17245513
  vertex -0.20817177 -0.08630555 -0.09333205
  vertex -0.15932778 -0.06607369 -0.17245513
 endloop
endfacet
facet normal -0.8160845 -0.54529 0.19148073
 outer loop
  vertex -0.1724552 -0.17253311 1.2591107e-10
  vertex -0.15932779 -0.15940577 0.09333205
  vertex -0.20817177 -0.08630555 0.09333205
 endloop
endfacet
facet normal -0.81608456 -0.5452899 0.19148059
 outer loop
  vertex -0.1724552 -0.17253311 1.2591107e-10
  vertex -0.20817177 -0.08630555 0.09333205
  vertex -0.22532354 -0.09340999 1.2591107e-10
 endloop
endfacet
facet normal -0.46814018 -0.31280097 0.8264383
 outer loop
  vertex -0.12194423 -0.122022174 0.17245513
  vertex -0.06599576 -0.06607376 0.2253235
  vertex -0.086227596 -0.03579465 0.2253235
 endloop
endfacet
facet normal -0.46814013 -0.312801 0.8264383
 outer loop
  vertex -0.12194423 -0.122022174 0.17245513
  vertex -0.086227596 -0.03579465 0.2253235
  vertex -0.15932778 -0.06607369 0.17245513
 endloop
endfacet
facet normal -0.46814016 -0.312801 -0.82643837
 outer loop
  vertex -0.06599576 -0.06607376 -0.2253235
  vertex -0.12194423 -0.122022174 -0.17245513
  vertex -0.15932778 -0.06607369 -0.17245513
 endloop
endfacet
facet normal -0.46814016 -0.312801 -0.82643837
 outer loop
  vertex -0.06599576 -0.06607376 -0.2253235
  vertex -0.15932778 -0.06607369 -0.17245513
  vertex -0.086227596 -0.03579465 -0.2253235
 endloop
endfacet
facet normal -0.81608456 -0.5452899 -0.19148073
 outer loop
  vertex -0.15932779 -0.15940577 -0.09333205
  vertex -0.1724552 -0.17253311 1.2591107e-10
  vertex -0.22532354 -0.09340999 1.2591107e-10
 endloop
endfacet
facet normal -0.81608456 -0.54528993 -0.1914806
 outer loop
  vertex -0.15932779 -0.15940577 -0.09333205
  vertex -0.22532354 -0.09340999 1.2591107e-10
  vertex -0.20817177 -0.08630555 -0.09333205
 endloop
endfacet
facet normal -0.6954388 -0.46467698 0.54812425
 outer loop
  vertex -0.15932779 -0.15940577 0.09333205
  vertex -0.12194423 -0.122022174 0.17245513
  vertex -0.15932778 -0.06607369 0.17245513
 endloop
endfacet
facet normal -0.69543874 -0.4646771 0.5481243
 outer loop
  vertex -0.15932779 -0.15940577 0.09333205
  vertex -0.15932778 -0.06607369 0.17245513
  vertex -0.20817177 -0.08630555 0.09333205
 endloop
endfacet
facet normal -0.16519003 -0.11037636 0.980066
 outer loop
  vertex -0.06599576 -0.06607376 0.2253235
  vertex -7.2084108e-09 0 0.2438884
  vertex -0.086227596 -0.03579465 0.2253235
 endloop
endfacet
facet normal -0.55228597 -0.10961693 0.8264166
 outer loop
  vertex -0.15932778 -0.06607369 0.17245513
  vertex -0.086227596 -0.03579465 0.2253235
  vertex -0.09333207 0 0.2253235
 endloop
endfacet
facet normal -0.5522167 -0.10971281 0.82645005
 outer loop
  vertex -0.15932778 -0.06607369 0.17245513
  vertex -0.09333207 0 0.2253235
  vertex -0.1724551 0 0.17245513
 endloop
endfacet
facet normal -0.5522506 -0.10971953 -0.8264266
 outer loop
  vertex -0.086227596 -0.03579465 -0.2253235
  vertex -0.15932778 -0.06607369 -0.17245513
  vertex -0.1724551 0 -0.17245513
 endloop
endfacet
facet normal -0.5522234 -0.10960456 -0.82646
 outer loop
  vertex -0.086227596 -0.03579465 -0.2253235
  vertex -0.1724551 0 -0.17245513
  vertex -0.09333207 0 -0.2253235
 endloop
endfacet
facet normal -0.96266896 -0.19132648 -0.19147491
 outer loop
  vertex -0.20817177 -0.08630555 -0.09333205
  vertex -0.22532354 -0.09340999 1.2591107e-10
  vertex -0.2438884 0 1.2591107e-10
 endloop
endfacet
facet normal -0.96266913 -0.1913136 -0.19148691
 outer loop
  vertex -0.20817177 -0.08630555 -0.09333205
  vertex -0.2438884 0 1.2591107e-10
  vertex -0.22532348 0 -0.09333205
 endloop
endfacet
facet normal -0.82037383 -0.16298945 0.54810697
 outer loop
  vertex -0.20817177 -0.08630555 0.09333205
  vertex -0.15932778 -0.06607369 0.17245513
  vertex -0.1724551 0 0.17245513
 endloop
endfacet
facet normal -0.82034546 -0.16302924 0.5481376
 outer loop
  vertex -0.20817177 -0.08630555 0.09333205
  vertex -0.1724551 0 0.17245513
  vertex -0.22532348 0 0.09333205
 endloop
endfacet
facet normal -0.19494417 -0.03869225 0.98005086
 outer loop
  vertex -0.086227596 -0.03579465 0.2253235
  vertex -7.2084108e-09 0 0.2438884
  vertex -0.09333207 0 0.2253235
 endloop
endfacet
facet normal -0.19494417 -0.038692243 -0.98005086
 outer loop
  vertex -7.2084108e-09 0 -0.2438884
  vertex -0.086227596 -0.03579465 -0.2253235
  vertex -0.09333207 0 -0.2253235
 endloop
endfacet
facet normal -0.8203625 -0.16303265 -0.548111
 outer loop
  vertex -0.15932778 -0.06607369 -0.17245513
  vertex -0.20817177 -0.08630555 -0.09333205
  vertex -0.22532348 0 -0.09333205
 endloop
endfacet
facet normal -0.8203515 -0.16298506 -0.54814166
 outer loop
  vertex -0.15932778 -0.06607369 -0.17245513
  vertex -0.22532348 0 -0.09333205
  vertex -0.1724551 0 -0.17245513
 endloop
endfacet
facet normal -0.96267146 -0.19131406 0.19147444
 outer loop
  vertex -0.22532354 -0.09340999 1.2591107e-10
  vertex -0.20817177 -0.08630555 0.09333205
  vertex -0.22532348 0 0.09333205
 endloop
endfacet
facet normal -0.96266675 -0.19132604 0.19148645
 outer loop
  vertex -0.22532354 -0.09340999 1.2591107e-10
  vertex -0.22532348 0 0.09333205
  vertex -0.2438884 0 1.2591107e-10
 endloop
endfacet
facet normal -0.82199764 -0.2553666 0.5090262
 outer loop
  vertex -0.12194423 -0.122022174 0.17245513
  vertex -0.15932779 -0.15940577 0.09333205
  vertex -0.06639443 -0.5670628 0.038892858
 endloop
endfacet
facet normal -0.8789823 -0.2343496 0.41529548
 outer loop
  vertex -0.12194423 -0.122022174 0.17245513
  vertex -0.06639443 -0.5670628 0.038892858
  vertex -0.05081616 -0.5670628 0.07186463
 endloop
endfacet
facet normal -0.82605636 -0.24657041 -0.5067879
 outer loop
  vertex -0.15932779 -0.15940577 -0.09333205
  vertex -0.12194423 -0.122022174 -0.17245513
  vertex -0.05081616 -0.5670628 -0.07186463
 endloop
endfacet
facet normal -0.87438875 -0.25450334 -0.41312516
 outer loop
  vertex -0.15932779 -0.15940577 -0.09333205
  vertex -0.05081616 -0.5670628 -0.07186463
  vertex -0.06639443 -0.5670628 -0.038892858
 endloop
endfacet
facet normal -0.9559756 -0.24040483 0.16827409
 outer loop
  vertex -0.06639443 -0.5670628 0.038892858
  vertex -0.15932779 -0.15940577 0.09333205
  vertex -0.1724552 -0.17253311 1.2591107e-10
 endloop
endfacet
facet normal -0.96012396 -0.2447958 0.13504441
 outer loop
  vertex -0.06639443 -0.5670628 0.038892858
  vertex -0.1724552 -0.17253311 1.2591107e-10
  vertex -0.071864836 -0.5670628 -6.350473e-10
 endloop
endfacet
facet normal -0.96012396 -0.2447958 -0.13504444
 outer loop
  vertex -0.06639443 -0.5670628 -0.038892858
  vertex -0.071864836 -0.5670628 -6.350473e-10
  vertex -0.1724552 -0.17253311 1.2591107e-10
 endloop
endfacet
facet normal -0.9559756 -0.24040483 -0.16827409
 outer loop
  vertex -0.06639443 -0.5670628 -0.038892858
  vertex -0.1724552 -0.17253311 1.2591107e-10
  vertex -0.15932779 -0.15940577 -0.09333205
 endloop
endfacet
facet normal 0 -0.23956726 0.97087973
 outer loop
  vertex -0.05081616 -0.5670628 0.07186463
  vertex -0.027501589 -0.5670628 0.07186463
  vertex -0.065995775 -0.15940578 0.17245513
 endloop
endfacet
facet normal -0.16175671 -0.24208573 0.9566762
 outer loop
  vertex -0.05081616 -0.5670628 0.07186463
  vertex -0.065995775 -0.15940578 0.17245513
  vertex -0.12194423 -0.122022174 0.17245513
 endloop
endfacet
facet normal 0 -0.24705933 0.96900034
 outer loop
  vertex -0.027501589 -0.5670628 0.07186463
  vertex -1.9234238e-07 -0.5670628 0.07186463
  vertex -6.1721714e-08 -0.17253317 0.17245513
 endloop
endfacet
facet normal -0.048454415 -0.24359637 0.9686656
 outer loop
  vertex -0.027501589 -0.5670628 0.07186463
  vertex -6.1721714e-08 -0.17253317 0.17245513
  vertex -0.065995775 -0.15940578 0.17245513
 endloop
endfacet
facet normal 0 -0.24705935 0.96900034
 outer loop
  vertex -6.1721714e-08 -0.17253317 0.17245513
  vertex -1.9234238e-07 -0.5670628 0.07186463
  vertex 0.027501209 -0.5670628 0.07186463
 endloop
endfacet
facet normal 0.04845422 -0.24359642 0.9686656
 outer loop
  vertex -6.1721714e-08 -0.17253317 0.17245513
  vertex 0.027501209 -0.5670628 0.07186463
  vertex 0.06599566 -0.15940583 0.17245513
 endloop
endfacet
facet normal 0 -0.23956731 0.97087973
 outer loop
  vertex 0.06599566 -0.15940583 0.17245513
  vertex 0.027501209 -0.5670628 0.07186463
  vertex 0.05081578 -0.5670628 0.07186463
 endloop
endfacet
facet normal 0.16175647 -0.24208583 0.9566761
 outer loop
  vertex 0.06599566 -0.15940583 0.17245513
  vertex 0.05081578 -0.5670628 0.07186463
  vertex 0.12194415 -0.12202227 0.17245513
 endloop
endfacet
facet normal 0.8789819 -0.23435031 0.4152959
 outer loop
  vertex 0.12194415 -0.12202227 0.17245513
  vertex 0.05081578 -0.5670628 0.07186463
  vertex 0.066394076 -0.5670628 0.038892858
 endloop
endfacet
facet normal 0.8219972 -0.25536722 0.50902665
 outer loop
  vertex 0.12194415 -0.12202227 0.17245513
  vertex 0.066394076 -0.5670628 0.038892858
  vertex 0.15932775 -0.15940586 0.09333205
 endloop
endfacet
facet normal 0 0.6583554 -0.7527072
 outer loop
  vertex -0.04836847 -0.5670627 -0.12639241
  vertex -1.9536407e-07 -0.5670627 -0.12639241
  vertex -1.9600881e-07 -0.5808223 -0.13842726
 endloop
endfacet
facet normal 0 0.6583555 -0.7527071
 outer loop
  vertex -0.04836847 -0.5670627 -0.12639241
  vertex -1.9600881e-07 -0.5808223 -0.13842726
  vertex -0.052974008 -0.5808223 -0.13842726
 endloop
endfacet
facet normal 0 1 -2.186212e-06
 outer loop
  vertex 0.05081578 -0.5670628 0.07186463
  vertex 0.027501209 -0.5670628 0.07186463
  vertex 0.048368078 -0.5670627 0.12639241
 endloop
endfacet
facet normal 0 1 -2.186212e-06
 outer loop
  vertex 0.05081578 -0.5670628 0.07186463
  vertex 0.048368078 -0.5670627 0.12639241
  vertex 0.08937275 -0.5670627 0.12639241
 endloop
endfacet
facet normal 1.8533817e-06 1 8.75673e-07
 outer loop
  vertex -0.06639443 -0.5670628 -0.038892858
  vertex -0.05081616 -0.5670628 -0.07186463
  vertex -0.08937313 -0.5670627 -0.12639241
 endloop
endfacet
facet normal 1.8533816e-06 1 8.7567304e-07
 outer loop
  vertex -0.06639443 -0.5670628 -0.038892858
  vertex -0.08937313 -0.5670627 -0.12639241
  vertex -0.11677153 -0.5670627 -0.06840308
 endloop
endfacet
facet normal -2.186212e-06 1 -3.0749484e-07
 outer loop
  vertex 0.06678401 -0.5670628 0.036120526
  vertex 0.066394076 -0.5670628 0.038892858
  vertex 0.116771184 -0.5670627 0.06840308
 endloop
endfacet
facet normal -2.186213e-06 1 -3.0749365e-07
 outer loop
  vertex 0.06678401 -0.5670628 0.036120526
  vertex 0.116771184 -0.5670627 0.06840308
  vertex 0.11745698 -0.5670627 0.06352722
 endloop
endfacet
facet normal -1.8533807e-06 1 -8.756738e-07
 outer loop
  vertex 0.066394076 -0.5670628 0.038892858
  vertex 0.05081578 -0.5670628 0.07186463
  vertex 0.08937275 -0.5670627 0.12639241
 endloop
endfacet
facet normal -1.8533807e-06 1 -8.756738e-07
 outer loop
  vertex 0.066394076 -0.5670628 0.038892858
  vertex 0.08937275 -0.5670627 0.12639241
  vertex 0.116771184 -0.5670627 0.06840308
 endloop
endfacet
facet normal 2.186211e-06 1 3.0749746e-07
 outer loop
  vertex -0.071864836 -0.5670628 -6.350473e-10
  vertex -0.06639443 -0.5670628 -0.038892858
  vertex -0.11677153 -0.5670627 -0.06840308
 endloop
endfacet
facet normal 2.1862115e-06 1 3.0749743e-07
 outer loop
  vertex -0.071864836 -0.5670628 -6.350473e-10
  vertex -0.11677153 -0.5670627 -0.06840308
  vertex -0.12639263 -0.5670627 -1.8235411e-09
 endloop
endfacet
facet normal -2.186212e-06 1 3.0749231e-07
 outer loop
  vertex 0.07154477 -0.5670628 -0.0022727735
  vertex 0.07186443 -0.5670628 -6.350473e-10
  vertex 0.12639222 -0.5670627 -1.8235411e-09
 endloop
endfacet
facet normal -2.186212e-06 1 3.074944e-07
 outer loop
  vertex 0.07154477 -0.5670628 -0.0022727735
  vertex 0.12639222 -0.5670627 -1.8235411e-09
  vertex 0.12583 -0.5670627 -0.0039972584
 endloop
endfacet
facet normal 2.1862113e-06 1 -3.074975e-07
 outer loop
  vertex -0.06639443 -0.5670628 0.038892858
  vertex -0.071864836 -0.5670628 -6.350473e-10
  vertex -0.12639263 -0.5670627 -1.8235411e-09
 endloop
endfacet
facet normal 2.1862115e-06 1 -3.0749743e-07
 outer loop
  vertex -0.06639443 -0.5670628 0.038892858
  vertex -0.12639263 -0.5670627 -1.8235411e-09
  vertex -0.11677153 -0.5670627 0.06840308
 endloop
endfacet
facet normal -1.8533807e-06 1 8.756738e-07
 outer loop
  vertex 0.05081578 -0.5670628 -0.07186463
  vertex 0.066394076 -0.5670628 -0.038892858
  vertex 0.116771184 -0.5670627 -0.06840308
 endloop
endfacet
facet normal -1.8533808e-06 1 8.7567383e-07
 outer loop
  vertex 0.05081578 -0.5670628 -0.07186463
  vertex 0.116771184 -0.5670627 -0.06840308
  vertex 0.08937275 -0.5670627 -0.12639241
 endloop
endfacet
facet normal 1.8533817e-06 1 -8.75673e-07
 outer loop
  vertex -0.05081616 -0.5670628 0.07186463
  vertex -0.06639443 -0.5670628 0.038892858
  vertex -0.11677153 -0.5670627 0.06840308
 endloop
endfacet
facet normal 1.8533816e-06 1 -8.7567304e-07
 outer loop
  vertex -0.05081616 -0.5670628 0.07186463
  vertex -0.11677153 -0.5670627 0.06840308
  vertex -0.08937313 -0.5670627 0.12639241
 endloop
endfacet
facet normal 0 1 2.186212e-06
 outer loop
  vertex 0.027501209 -0.5670628 -0.07186463
  vertex 0.05081578 -0.5670628 -0.07186463
  vertex 0.08937275 -0.5670627 -0.12639241
 endloop
endfacet
facet normal -0 1 2.186212e-06
 outer loop
  vertex 0.027501209 -0.5670628 -0.07186463
  vertex 0.08937275 -0.5670627 -0.12639241
  vertex 0.048368078 -0.5670627 -0.12639241
 endloop
endfacet
facet normal 0 1 -2.186212e-06
 outer loop
  vertex -0.027501589 -0.5670628 0.07186463
  vertex -0.05081616 -0.5670628 0.07186463
  vertex -0.08937313 -0.5670627 0.12639241
 endloop
endfacet
facet normal 0 1 -2.186212e-06
 outer loop
  vertex -0.027501589 -0.5670628 0.07186463
  vertex -0.08937313 -0.5670627 0.12639241
  vertex -0.04836847 -0.5670627 0.12639241
 endloop
endfacet
facet normal 0 1 2.186212e-06
 outer loop
  vertex -1.9234238e-07 -0.5670628 -0.07186463
  vertex 0.027501209 -0.5670628 -0.07186463
  vertex 0.048368078 -0.5670627 -0.12639241
 endloop
endfacet
facet normal -0 1 2.186212e-06
 outer loop
  vertex -1.9234238e-07 -0.5670628 -0.07186463
  vertex 0.048368078 -0.5670627 -0.12639241
  vertex -1.9536407e-07 -0.5670627 -0.12639241
 endloop
endfacet
facet normal 0 1 -2.186212e-06
 outer loop
  vertex -1.9234238e-07 -0.5670628 0.07186463
  vertex -0.027501589 -0.5670628 0.07186463
  vertex -0.04836847 -0.5670627 0.12639241
 endloop
endfacet
facet normal 0 1 -2.186212e-06
 outer loop
  vertex -1.9234238e-07 -0.5670628 0.07186463
  vertex -0.04836847 -0.5670627 0.12639241
  vertex -1.9536407e-07 -0.5670627 0.12639241
 endloop
endfacet
facet normal 0 1 2.186212e-06
 outer loop
  vertex -0.027501589 -0.5670628 -0.07186463
  vertex -1.9234238e-07 -0.5670628 -0.07186463
  vertex -1.9536407e-07 -0.5670627 -0.12639241
 endloop
endfacet
facet normal -0 1 2.186212e-06
 outer loop
  vertex -0.027501589 -0.5670628 -0.07186463
  vertex -1.9536407e-07 -0.5670627 -0.12639241
  vertex -0.04836847 -0.5670627 -0.12639241
 endloop
endfacet
facet normal 0 1 -2.186212e-06
 outer loop
  vertex 0.027501209 -0.5670628 0.07186463
  vertex -1.9234238e-07 -0.5670628 0.07186463
  vertex -1.9536407e-07 -0.5670627 0.12639241
 endloop
endfacet
facet normal 0 1 -2.186212e-06
 outer loop
  vertex 0.027501209 -0.5670628 0.07186463
  vertex -1.9536407e-07 -0.5670627 0.12639241
  vertex 0.048368078 -0.5670627 0.12639241
 endloop
endfacet
facet normal -0 1 0
 outer loop
  vertex -0.09788305 -0.5808223 0.13842726
  vertex -0.12789027 -0.5808223 0.074916296
  vertex -0.15802975 -0.5808223 0.09257159
 endloop
endfacet
facet normal -0 1 0
 outer loop
  vertex -0.09788305 -0.5808223 0.13842726
  vertex -0.15802975 -0.5808223 0.09257159
  vertex -0.12095081 -0.5808223 0.17105
 endloop
endfacet
facet normal -0 0.6583555 0.7527071
 outer loop
  vertex 0.048368078 -0.5670627 0.12639241
  vertex -1.9536407e-07 -0.5670627 0.12639241
  vertex -1.9600881e-07 -0.5808223 0.13842726
 endloop
endfacet
facet normal 0 0.6583554 0.7527072
 outer loop
  vertex 0.048368078 -0.5670627 0.12639241
  vertex -1.9600881e-07 -0.5808223 0.13842726
  vertex 0.052973617 -0.5808223 0.13842726
 endloop
endfacet
facet normal 0 0.6583555 -0.7527071
 outer loop
  vertex -0.08937313 -0.5670627 -0.12639241
  vertex -0.04836847 -0.5670627 -0.12639241
  vertex -0.052974008 -0.5808223 -0.13842726
 endloop
endfacet
facet normal 0 0.65835553 -0.7527072
 outer loop
  vertex -0.08937313 -0.5670627 -0.12639241
  vertex -0.052974008 -0.5808223 -0.13842726
  vertex -0.09788305 -0.5808223 -0.13842726
 endloop
endfacet
facet normal -0 0.6583555 0.7527072
 outer loop
  vertex 0.08937275 -0.5670627 0.12639241
  vertex 0.048368078 -0.5670627 0.12639241
  vertex 0.052973617 -0.5808223 0.13842726
 endloop
endfacet
facet normal 0 0.6583555 0.7527072
 outer loop
  vertex 0.08937275 -0.5670627 0.12639241
  vertex 0.052973617 -0.5808223 0.13842726
  vertex 0.09788267 -0.5808223 0.13842726
 endloop
endfacet
facet normal -0.661154 0.6821259 -0.31237748
 outer loop
  vertex -0.11677153 -0.5670627 -0.06840308
  vertex -0.08937313 -0.5670627 -0.12639241
  vertex -0.09788305 -0.5808223 -0.13842726
 endloop
endfacet
facet normal -0.6611541 0.6821258 -0.3123775
 outer loop
  vertex -0.11677153 -0.5670627 -0.06840308
  vertex -0.09788305 -0.5808223 -0.13842726
  vertex -0.12789027 -0.5808223 -0.074916296
 endloop
endfacet
facet normal 0.74852425 0.6546964 0.105280906
 outer loop
  vertex 0.11745698 -0.5670627 0.06352722
  vertex 0.116771184 -0.5670627 0.06840308
  vertex 0.12788993 -0.5808223 0.074916296
 endloop
endfacet
facet normal 0.7485235 0.65469706 0.105282456
 outer loop
  vertex 0.11745698 -0.5670627 0.06352722
  vertex 0.12788993 -0.5808223 0.074916296
  vertex 0.12864104 -0.5808223 0.06957617
 endloop
endfacet
facet normal 0.66115373 0.682126 0.3123778
 outer loop
  vertex 0.116771184 -0.5670627 0.06840308
  vertex 0.08937275 -0.5670627 0.12639241
  vertex 0.09788267 -0.5808223 0.13842726
 endloop
endfacet
facet normal 0.661154 0.68212575 0.31237787
 outer loop
  vertex 0.116771184 -0.5670627 0.06840308
  vertex 0.09788267 -0.5808223 0.13842726
  vertex 0.12788993 -0.5808223 0.074916296
 endloop
endfacet
facet normal -0.74852383 0.6546967 -0.10528221
 outer loop
  vertex -0.12639263 -0.5670627 -1.8235411e-09
  vertex -0.11677153 -0.5670627 -0.06840308
  vertex -0.12789027 -0.5808223 -0.074916296
 endloop
endfacet
facet normal -0.7485235 0.65469706 -0.105282284
 outer loop
  vertex -0.12639263 -0.5670627 -1.8235411e-09
  vertex -0.12789027 -0.5808223 -0.074916296
  vertex -0.1384275 -0.5808223 -3.8781836e-09
 endloop
endfacet
facet normal 0.748524 0.65469664 -0.10528115
 outer loop
  vertex 0.12583 -0.5670627 -0.0039972584
  vertex 0.12639222 -0.5670627 -1.8235411e-09
  vertex 0.13842706 -0.5808223 -3.8781836e-09
 endloop
endfacet
facet normal 0.7485239 0.654697 -0.10527971
 outer loop
  vertex 0.12583 -0.5670627 -0.0039972584
  vertex 0.13842706 -0.5808223 -3.8781836e-09
  vertex 0.13781132 -0.5808223 -0.0043778694
 endloop
endfacet
facet normal -0.7485235 0.654697 0.105282165
 outer loop
  vertex -0.11677153 -0.5670627 0.06840308
  vertex -0.12639263 -0.5670627 -1.8235411e-09
  vertex -0.1384275 -0.5808223 -3.8781836e-09
 endloop
endfacet
facet normal -0.74852383 0.6546967 0.105282314
 outer loop
  vertex -0.11677153 -0.5670627 0.06840308
  vertex -0.1384275 -0.5808223 -3.8781836e-09
  vertex -0.12789027 -0.5808223 0.074916296
 endloop
endfacet
facet normal 0.66115385 0.6821258 -0.31237787
 outer loop
  vertex 0.08937275 -0.5670627 -0.12639241
  vertex 0.116771184 -0.5670627 -0.06840308
  vertex 0.12788993 -0.5808223 -0.074916296
 endloop
endfacet
facet normal 0.66115385 0.6821259 -0.3123778
 outer loop
  vertex 0.08937275 -0.5670627 -0.12639241
  vertex 0.12788993 -0.5808223 -0.074916296
  vertex 0.09788267 -0.5808223 -0.13842726
 endloop
endfacet
facet normal -0.66115403 0.6821258 0.3123775
 outer loop
  vertex -0.08937313 -0.5670627 0.12639241
  vertex -0.11677153 -0.5670627 0.06840308
  vertex -0.12789027 -0.5808223 0.074916296
 endloop
endfacet
facet normal -0.66115403 0.6821258 0.31237748
 outer loop
  vertex -0.08937313 -0.5670627 0.12639241
  vertex -0.12789027 -0.5808223 0.074916296
  vertex -0.09788305 -0.5808223 0.13842726
 endloop
endfacet
facet normal 0 0.6583555 -0.7527072
 outer loop
  vertex 0.048368078 -0.5670627 -0.12639241
  vertex 0.08937275 -0.5670627 -0.12639241
  vertex 0.09788267 -0.5808223 -0.13842726
 endloop
endfacet
facet normal 0 0.6583555 -0.7527072
 outer loop
  vertex 0.048368078 -0.5670627 -0.12639241
  vertex 0.09788267 -0.5808223 -0.13842726
  vertex 0.052973617 -0.5808223 -0.13842726
 endloop
endfacet
facet normal -0 0.6583555 0.7527071
 outer loop
  vertex -0.04836847 -0.5670627 0.12639241
  vertex -0.08937313 -0.5670627 0.12639241
  vertex -0.09788305 -0.5808223 0.13842726
 endloop
endfacet
facet normal 0 0.65835553 0.7527072
 outer loop
  vertex -0.04836847 -0.5670627 0.12639241
  vertex -0.09788305 -0.5808223 0.13842726
  vertex -0.052974008 -0.5808223 0.13842726
 endloop
endfacet
facet normal 0 0.6583555 -0.7527071
 outer loop
  vertex -1.9536407e-07 -0.5670627 -0.12639241
  vertex 0.048368078 -0.5670627 -0.12639241
  vertex 0.052973617 -0.5808223 -0.13842726
 endloop
endfacet
facet normal 0 0.6583554 -0.7527072
 outer loop
  vertex -1.9536407e-07 -0.5670627 -0.12639241
  vertex 0.052973617 -0.5808223 -0.13842726
  vertex -1.9600881e-07 -0.5808223 -0.13842726
 endloop
endfacet
facet normal -0 0.6583554 0.7527072
 outer loop
  vertex -1.9536407e-07 -0.5670627 0.12639241
  vertex -0.04836847 -0.5670627 0.12639241
  vertex -0.052974008 -0.5808223 0.13842726
 endloop
endfacet
facet normal 0 0.6583555 0.7527071
 outer loop
  vertex -1.9536407e-07 -0.5670627 0.12639241
  vertex -0.052974008 -0.5808223 0.13842726
  vertex -1.9600881e-07 -0.5808223 0.13842726
 endloop
endfacet
facet normal 0.6913268 0.71596944 0.097236045
 outer loop
  vertex 0.15895753 -0.5808223 0.08597297
  vertex 0.15802942 -0.5808223 0.09257159
  vertex 0.19282347 -0.61718684 0.11295347
 endloop
endfacet
facet normal 0.69132644 0.7159697 0.097236805
 outer loop
  vertex 0.15895753 -0.5808223 0.08597297
  vertex 0.19282347 -0.61718684 0.11295347
  vertex 0.19395593 -0.61718684 0.10490201
 endloop
endfacet
facet normal 0 1 0
 outer loop
  vertex 0.052973617 -0.5808223 -0.13842726
  vertex 0.09788267 -0.5808223 -0.13842726
  vertex 0.12095043 -0.5808223 -0.17105
 endloop
endfacet
facet normal 0 1 -0
 outer loop
  vertex 0.052973617 -0.5808223 -0.13842726
  vertex 0.12095043 -0.5808223 -0.17105
  vertex 0.06545779 -0.5808223 -0.17105
 endloop
endfacet
facet normal -0 1 0
 outer loop
  vertex -0.052974008 -0.5808223 0.13842726
  vertex -0.09788305 -0.5808223 0.13842726
  vertex -0.12095081 -0.5808223 0.17105
 endloop
endfacet
facet normal 0 1 0
 outer loop
  vertex -0.052974008 -0.5808223 0.13842726
  vertex -0.12095081 -0.5808223 0.17105
  vertex -0.065458186 -0.5808223 0.17105
 endloop
endfacet
facet normal 0 1 0
 outer loop
  vertex -1.9600881e-07 -0.5808223 -0.13842726
  vertex 0.052973617 -0.5808223 -0.13842726
  vertex 0.06545779 -0.5808223 -0.17105
 endloop
endfacet
facet normal 0 1 -0
 outer loop
  vertex -1.9600881e-07 -0.5808223 -0.13842726
  vertex 0.06545779 -0.5808223 -0.17105
  vertex -1.9830523e-07 -0.5808223 -0.17105
 endloop
endfacet
facet normal -0 1 0
 outer loop
  vertex -1.9600881e-07 -0.5808223 0.13842726
  vertex -0.052974008 -0.5808223 0.13842726
  vertex -0.065458186 -0.5808223 0.17105
 endloop
endfacet
facet normal 0 1 0
 outer loop
  vertex -1.9600881e-07 -0.5808223 0.13842726
  vertex -0.065458186 -0.5808223 0.17105
  vertex -1.9830523e-07 -0.5808223 0.17105
 endloop
endfacet
facet normal 0 1 -0
 outer loop
  vertex -0.052974008 -0.5808223 -0.13842726
  vertex -1.9600881e-07 -0.5808223 -0.13842726
  vertex -1.9830523e-07 -0.5808223 -0.17105
 endloop
endfacet
facet normal 0 1 -0
 outer loop
  vertex -0.052974008 -0.5808223 -0.13842726
  vertex -1.9830523e-07 -0.5808223 -0.17105
  vertex -0.065458186 -0.5808223 -0.17105
 endloop
endfacet
facet normal -0 1 0
 outer loop
  vertex 0.052973617 -0.5808223 0.13842726
  vertex -1.9600881e-07 -0.5808223 0.13842726
  vertex -1.9830523e-07 -0.5808223 0.17105
 endloop
endfacet
facet normal 0 1 0
 outer loop
  vertex 0.052973617 -0.5808223 0.13842726
  vertex -1.9830523e-07 -0.5808223 0.17105
  vertex 0.06545779 -0.5808223 0.17105
 endloop
endfacet
facet normal 0 1 -0
 outer loop
  vertex -0.09788305 -0.5808223 -0.13842726
  vertex -0.052974008 -0.5808223 -0.13842726
  vertex -0.065458186 -0.5808223 -0.17105
 endloop
endfacet
facet normal 0 1 -0
 outer loop
  vertex -0.09788305 -0.5808223 -0.13842726
  vertex -0.065458186 -0.5808223 -0.17105
  vertex -0.12095081 -0.5808223 -0.17105
 endloop
endfacet
facet normal -0 1 0
 outer loop
  vertex 0.09788267 -0.5808223 0.13842726
  vertex 0.052973617 -0.5808223 0.13842726
  vertex 0.06545779 -0.5808223 0.17105
 endloop
endfacet
facet normal 0 1 0
 outer loop
  vertex 0.09788267 -0.5808223 0.13842726
  vertex 0.06545779 -0.5808223 0.17105
  vertex 0.12095043 -0.5808223 0.17105
 endloop
endfacet
facet normal 0 1 -0
 outer loop
  vertex -0.12789027 -0.5808223 -0.074916296
  vertex -0.09788305 -0.5808223 -0.13842726
  vertex -0.12095081 -0.5808223 -0.17105
 endloop
endfacet
facet normal -0 1 -0
 outer loop
  vertex -0.12789027 -0.5808223 -0.074916296
  vertex -0.12095081 -0.5808223 -0.17105
  vertex -0.15802975 -0.5808223 -0.09257159
 endloop
endfacet
facet normal 0 1 0
 outer loop
  vertex 0.12864104 -0.5808223 0.06957617
  vertex 0.12788993 -0.5808223 0.074916296
  vertex 0.15802942 -0.5808223 0.09257159
 endloop
endfacet
facet normal 0 1 0
 outer loop
  vertex 0.12864104 -0.5808223 0.06957617
  vertex 0.15802942 -0.5808223 0.09257159
  vertex 0.15895753 -0.5808223 0.08597297
 endloop
endfacet
facet normal 0 1 0
 outer loop
  vertex 0.12788993 -0.5808223 0.074916296
  vertex 0.09788267 -0.5808223 0.13842726
  vertex 0.12095043 -0.5808223 0.17105
 endloop
endfacet
facet normal 0 1 0
 outer loop
  vertex 0.12788993 -0.5808223 0.074916296
  vertex 0.12095043 -0.5808223 0.17105
  vertex 0.15802942 -0.5808223 0.09257159
 endloop
endfacet
facet normal 0 1 -0
 outer loop
  vertex -0.1384275 -0.5808223 -3.8781836e-09
  vertex -0.12789027 -0.5808223 -0.074916296
  vertex -0.15802975 -0.5808223 -0.09257159
 endloop
endfacet
facet normal -0 1 0
 outer loop
  vertex -0.1384275 -0.5808223 -3.8781836e-09
  vertex -0.15802975 -0.5808223 -0.09257159
  vertex -0.17105022 -0.5808223 -4.7921436e-09
 endloop
endfacet
facet normal 0 1 0
 outer loop
  vertex 0.13781132 -0.5808223 -0.0043778694
  vertex 0.13842706 -0.5808223 -3.8781836e-09
  vertex 0.1710498 -0.5808223 -4.7921436e-09
 endloop
endfacet
facet normal 0 1 -0
 outer loop
  vertex 0.13781132 -0.5808223 -0.0043778694
  vertex 0.1710498 -0.5808223 -4.7921436e-09
  vertex 0.17028894 -0.5808223 -0.0054095904
 endloop
endfacet
facet normal 0 1 0
 outer loop
  vertex -0.12789027 -0.5808223 0.074916296
  vertex -0.1384275 -0.5808223 -3.8781836e-09
  vertex -0.17105022 -0.5808223 -4.7921436e-09
 endloop
endfacet
facet normal -0 1 0
 outer loop
  vertex -0.12789027 -0.5808223 0.074916296
  vertex -0.17105022 -0.5808223 -4.7921436e-09
  vertex -0.15802975 -0.5808223 0.09257159
 endloop
endfacet
facet normal 0 1 0
 outer loop
  vertex 0.09788267 -0.5808223 -0.13842726
  vertex 0.12788993 -0.5808223 -0.074916296
  vertex 0.15802942 -0.5808223 -0.09257159
 endloop
endfacet
facet normal 0 1 -0
 outer loop
  vertex 0.09788267 -0.5808223 -0.13842726
  vertex 0.15802942 -0.5808223 -0.09257159
  vertex 0.12095043 -0.5808223 -0.17105
 endloop
endfacet
facet normal 0 1 -1.9146403e-07
 outer loop
  vertex -0.07987036 -0.61718684 -0.2087108
  vertex -2.009563e-07 -0.61718684 -0.2087108
  vertex -2.3644957e-07 -0.61718696 -0.8313306
 endloop
endfacet
facet normal 0 1 -1.9146401e-07
 outer loop
  vertex -0.07987036 -0.61718684 -0.2087108
  vertex -2.3644957e-07 -0.61718696 -0.8313306
  vertex -0.31813663 -0.61718696 -0.8313306
 endloop
endfacet
facet normal 0.60682935 0.74131966 0.28671098
 outer loop
  vertex 0.15802942 -0.5808223 0.09257159
  vertex 0.12095043 -0.5808223 0.17105
  vertex 0.14758064 -0.61718684 0.2087108
 endloop
endfacet
facet normal 0.6068294 0.74131966 0.28671098
 outer loop
  vertex 0.15802942 -0.5808223 0.09257159
  vertex 0.14758064 -0.61718684 0.2087108
  vertex 0.19282347 -0.61718684 0.11295347
 endloop
endfacet
facet normal -0.69132656 0.7159696 -0.09723716
 outer loop
  vertex -0.17105022 -0.5808223 -4.7921436e-09
  vertex -0.15802975 -0.5808223 -0.09257159
  vertex -0.19282378 -0.61718684 -0.11295347
 endloop
endfacet
facet normal -0.6913266 0.7159696 -0.097237185
 outer loop
  vertex -0.17105022 -0.5808223 -4.7921436e-09
  vertex -0.19282378 -0.61718684 -0.11295347
  vertex -0.20871103 -0.61718684 -7.224017e-09
 endloop
endfacet
facet normal 0.6913266 0.7159697 -0.09723636
 outer loop
  vertex 0.17028894 -0.5808223 -0.0054095904
  vertex 0.1710498 -0.5808223 -4.7921436e-09
  vertex 0.20871061 -0.61718684 -7.224017e-09
 endloop
endfacet
facet normal 0.6913267 0.7159695 -0.097237445
 outer loop
  vertex 0.17028894 -0.5808223 -0.0054095904
  vertex 0.20871061 -0.61718684 -7.224017e-09
  vertex 0.20778221 -0.61718684 -0.0066006435
 endloop
endfacet
facet normal -0.6913266 0.7159697 0.09723715
 outer loop
  vertex -0.15802975 -0.5808223 0.09257159
  vertex -0.17105022 -0.5808223 -4.7921436e-09
  vertex -0.20871103 -0.61718684 -7.224017e-09
 endloop
endfacet
facet normal -0.69132656 0.7159696 0.09723716
 outer loop
  vertex -0.15802975 -0.5808223 0.09257159
  vertex -0.20871103 -0.61718684 -7.224017e-09
  vertex -0.19282378 -0.61718684 0.11295347
 endloop
endfacet
facet normal 0.6068294 0.7413197 -0.286711
 outer loop
  vertex 0.12095043 -0.5808223 -0.17105
  vertex 0.15802942 -0.5808223 -0.09257159
  vertex 0.19282347 -0.61718684 -0.11295347
 endloop
endfacet
facet normal 0.6068294 0.74131966 -0.28671098
 outer loop
  vertex 0.12095043 -0.5808223 -0.17105
  vertex 0.19282347 -0.61718684 -0.11295347
  vertex 0.14758064 -0.61718684 -0.2087108
 endloop
endfacet
facet normal -0.60682964 0.74131954 0.2867107
 outer loop
  vertex -0.12095081 -0.5808223 0.17105
  vertex -0.15802975 -0.5808223 0.09257159
  vertex -0.19282378 -0.61718684 0.11295347
 endloop
endfacet
facet normal -0.60682976 0.7413196 0.28671077
 outer loop
  vertex -0.12095081 -0.5808223 0.17105
  vertex -0.19282378 -0.61718684 0.11295347
  vertex -0.14758101 -0.61718684 0.2087108
 endloop
endfacet
facet normal 0 0.7193786 -0.69461817
 outer loop
  vertex 0.06545779 -0.5808223 -0.17105
  vertex 0.12095043 -0.5808223 -0.17105
  vertex 0.14758064 -0.61718684 -0.2087108
 endloop
endfacet
facet normal 0 0.7193786 -0.6946182
 outer loop
  vertex 0.06545779 -0.5808223 -0.17105
  vertex 0.14758064 -0.61718684 -0.2087108
  vertex 0.07986995 -0.61718684 -0.2087108
 endloop
endfacet
facet normal -0 0.7193786 0.6946182
 outer loop
  vertex -0.065458186 -0.5808223 0.17105
  vertex -0.12095081 -0.5808223 0.17105
  vertex -0.14758101 -0.61718684 0.2087108
 endloop
endfacet
facet normal 0 0.71937853 0.6946182
 outer loop
  vertex -0.065458186 -0.5808223 0.17105
  vertex -0.14758101 -0.61718684 0.2087108
  vertex -0.07987036 -0.61718684 0.2087108
 endloop
endfacet
facet normal 0 0.7193786 -0.6946182
 outer loop
  vertex -1.9830523e-07 -0.5808223 -0.17105
  vertex 0.06545779 -0.5808223 -0.17105
  vertex 0.07986995 -0.61718684 -0.2087108
 endloop
endfacet
facet normal 0 0.71937865 -0.6946182
 outer loop
  vertex -1.9830523e-07 -0.5808223 -0.17105
  vertex 0.07986995 -0.61718684 -0.2087108
  vertex -2.009563e-07 -0.61718684 -0.2087108
 endloop
endfacet
facet normal -0 0.7193786 0.6946182
 outer loop
  vertex -1.9830523e-07 -0.5808223 0.17105
  vertex -0.065458186 -0.5808223 0.17105
  vertex -0.07987036 -0.61718684 0.2087108
 endloop
endfacet
facet normal 0 0.7193786 0.69461817
 outer loop
  vertex -1.9830523e-07 -0.5808223 0.17105
  vertex -0.07987036 -0.61718684 0.2087108
  vertex -2.009563e-07 -0.61718684 0.2087108
 endloop
endfacet
facet normal 0 0.7193786 -0.6946182
 outer loop
  vertex -0.065458186 -0.5808223 -0.17105
  vertex -1.9830523e-07 -0.5808223 -0.17105
  vertex -2.009563e-07 -0.61718684 -0.2087108
 endloop
endfacet
facet normal 0 0.7193786 -0.69461817
 outer loop
  vertex -0.065458186 -0.5808223 -0.17105
  vertex -2.009563e-07 -0.61718684 -0.2087108
  vertex -0.07987036 -0.61718684 -0.2087108
 endloop
endfacet
facet normal -0 0.7193786 0.6946182
 outer loop
  vertex 0.06545779 -0.5808223 0.17105
  vertex -1.9830523e-07 -0.5808223 0.17105
  vertex -2.009563e-07 -0.61718684 0.2087108
 endloop
endfacet
facet normal 0 0.71937865 0.6946182
 outer loop
  vertex 0.06545779 -0.5808223 0.17105
  vertex -2.009563e-07 -0.61718684 0.2087108
  vertex 0.07986995 -0.61718684 0.2087108
 endloop
endfacet
facet normal 0 0.7193786 -0.6946182
 outer loop
  vertex -0.12095081 -0.5808223 -0.17105
  vertex -0.065458186 -0.5808223 -0.17105
  vertex -0.07987036 -0.61718684 -0.2087108
 endloop
endfacet
facet normal 0 0.71937853 -0.6946182
 outer loop
  vertex -0.12095081 -0.5808223 -0.17105
  vertex -0.07987036 -0.61718684 -0.2087108
  vertex -0.14758101 -0.61718684 -0.2087108
 endloop
endfacet
facet normal -0 0.7193786 0.69461817
 outer loop
  vertex 0.12095043 -0.5808223 0.17105
  vertex 0.06545779 -0.5808223 0.17105
  vertex 0.07986995 -0.61718684 0.2087108
 endloop
endfacet
facet normal 0 0.7193786 0.6946182
 outer loop
  vertex 0.12095043 -0.5808223 0.17105
  vertex 0.07986995 -0.61718684 0.2087108
  vertex 0.14758064 -0.61718684 0.2087108
 endloop
endfacet
facet normal -0.6068297 0.74131954 -0.28671074
 outer loop
  vertex -0.15802975 -0.5808223 -0.09257159
  vertex -0.12095081 -0.5808223 -0.17105
  vertex -0.14758101 -0.61718684 -0.2087108
 endloop
endfacet
facet normal -0.60682976 0.7413196 -0.28671077
 outer loop
  vertex -0.15802975 -0.5808223 -0.09257159
  vertex -0.14758101 -0.61718684 -0.2087108
  vertex -0.19282378 -0.61718684 -0.11295347
 endloop
endfacet
facet normal -0.81238276 0.43898678 0.38382912
 outer loop
  vertex -0.5878397 -0.61718696 0.8313306
  vertex -0.76804936 -0.61718696 0.44991294
  vertex -0.77408713 -0.63145286 0.45344982
 endloop
endfacet
facet normal -0.8123812 0.43899053 0.3838282
 outer loop
  vertex -0.5878397 -0.61718696 0.8313306
  vertex -0.77408713 -0.63145286 0.45344982
  vertex -0.5924609 -0.63145286 0.83786595
 endloop
endfacet
facet normal -0 1 1.9146403e-07
 outer loop
  vertex 0.07986995 -0.61718684 0.2087108
  vertex -2.009563e-07 -0.61718684 0.2087108
  vertex -2.3644957e-07 -0.61718696 0.8313306
 endloop
endfacet
facet normal 0 1 1.9146401e-07
 outer loop
  vertex 0.07986995 -0.61718684 0.2087108
  vertex -2.3644957e-07 -0.61718696 0.8313306
  vertex 0.31813616 -0.61718696 0.8313306
 endloop
endfacet
facet normal 0 1 -1.9146403e-07
 outer loop
  vertex -0.14758101 -0.61718684 -0.2087108
  vertex -0.07987036 -0.61718684 -0.2087108
  vertex -0.31813663 -0.61718696 -0.8313306
 endloop
endfacet
facet normal 0 1 -1.9146403e-07
 outer loop
  vertex -0.14758101 -0.61718684 -0.2087108
  vertex -0.31813663 -0.61718696 -0.8313306
  vertex -0.5878397 -0.61718696 -0.8313306
 endloop
endfacet
facet normal -0 1 1.9146403e-07
 outer loop
  vertex 0.14758064 -0.61718684 0.2087108
  vertex 0.07986995 -0.61718684 0.2087108
  vertex 0.31813616 -0.61718696 0.8313306
 endloop
endfacet
facet normal 0 1 1.9146403e-07
 outer loop
  vertex 0.14758064 -0.61718684 0.2087108
  vertex 0.31813616 -0.61718696 0.8313306
  vertex 0.58783937 -0.61718696 0.8313306
 endloop
endfacet
facet normal -1.6231543e-07 1 -7.668968e-08
 outer loop
  vertex -0.19282378 -0.61718684 -0.11295347
  vertex -0.14758101 -0.61718684 -0.2087108
  vertex -0.5878397 -0.61718696 -0.8313306
 endloop
endfacet
facet normal -1.6231543e-07 1 -7.668967e-08
 outer loop
  vertex -0.19282378 -0.61718684 -0.11295347
  vertex -0.5878397 -0.61718696 -0.8313306
  vertex -0.76804936 -0.61718696 -0.44991285
 endloop
endfacet
facet normal 1.9146393e-07 1 2.6929882e-08
 outer loop
  vertex 0.19395593 -0.61718684 0.10490201
  vertex 0.19282347 -0.61718684 0.11295347
  vertex 0.76804936 -0.61718696 0.44991294
 endloop
endfacet
facet normal 1.9146395e-07 1 2.6929806e-08
 outer loop
  vertex 0.19395593 -0.61718684 0.10490201
  vertex 0.76804936 -0.61718696 0.44991294
  vertex 0.7725601 -0.61718696 0.4178426
 endloop
endfacet
facet normal 1.6231532e-07 1 7.668974e-08
 outer loop
  vertex 0.19282347 -0.61718684 0.11295347
  vertex 0.14758064 -0.61718684 0.2087108
  vertex 0.58783937 -0.61718696 0.8313306
 endloop
endfacet
facet normal 1.6231526e-07 1 7.668977e-08
 outer loop
  vertex 0.19282347 -0.61718684 0.11295347
  vertex 0.58783937 -0.61718696 0.8313306
  vertex 0.76804936 -0.61718696 0.44991294
 endloop
endfacet
facet normal -1.9146398e-07 1 -2.6929989e-08
 outer loop
  vertex -0.20871103 -0.61718684 -7.224017e-09
  vertex -0.19282378 -0.61718684 -0.11295347
  vertex -0.76804936 -0.61718696 -0.44991285
 endloop
endfacet
facet normal -1.9146401e-07 1 -2.6929964e-08
 outer loop
  vertex -0.20871103 -0.61718684 -7.224017e-09
  vertex -0.76804936 -0.61718696 -0.44991285
  vertex -0.8313309 -0.61718696 -1.2104728e-08
 endloop
endfacet
facet normal 1.91464e-07 1 -2.6930064e-08
 outer loop
  vertex 0.20778221 -0.61718684 -0.0066006435
  vertex 0.20871061 -0.61718684 -7.224017e-09
  vertex 0.8313305 -0.61718696 -1.2104728e-08
 endloop
endfacet
facet normal 1.9146401e-07 1 -2.6930131e-08
 outer loop
  vertex 0.20778221 -0.61718684 -0.0066006435
  vertex 0.8313305 -0.61718696 -1.2104728e-08
  vertex 0.8276325 -0.61718696 -0.026291464
 endloop
endfacet
facet normal -1.91464e-07 1 2.6929985e-08
 outer loop
  vertex -0.19282378 -0.61718684 0.11295347
  vertex -0.20871103 -0.61718684 -7.224017e-09
  vertex -0.8313309 -0.61718696 -1.2104728e-08
 endloop
endfacet
facet normal -1.9146401e-07 1 2.6929957e-08
 outer loop
  vertex -0.19282378 -0.61718684 0.11295347
  vertex -0.8313309 -0.61718696 -1.2104728e-08
  vertex -0.76804936 -0.61718696 0.44991294
 endloop
endfacet
facet normal 1.623153e-07 1 -7.668973e-08
 outer loop
  vertex 0.14758064 -0.61718684 -0.2087108
  vertex 0.19282347 -0.61718684 -0.11295347
  vertex 0.76804936 -0.61718696 -0.44991285
 endloop
endfacet
facet normal 1.6231529e-07 1 -7.6689766e-08
 outer loop
  vertex 0.14758064 -0.61718684 -0.2087108
  vertex 0.76804936 -0.61718696 -0.44991285
  vertex 0.58783937 -0.61718696 -0.8313306
 endloop
endfacet
facet normal -1.623154e-07 1 7.668967e-08
 outer loop
  vertex -0.14758101 -0.61718684 0.2087108
  vertex -0.19282378 -0.61718684 0.11295347
  vertex -0.76804936 -0.61718696 0.44991294
 endloop
endfacet
facet normal -1.623154e-07 1 7.668968e-08
 outer loop
  vertex -0.14758101 -0.61718684 0.2087108
  vertex -0.76804936 -0.61718696 0.44991294
  vertex -0.5878397 -0.61718696 0.8313306
 endloop
endfacet
facet normal 0 1 -1.9146403e-07
 outer loop
  vertex 0.07986995 -0.61718684 -0.2087108
  vertex 0.14758064 -0.61718684 -0.2087108
  vertex 0.58783937 -0.61718696 -0.8313306
 endloop
endfacet
facet normal 0 1 -1.9146403e-07
 outer loop
  vertex 0.07986995 -0.61718684 -0.2087108
  vertex 0.58783937 -0.61718696 -0.8313306
  vertex 0.31813616 -0.61718696 -0.8313306
 endloop
endfacet
facet normal -0 1 1.9146403e-07
 outer loop
  vertex -0.07987036 -0.61718684 0.2087108
  vertex -0.14758101 -0.61718684 0.2087108
  vertex -0.5878397 -0.61718696 0.8313306
 endloop
endfacet
facet normal 0 1 1.9146403e-07
 outer loop
  vertex -0.07987036 -0.61718684 0.2087108
  vertex -0.5878397 -0.61718696 0.8313306
  vertex -0.31813663 -0.61718696 0.8313306
 endloop
endfacet
facet normal 0 1 -1.9146403e-07
 outer loop
  vertex -2.009563e-07 -0.61718684 -0.2087108
  vertex 0.07986995 -0.61718684 -0.2087108
  vertex 0.31813616 -0.61718696 -0.8313306
 endloop
endfacet
facet normal 0 1 -1.9146401e-07
 outer loop
  vertex -2.009563e-07 -0.61718684 -0.2087108
  vertex 0.31813616 -0.61718696 -0.8313306
  vertex -2.3644957e-07 -0.61718696 -0.8313306
 endloop
endfacet
facet normal -0 1 1.9146403e-07
 outer loop
  vertex -2.009563e-07 -0.61718684 0.2087108
  vertex -0.07987036 -0.61718684 0.2087108
  vertex -0.31813663 -0.61718696 0.8313306
 endloop
endfacet
facet normal 0 1 1.9146401e-07
 outer loop
  vertex -2.009563e-07 -0.61718684 0.2087108
  vertex -0.31813663 -0.61718696 0.8313306
  vertex -2.3644957e-07 -0.61718696 0.8313306
 endloop
endfacet
facet normal 0 1 0
 outer loop
  vertex 0.77408713 -0.63145286 0.45344982
  vertex 0.5924605 -0.63145286 0.83786595
  vertex 0.64406407 -0.63145286 0.9108444
 endloop
endfacet
facet normal 0 1 0
 outer loop
  vertex 0.77408713 -0.63145286 0.45344982
  vertex 0.64406407 -0.63145286 0.9108444
  vertex 0.8415105 -0.63145286 0.49294546
 endloop
endfacet
facet normal 0 0.41648698 -0.9091416
 outer loop
  vertex 0.31813616 -0.61718696 -0.8313306
  vertex 0.58783937 -0.61718696 -0.8313306
  vertex 0.5924605 -0.63145286 -0.83786595
 endloop
endfacet
facet normal 0 0.416487 -0.90914166
 outer loop
  vertex 0.31813616 -0.61718696 -0.8313306
  vertex 0.5924605 -0.63145286 -0.83786595
  vertex 0.3206371 -0.63145286 -0.83786595
 endloop
endfacet
facet normal -0 0.41648704 0.9091417
 outer loop
  vertex -0.31813663 -0.61718696 0.8313306
  vertex -0.5878397 -0.61718696 0.8313306
  vertex -0.5924609 -0.63145286 0.83786595
 endloop
endfacet
facet normal 0 0.416487 0.90914166
 outer loop
  vertex -0.31813663 -0.61718696 0.8313306
  vertex -0.5924609 -0.63145286 0.83786595
  vertex -0.32063758 -0.63145286 0.83786595
 endloop
endfacet
facet normal 0 0.41648707 -0.90914166
 outer loop
  vertex -2.3644957e-07 -0.61718696 -0.8313306
  vertex 0.31813616 -0.61718696 -0.8313306
  vertex 0.3206371 -0.63145286 -0.83786595
 endloop
endfacet
facet normal 0 0.416487 -0.90914166
 outer loop
  vertex -2.3644957e-07 -0.61718696 -0.8313306
  vertex 0.3206371 -0.63145286 -0.83786595
  vertex -2.3713694e-07 -0.63145286 -0.83786595
 endloop
endfacet
facet normal -0 0.41648707 0.90914166
 outer loop
  vertex -2.3644957e-07 -0.61718696 0.8313306
  vertex -0.31813663 -0.61718696 0.8313306
  vertex -0.32063758 -0.63145286 0.83786595
 endloop
endfacet
facet normal 0 0.416487 0.90914166
 outer loop
  vertex -2.3644957e-07 -0.61718696 0.8313306
  vertex -0.32063758 -0.63145286 0.83786595
  vertex -2.3713694e-07 -0.63145286 0.83786595
 endloop
endfacet
facet normal 0 0.41648707 -0.90914166
 outer loop
  vertex -0.31813663 -0.61718696 -0.8313306
  vertex -2.3644957e-07 -0.61718696 -0.8313306
  vertex -2.3713694e-07 -0.63145286 -0.83786595
 endloop
endfacet
facet normal 0 0.416487 -0.90914166
 outer loop
  vertex -0.31813663 -0.61718696 -0.8313306
  vertex -2.3713694e-07 -0.63145286 -0.83786595
  vertex -0.32063758 -0.63145286 -0.83786595
 endloop
endfacet
facet normal -0 0.41648707 0.90914166
 outer loop
  vertex 0.31813616 -0.61718696 0.8313306
  vertex -2.3644957e-07 -0.61718696 0.8313306
  vertex -2.3713694e-07 -0.63145286 0.83786595
 endloop
endfacet
facet normal 0 0.416487 0.90914166
 outer loop
  vertex 0.31813616 -0.61718696 0.8313306
  vertex -2.3713694e-07 -0.63145286 0.83786595
  vertex 0.3206371 -0.63145286 0.83786595
 endloop
endfacet
facet normal 0 0.41648704 -0.9091417
 outer loop
  vertex -0.5878397 -0.61718696 -0.8313306
  vertex -0.31813663 -0.61718696 -0.8313306
  vertex -0.32063758 -0.63145286 -0.83786595
 endloop
endfacet
facet normal 0 0.416487 -0.90914166
 outer loop
  vertex -0.5878397 -0.61718696 -0.8313306
  vertex -0.32063758 -0.63145286 -0.83786595
  vertex -0.5924609 -0.63145286 -0.83786595
 endloop
endfacet
facet normal -0 0.41648698 0.9091416
 outer loop
  vertex 0.58783937 -0.61718696 0.8313306
  vertex 0.31813616 -0.61718696 0.8313306
  vertex 0.3206371 -0.63145286 0.83786595
 endloop
endfacet
facet normal 0 0.416487 0.90914166
 outer loop
  vertex 0.58783937 -0.61718696 0.8313306
  vertex 0.3206371 -0.63145286 0.83786595
  vertex 0.5924605 -0.63145286 0.83786595
 endloop
endfacet
facet normal -0.8123813 0.43899018 -0.38382834
 outer loop
  vertex -0.76804936 -0.61718696 -0.44991285
  vertex -0.5878397 -0.61718696 -0.8313306
  vertex -0.5924609 -0.63145286 -0.83786595
 endloop
endfacet
facet normal -0.81238276 0.4389869 -0.38382888
 outer loop
  vertex -0.76804936 -0.61718696 -0.44991285
  vertex -0.5924609 -0.63145286 -0.83786595
  vertex -0.77408713 -0.63145286 -0.45344973
 endloop
endfacet
facet normal 0.90180135 0.4131174 0.12684025
 outer loop
  vertex 0.7725601 -0.61718696 0.4178426
  vertex 0.76804936 -0.61718696 0.44991294
  vertex 0.77408713 -0.63145286 0.45344982
 endloop
endfacet
facet normal 0.90180296 0.41311416 0.1268389
 outer loop
  vertex 0.7725601 -0.61718696 0.4178426
  vertex 0.77408713 -0.63145286 0.45344982
  vertex 0.7786333 -0.63145286 0.42112735
 endloop
endfacet
facet normal 0.81238097 0.43899035 0.38382903
 outer loop
  vertex 0.76804936 -0.61718696 0.44991294
  vertex 0.58783937 -0.61718696 0.8313306
  vertex 0.5924605 -0.63145286 0.83786595
 endloop
endfacet
facet normal 0.8123826 0.43898687 0.38382962
 outer loop
  vertex 0.76804936 -0.61718696 0.44991294
  vertex 0.5924605 -0.63145286 0.83786595
  vertex 0.77408713 -0.63145286 0.45344982
 endloop
endfacet
facet normal -0.90180117 0.41311747 -0.12684093
 outer loop
  vertex -0.8313309 -0.61718696 -1.2104728e-08
  vertex -0.76804936 -0.61718696 -0.44991285
  vertex -0.77408713 -0.63145286 -0.45344973
 endloop
endfacet
facet normal -0.9017986 0.41312316 -0.12684079
 outer loop
  vertex -0.8313309 -0.61718696 -1.2104728e-08
  vertex -0.77408713 -0.63145286 -0.45344973
  vertex -0.83786625 -0.63145286 -1.1982184e-08
 endloop
endfacet
facet normal 0.9017999 0.4131199 -0.12684155
 outer loop
  vertex 0.8276325 -0.61718696 -0.026291464
  vertex 0.8313305 -0.61718696 -1.2104728e-08
  vertex 0.83786577 -0.63145286 -1.1982184e-08
 endloop
endfacet
facet normal 0.90179795 0.4131255 -0.12683776
 outer loop
  vertex 0.8276325 -0.61718696 -0.026291464
  vertex 0.83786577 -0.63145286 -1.1982184e-08
  vertex 0.8341388 -0.63145286 -0.026498146
 endloop
endfacet
facet normal -0.9017986 0.4131231 0.12684055
 outer loop
  vertex -0.76804936 -0.61718696 0.44991294
  vertex -0.8313309 -0.61718696 -1.2104728e-08
  vertex -0.83786625 -0.63145286 -1.1982184e-08
 endloop
endfacet
facet normal -0.90180105 0.41311768 0.1268411
 outer loop
  vertex -0.76804936 -0.61718696 0.44991294
  vertex -0.83786625 -0.63145286 -1.1982184e-08
  vertex -0.77408713 -0.63145286 0.45344982
 endloop
endfacet
facet normal 0.8123825 0.43898678 -0.38382965
 outer loop
  vertex 0.58783937 -0.61718696 -0.8313306
  vertex 0.76804936 -0.61718696 -0.44991285
  vertex 0.77408713 -0.63145286 -0.45344973
 endloop
endfacet
facet normal 0.81238097 0.43899035 -0.3838288
 outer loop
  vertex 0.58783937 -0.61718696 -0.8313306
  vertex 0.77408713 -0.63145286 -0.45344973
  vertex 0.5924605 -0.63145286 -0.83786595
 endloop
endfacet
facet normal 0 0 1
 outer loop
  vertex 0.3485647 -0.63145286 0.9108444
  vertex -2.435148e-07 -0.63145286 0.9108444
  vertex -2.435148e-07 -0.66609865 0.9108444
 endloop
endfacet
facet normal 0 -0 1
 outer loop
  vertex 0.3485647 -0.63145286 0.9108444
  vertex -2.435148e-07 -0.66609865 0.9108444
  vertex 0.3485647 -0.66609865 0.9108444
 endloop
endfacet
facet normal 0 1 -0
 outer loop
  vertex -0.83786625 -0.63145286 -1.1982184e-08
  vertex -0.77408713 -0.63145286 -0.45344973
  vertex -0.84151036 -0.63145286 -0.4929454
 endloop
endfacet
facet normal -0 1 0
 outer loop
  vertex -0.83786625 -0.63145286 -1.1982184e-08
  vertex -0.84151036 -0.63145286 -0.4929454
  vertex -0.9108447 -0.63145286 -1.2376889e-08
 endloop
endfacet
facet normal 0 1 0
 outer loop
  vertex 0.8341388 -0.63145286 -0.026498146
  vertex 0.83786577 -0.63145286 -1.1982184e-08
  vertex 0.9108442 -0.63145286 -1.2376889e-08
 endloop
endfacet
facet normal 0 1 -0
 outer loop
  vertex 0.8341388 -0.63145286 -0.026498146
  vertex 0.9108442 -0.63145286 -1.2376889e-08
  vertex 0.9067926 -0.63145286 -0.028806144
 endloop
endfacet
facet normal 0 1 0
 outer loop
  vertex -0.77408713 -0.63145286 0.45344982
  vertex -0.83786625 -0.63145286 -1.1982184e-08
  vertex -0.9108447 -0.63145286 -1.2376889e-08
 endloop
endfacet
facet normal -0 1 0
 outer loop
  vertex -0.77408713 -0.63145286 0.45344982
  vertex -0.9108447 -0.63145286 -1.2376889e-08
  vertex -0.84151036 -0.63145286 0.49294546
 endloop
endfacet
facet normal 0 1 0
 outer loop
  vertex 0.5924605 -0.63145286 -0.83786595
  vertex 0.77408713 -0.63145286 -0.45344973
  vertex 0.8415105 -0.63145286 -0.4929454
 endloop
endfacet
facet normal 0 1 -0
 outer loop
  vertex 0.5924605 -0.63145286 -0.83786595
  vertex 0.8415105 -0.63145286 -0.4929454
  vertex 0.64406407 -0.63145286 -0.9108444
 endloop
endfacet
facet normal -0 1 0
 outer loop
  vertex -0.5924609 -0.63145286 0.83786595
  vertex -0.77408713 -0.63145286 0.45344982
  vertex -0.84151036 -0.63145286 0.49294546
 endloop
endfacet
facet normal -0 1 0
 outer loop
  vertex -0.5924609 -0.63145286 0.83786595
  vertex -0.84151036 -0.63145286 0.49294546
  vertex -0.6440645 -0.63145286 0.9108444
 endloop
endfacet
facet normal 0 1 0
 outer loop
  vertex 0.3206371 -0.63145286 -0.83786595
  vertex 0.5924605 -0.63145286 -0.83786595
  vertex 0.64406407 -0.63145286 -0.9108444
 endloop
endfacet
facet normal 0 1 -0
 outer loop
  vertex 0.3206371 -0.63145286 -0.83786595
  vertex 0.64406407 -0.63145286 -0.9108444
  vertex 0.3485647 -0.63145286 -0.9108444
 endloop
endfacet
facet normal -0 1 0
 outer loop
  vertex -0.32063758 -0.63145286 0.83786595
  vertex -0.5924609 -0.63145286 0.83786595
  vertex -0.6440645 -0.63145286 0.9108444
 endloop
endfacet
facet normal 0 1 0
 outer loop
  vertex -0.32063758 -0.63145286 0.83786595
  vertex -0.6440645 -0.63145286 0.9108444
  vertex -0.34856525 -0.63145286 0.9108444
 endloop
endfacet
facet normal 0 1 0
 outer loop
  vertex -2.3713694e-07 -0.63145286 -0.83786595
  vertex 0.3206371 -0.63145286 -0.83786595
  vertex 0.3485647 -0.63145286 -0.9108444
 endloop
endfacet
facet normal 0 1 -0
 outer loop
  vertex -2.3713694e-07 -0.63145286 -0.83786595
  vertex 0.3485647 -0.63145286 -0.9108444
  vertex -2.435148e-07 -0.63145286 -0.9108444
 endloop
endfacet
facet normal -0 1 0
 outer loop
  vertex -2.3713694e-07 -0.63145286 0.83786595
  vertex -0.32063758 -0.63145286 0.83786595
  vertex -0.34856525 -0.63145286 0.9108444
 endloop
endfacet
facet normal 0 1 0
 outer loop
  vertex -2.3713694e-07 -0.63145286 0.83786595
  vertex -0.34856525 -0.63145286 0.9108444
  vertex -2.435148e-07 -0.63145286 0.9108444
 endloop
endfacet
facet normal 0 1 -0
 outer loop
  vertex -0.32063758 -0.63145286 -0.83786595
  vertex -2.3713694e-07 -0.63145286 -0.83786595
  vertex -2.435148e-07 -0.63145286 -0.9108444
 endloop
endfacet
facet normal 0 1 -0
 outer loop
  vertex -0.32063758 -0.63145286 -0.83786595
  vertex -2.435148e-07 -0.63145286 -0.9108444
  vertex -0.34856525 -0.63145286 -0.9108444
 endloop
endfacet
facet normal -0 1 0
 outer loop
  vertex 0.3206371 -0.63145286 0.83786595
  vertex -2.3713694e-07 -0.63145286 0.83786595
  vertex -2.435148e-07 -0.63145286 0.9108444
 endloop
endfacet
facet normal 0 1 0
 outer loop
  vertex 0.3206371 -0.63145286 0.83786595
  vertex -2.435148e-07 -0.63145286 0.9108444
  vertex 0.3485647 -0.63145286 0.9108444
 endloop
endfacet
facet normal 0 1 -0
 outer loop
  vertex -0.5924609 -0.63145286 -0.83786595
  vertex -0.32063758 -0.63145286 -0.83786595
  vertex -0.34856525 -0.63145286 -0.9108444
 endloop
endfacet
facet normal 0 1 -0
 outer loop
  vertex -0.5924609 -0.63145286 -0.83786595
  vertex -0.34856525 -0.63145286 -0.9108444
  vertex -0.6440645 -0.63145286 -0.9108444
 endloop
endfacet
facet normal -0 1 0
 outer loop
  vertex 0.5924605 -0.63145286 0.83786595
  vertex 0.3206371 -0.63145286 0.83786595
  vertex 0.3485647 -0.63145286 0.9108444
 endloop
endfacet
facet normal 0 1 0
 outer loop
  vertex 0.5924605 -0.63145286 0.83786595
  vertex 0.3485647 -0.63145286 0.9108444
  vertex 0.64406407 -0.63145286 0.9108444
 endloop
endfacet
facet normal 0 1 -0
 outer loop
  vertex -0.77408713 -0.63145286 -0.45344973
  vertex -0.5924609 -0.63145286 -0.83786595
  vertex -0.6440645 -0.63145286 -0.9108444
 endloop
endfacet
facet normal -0 1 -0
 outer loop
  vertex -0.77408713 -0.63145286 -0.45344973
  vertex -0.6440645 -0.63145286 -0.9108444
  vertex -0.84151036 -0.63145286 -0.4929454
 endloop
endfacet
facet normal 0 1 0
 outer loop
  vertex 0.7786333 -0.63145286 0.42112735
  vertex 0.77408713 -0.63145286 0.45344982
  vertex 0.8415105 -0.63145286 0.49294546
 endloop
endfacet
facet normal 0 1 0
 outer loop
  vertex 0.7786333 -0.63145286 0.42112735
  vertex 0.8415105 -0.63145286 0.49294546
  vertex 0.84645265 -0.63145286 0.45780772
 endloop
endfacet
facet normal -0 -1 -0
 outer loop
  vertex 0.3485647 -0.66609865 -0.9108444
  vertex 0.64406407 -0.66609865 -0.9108444
  vertex 0.59003973 -0.66609865 -0.8344424
 endloop
endfacet
facet normal 0 -1 -0
 outer loop
  vertex 0.3485647 -0.66609865 -0.9108444
  vertex 0.59003973 -0.66609865 -0.8344424
  vertex 0.31932697 -0.66609865 -0.8344424
 endloop
endfacet
facet normal 0 0 -1
 outer loop
  vertex -0.6440645 -0.63145286 -0.9108444
  vertex -0.34856525 -0.63145286 -0.9108444
  vertex -0.34856525 -0.66609865 -0.9108444
 endloop
endfacet
facet normal 0 0 -1
 outer loop
  vertex -0.6440645 -0.63145286 -0.9108444
  vertex -0.34856525 -0.66609865 -0.9108444
  vertex -0.6440645 -0.66609865 -0.9108444
 endloop
endfacet
facet normal 0 0 1
 outer loop
  vertex 0.64406407 -0.63145286 0.9108444
  vertex 0.3485647 -0.63145286 0.9108444
  vertex 0.3485647 -0.66609865 0.9108444
 endloop
endfacet
facet normal 0 -0 1
 outer loop
  vertex 0.64406407 -0.63145286 0.9108444
  vertex 0.3485647 -0.66609865 0.9108444
  vertex 0.64406407 -0.66609865 0.9108444
 endloop
endfacet
facet normal -0.9041612 0 -0.4271915
 outer loop
  vertex -0.84151036 -0.63145286 -0.4929454
  vertex -0.6440645 -0.63145286 -0.9108444
  vertex -0.6440645 -0.66609865 -0.9108444
 endloop
endfacet
facet normal -0.9041612 0 -0.4271915
 outer loop
  vertex -0.84151036 -0.63145286 -0.4929454
  vertex -0.6440645 -0.66609865 -0.9108444
  vertex -0.84151036 -0.66609865 -0.4929454
 endloop
endfacet
facet normal 0.9902529 -0 0.13928063
 outer loop
  vertex 0.84645265 -0.63145286 0.45780772
  vertex 0.8415105 -0.63145286 0.49294546
  vertex 0.8415105 -0.66609865 0.49294546
 endloop
endfacet
facet normal 0.9902529 0 0.13928063
 outer loop
  vertex 0.84645265 -0.63145286 0.45780772
  vertex 0.8415105 -0.66609865 0.49294546
  vertex 0.84645265 -0.66609865 0.45780772
 endloop
endfacet
facet normal 0.90416074 -0 0.4271925
 outer loop
  vertex 0.8415105 -0.63145286 0.49294546
  vertex 0.64406407 -0.63145286 0.9108444
  vertex 0.64406407 -0.66609865 0.9108444
 endloop
endfacet
facet normal 0.90416074 0 0.4271925
 outer loop
  vertex 0.8415105 -0.63145286 0.49294546
  vertex 0.64406407 -0.66609865 0.9108444
  vertex 0.8415105 -0.66609865 0.49294546
 endloop
endfacet
facet normal -0.99025273 0 -0.13928218
 outer loop
  vertex -0.9108447 -0.63145286 -1.2376889e-08
  vertex -0.84151036 -0.63145286 -0.4929454
  vertex -0.84151036 -0.66609865 -0.4929454
 endloop
endfacet
facet normal -0.99025273 0 -0.13928218
 outer loop
  vertex -0.9108447 -0.63145286 -1.2376889e-08
  vertex -0.84151036 -0.66609865 -0.4929454
  vertex -0.9108447 -0.66609865 -1.1880012e-08
 endloop
endfacet
facet normal 0.99025303 -1.9975106e-09 -0.13928057
 outer loop
  vertex 0.9067926 -0.63145286 -0.028806144
  vertex 0.9108442 -0.63145286 -1.2376889e-08
  vertex 0.9108442 -0.66609865 -1.1880012e-08
 endloop
endfacet
facet normal 0.99025303 0 -0.13928056
 outer loop
  vertex 0.9067926 -0.63145286 -0.028806144
  vertex 0.9108442 -0.66609865 -1.1880012e-08
  vertex 0.9067926 -0.66609865 -0.028806144
 endloop
endfacet
facet normal -0.99025273 1.9975332e-09 0.13928217
 outer loop
  vertex -0.84151036 -0.63145286 0.49294546
  vertex -0.9108447 -0.63145286 -1.2376889e-08
  vertex -0.9108447 -0.66609865 -1.1880012e-08
 endloop
endfacet
facet normal -0.99025273 0 0.13928217
 outer loop
  vertex -0.84151036 -0.63145286 0.49294546
  vertex -0.9108447 -0.66609865 -1.1880012e-08
  vertex -0.84151036 -0.66609865 0.49294546
 endloop
endfacet
facet normal 0.9041608 0 -0.42719245
 outer loop
  vertex 0.64406407 -0.63145286 -0.9108444
  vertex 0.8415105 -0.63145286 -0.4929454
  vertex 0.8415105 -0.66609865 -0.4929454
 endloop
endfacet
facet normal 0.9041608 0 -0.42719245
 outer loop
  vertex 0.64406407 -0.63145286 -0.9108444
  vertex 0.8415105 -0.66609865 -0.4929454
  vertex 0.64406407 -0.66609865 -0.9108444
 endloop
endfacet
facet normal -0.90416116 0 0.42719153
 outer loop
  vertex -0.6440645 -0.63145286 0.9108444
  vertex -0.84151036 -0.63145286 0.49294546
  vertex -0.84151036 -0.66609865 0.49294546
 endloop
endfacet
facet normal -0.90416116 0 0.42719153
 outer loop
  vertex -0.6440645 -0.63145286 0.9108444
  vertex -0.84151036 -0.66609865 0.49294546
  vertex -0.6440645 -0.66609865 0.9108444
 endloop
endfacet
facet normal 0 0 -1
 outer loop
  vertex 0.3485647 -0.63145286 -0.9108444
  vertex 0.64406407 -0.63145286 -0.9108444
  vertex 0.64406407 -0.66609865 -0.9108444
 endloop
endfacet
facet normal 0 0 -1
 outer loop
  vertex 0.3485647 -0.63145286 -0.9108444
  vertex 0.64406407 -0.66609865 -0.9108444
  vertex 0.3485647 -0.66609865 -0.9108444
 endloop
endfacet
facet normal 0 0 1
 outer loop
  vertex -0.34856525 -0.63145286 0.9108444
  vertex -0.6440645 -0.63145286 0.9108444
  vertex -0.6440645 -0.66609865 0.9108444
 endloop
endfacet
facet normal 0 -0 1
 outer loop
  vertex -0.34856525 -0.63145286 0.9108444
  vertex -0.6440645 -0.66609865 0.9108444
  vertex -0.34856525 -0.66609865 0.9108444
 endloop
endfacet
facet normal 0 0 -1
 outer loop
  vertex -2.435148e-07 -0.63145286 -0.9108444
  vertex 0.3485647 -0.63145286 -0.9108444
  vertex 0.3485647 -0.66609865 -0.9108444
 endloop
endfacet
facet normal 0 0 -1
 outer loop
  vertex -2.435148e-07 -0.63145286 -0.9108444
  vertex 0.3485647 -0.66609865 -0.9108444
  vertex -2.435148e-07 -0.66609865 -0.9108444
 endloop
endfacet
facet normal 0 0 1
 outer loop
  vertex -2.435148e-07 -0.63145286 0.9108444
  vertex -0.34856525 -0.63145286 0.9108444
  vertex -0.34856525 -0.66609865 0.9108444
 endloop
endfacet
facet normal 0 -0 1
 outer loop
  vertex -2.435148e-07 -0.63145286 0.9108444
  vertex -0.34856525 -0.66609865 0.9108444
  vertex -2.435148e-07 -0.66609865 0.9108444
 endloop
endfacet
facet normal 0 0 -1
 outer loop
  vertex -0.34856525 -0.63145286 -0.9108444
  vertex -2.435148e-07 -0.63145286 -0.9108444
  vertex -2.435148e-07 -0.66609865 -0.9108444
 endloop
endfacet
facet normal 0 0 -1
 outer loop
  vertex -0.34856525 -0.63145286 -0.9108444
  vertex -2.435148e-07 -0.66609865 -0.9108444
  vertex -0.34856525 -0.66609865 -0.9108444
 endloop
endfacet
facet normal -0.99025273 0 -0.13928215
 outer loop
  vertex -0.8344426 -0.66609865 -9.396166e-09
  vertex -0.7709241 -0.66609865 -0.45159695
  vertex -0.7709241 -0.6864785 -0.45159695
 endloop
endfacet
facet normal -0.99025273 0 -0.13928215
 outer loop
  vertex -0.8344426 -0.66609865 -9.396166e-09
  vertex -0.7709241 -0.6864785 -0.45159695
  vertex -0.8344426 -0.6864785 -1.0100964e-08
 endloop
endfacet
facet normal 0 -1 0
 outer loop
  vertex -0.34856525 -0.66609865 0.9108444
  vertex -0.6440645 -0.66609865 0.9108444
  vertex -0.59004015 -0.66609865 0.8344424
 endloop
endfacet
facet normal 0 -1 0
 outer loop
  vertex -0.34856525 -0.66609865 0.9108444
  vertex -0.59004015 -0.66609865 0.8344424
  vertex -0.3193275 -0.66609865 0.8344424
 endloop
endfacet
facet normal -0 -1 -0
 outer loop
  vertex -2.435148e-07 -0.66609865 -0.9108444
  vertex 0.3485647 -0.66609865 -0.9108444
  vertex 0.31932697 -0.66609865 -0.8344424
 endloop
endfacet
facet normal 0 -1 -0
 outer loop
  vertex -2.435148e-07 -0.66609865 -0.9108444
  vertex 0.31932697 -0.66609865 -0.8344424
  vertex -2.314267e-07 -0.66609865 -0.8344424
 endloop
endfacet
facet normal 0 -1 0
 outer loop
  vertex -2.435148e-07 -0.66609865 0.9108444
  vertex -0.34856525 -0.66609865 0.9108444
  vertex -0.3193275 -0.66609865 0.8344424
 endloop
endfacet
facet normal 0 -1 0
 outer loop
  vertex -2.435148e-07 -0.66609865 0.9108444
  vertex -0.3193275 -0.66609865 0.8344424
  vertex -2.314267e-07 -0.66609865 0.8344424
 endloop
endfacet
facet normal -0 -1 0
 outer loop
  vertex -0.34856525 -0.66609865 -0.9108444
  vertex -2.435148e-07 -0.66609865 -0.9108444
  vertex -2.314267e-07 -0.66609865 -0.8344424
 endloop
endfacet
facet normal 0 -1 -0
 outer loop
  vertex -0.34856525 -0.66609865 -0.9108444
  vertex -2.314267e-07 -0.66609865 -0.8344424
  vertex -0.3193275 -0.66609865 -0.8344424
 endloop
endfacet
facet normal 0 -1 0
 outer loop
  vertex 0.3485647 -0.66609865 0.9108444
  vertex -2.435148e-07 -0.66609865 0.9108444
  vertex -2.314267e-07 -0.66609865 0.8344424
 endloop
endfacet
facet normal 0 -1 0
 outer loop
  vertex 0.3485647 -0.66609865 0.9108444
  vertex -2.314267e-07 -0.66609865 0.8344424
  vertex 0.31932697 -0.66609865 0.8344424
 endloop
endfacet
facet normal -0 -1 0
 outer loop
  vertex -0.6440645 -0.66609865 -0.9108444
  vertex -0.34856525 -0.66609865 -0.9108444
  vertex -0.3193275 -0.66609865 -0.8344424
 endloop
endfacet
facet normal 0 -1 -0
 outer loop
  vertex -0.6440645 -0.66609865 -0.9108444
  vertex -0.3193275 -0.66609865 -0.8344424
  vertex -0.59004015 -0.66609865 -0.8344424
 endloop
endfacet
facet normal 0 -1 0
 outer loop
  vertex 0.64406407 -0.66609865 0.9108444
  vertex 0.3485647 -0.66609865 0.9108444
  vertex 0.31932697 -0.66609865 0.8344424
 endloop
endfacet
facet normal 0 -1 0
 outer loop
  vertex 0.64406407 -0.66609865 0.9108444
  vertex 0.31932697 -0.66609865 0.8344424
  vertex 0.59003973 -0.66609865 0.8344424
 endloop
endfacet
facet normal -0 -1 0
 outer loop
  vertex -0.84151036 -0.66609865 -0.4929454
  vertex -0.6440645 -0.66609865 -0.9108444
  vertex -0.59004015 -0.66609865 -0.8344424
 endloop
endfacet
facet normal -0 -1 -0
 outer loop
  vertex -0.84151036 -0.66609865 -0.4929454
  vertex -0.59004015 -0.66609865 -0.8344424
  vertex -0.7709241 -0.66609865 -0.45159695
 endloop
endfacet
facet normal 0 -1 0
 outer loop
  vertex 0.84645265 -0.66609865 0.45780772
  vertex 0.8415105 -0.66609865 0.49294546
  vertex 0.77092427 -0.66609865 0.451597
 endloop
endfacet
facet normal 0 -1 0
 outer loop
  vertex 0.84645265 -0.66609865 0.45780772
  vertex 0.77092427 -0.66609865 0.451597
  vertex 0.77545184 -0.66609865 0.41940662
 endloop
endfacet
facet normal 0 -1 0
 outer loop
  vertex 0.8415105 -0.66609865 0.49294546
  vertex 0.64406407 -0.66609865 0.9108444
  vertex 0.59003973 -0.66609865 0.8344424
 endloop
endfacet
facet normal 0 -1 0
 outer loop
  vertex 0.8415105 -0.66609865 0.49294546
  vertex 0.59003973 -0.66609865 0.8344424
  vertex 0.77092427 -0.66609865 0.451597
 endloop
endfacet
facet normal -0 -1 0
 outer loop
  vertex -0.9108447 -0.66609865 -1.1880012e-08
  vertex -0.84151036 -0.66609865 -0.4929454
  vertex -0.7709241 -0.66609865 -0.45159695
 endloop
endfacet
facet normal -0 -1 -0
 outer loop
  vertex -0.9108447 -0.66609865 -1.1880012e-08
  vertex -0.7709241 -0.66609865 -0.45159695
  vertex -0.8344426 -0.66609865 -9.396166e-09
 endloop
endfacet
facet normal 0 -1 -0
 outer loop
  vertex 0.9067926 -0.66609865 -0.028806144
  vertex 0.9108442 -0.66609865 -1.1880012e-08
  vertex 0.83444226 -0.66609865 -9.396166e-09
 endloop
endfacet
facet normal 0 -1 0
 outer loop
  vertex 0.9067926 -0.66609865 -0.028806144
  vertex 0.83444226 -0.66609865 -9.396166e-09
  vertex 0.8307305 -0.66609865 -0.026389873
 endloop
endfacet
facet normal -0 -1 0
 outer loop
  vertex -0.84151036 -0.66609865 0.49294546
  vertex -0.9108447 -0.66609865 -1.1880012e-08
  vertex -0.8344426 -0.66609865 -9.396166e-09
 endloop
endfacet
facet normal -0 -1 0
 outer loop
  vertex -0.84151036 -0.66609865 0.49294546
  vertex -0.8344426 -0.66609865 -9.396166e-09
  vertex -0.7709241 -0.66609865 0.451597
 endloop
endfacet
facet normal 0 -1 -0
 outer loop
  vertex 0.64406407 -0.66609865 -0.9108444
  vertex 0.8415105 -0.66609865 -0.4929454
  vertex 0.77092427 -0.66609865 -0.45159695
 endloop
endfacet
facet normal 0 -1 -0
 outer loop
  vertex 0.64406407 -0.66609865 -0.9108444
  vertex 0.77092427 -0.66609865 -0.45159695
  vertex 0.59003973 -0.66609865 -0.8344424
 endloop
endfacet
facet normal 0 -1 0
 outer loop
  vertex -0.6440645 -0.66609865 0.9108444
  vertex -0.84151036 -0.66609865 0.49294546
  vertex -0.7709241 -0.66609865 0.451597
 endloop
endfacet
facet normal -0 -1 0
 outer loop
  vertex -0.6440645 -0.66609865 0.9108444
  vertex -0.7709241 -0.66609865 0.451597
  vertex -0.59004015 -0.66609865 0.8344424
 endloop
endfacet
facet normal 0 -1 -1.01176994e-07
 outer loop
  vertex 0.31932697 -0.6864785 0.8344424
  vertex -2.314267e-07 -0.6864785 0.8344424
  vertex -1.8376217e-07 -0.68647844 0.24532974
 endloop
endfacet
facet normal -0 -1 -1.01176994e-07
 outer loop
  vertex 0.31932697 -0.6864785 0.8344424
  vertex -1.8376217e-07 -0.68647844 0.24532974
  vertex 0.09388342 -0.68647844 0.24532974
 endloop
endfacet
facet normal 0.9902531 4.816736e-09 -0.13928007
 outer loop
  vertex 0.8307305 -0.66609865 -0.026389873
  vertex 0.83444226 -0.66609865 -9.396166e-09
  vertex 0.83444226 -0.6864785 -1.0100964e-08
 endloop
endfacet
facet normal 0.9902531 1.2057038e-07 -0.13927996
 outer loop
  vertex 0.8307305 -0.66609865 -0.026389873
  vertex 0.83444226 -0.6864785 -1.0100964e-08
  vertex 0.8307305 -0.6864785 -0.026389891
 endloop
endfacet
facet normal -0.99025273 -4.8168074e-09 0.13928214
 outer loop
  vertex -0.7709241 -0.66609865 0.451597
  vertex -0.8344426 -0.66609865 -9.396166e-09
  vertex -0.8344426 -0.6864785 -1.0100964e-08
 endloop
endfacet
facet normal -0.99025273 0 0.13928214
 outer loop
  vertex -0.7709241 -0.66609865 0.451597
  vertex -0.8344426 -0.6864785 -1.0100964e-08
  vertex -0.7709241 -0.6864785 0.451597
 endloop
endfacet
facet normal 0.9041607 0 -0.42719248
 outer loop
  vertex 0.59003973 -0.66609865 -0.8344424
  vertex 0.77092427 -0.66609865 -0.45159695
  vertex 0.77092427 -0.6864785 -0.45159695
 endloop
endfacet
facet normal 0.9041607 0 -0.42719248
 outer loop
  vertex 0.59003973 -0.66609865 -0.8344424
  vertex 0.77092427 -0.6864785 -0.45159695
  vertex 0.59003973 -0.6864785 -0.8344424
 endloop
endfacet
facet normal -0.9041613 0 0.4271914
 outer loop
  vertex -0.59004015 -0.66609865 0.8344424
  vertex -0.7709241 -0.66609865 0.451597
  vertex -0.7709241 -0.6864785 0.451597
 endloop
endfacet
facet normal -0.9041613 0 0.4271914
 outer loop
  vertex -0.59004015 -0.66609865 0.8344424
  vertex -0.7709241 -0.6864785 0.451597
  vertex -0.59004015 -0.6864785 0.8344424
 endloop
endfacet
facet normal 0 0 -1
 outer loop
  vertex 0.31932697 -0.66609865 -0.8344424
  vertex 0.59003973 -0.66609865 -0.8344424
  vertex 0.59003973 -0.6864785 -0.8344424
 endloop
endfacet
facet normal 0 0 -1
 outer loop
  vertex 0.31932697 -0.66609865 -0.8344424
  vertex 0.59003973 -0.6864785 -0.8344424
  vertex 0.31932697 -0.6864785 -0.8344424
 endloop
endfacet
facet normal 0 0 1
 outer loop
  vertex -0.3193275 -0.66609865 0.8344424
  vertex -0.59004015 -0.66609865 0.8344424
  vertex -0.59004015 -0.6864785 0.8344424
 endloop
endfacet
facet normal 0 -0 1
 outer loop
  vertex -0.3193275 -0.66609865 0.8344424
  vertex -0.59004015 -0.6864785 0.8344424
  vertex -0.3193275 -0.6864785 0.8344424
 endloop
endfacet
facet normal 0 0 -1
 outer loop
  vertex -2.314267e-07 -0.66609865 -0.8344424
  vertex 0.31932697 -0.66609865 -0.8344424
  vertex 0.31932697 -0.6864785 -0.8344424
 endloop
endfacet
facet normal 0 0 -1
 outer loop
  vertex -2.314267e-07 -0.66609865 -0.8344424
  vertex 0.31932697 -0.6864785 -0.8344424
  vertex -2.314267e-07 -0.6864785 -0.8344424
 endloop
endfacet
facet normal 0 0 1
 outer loop
  vertex -2.314267e-07 -0.66609865 0.8344424
  vertex -0.3193275 -0.66609865 0.8344424
  vertex -0.3193275 -0.6864785 0.8344424
 endloop
endfacet
facet normal 0 -0 1
 outer loop
  vertex -2.314267e-07 -0.66609865 0.8344424
  vertex -0.3193275 -0.6864785 0.8344424
  vertex -2.314267e-07 -0.6864785 0.8344424
 endloop
endfacet
facet normal 0 0 -1
 outer loop
  vertex -0.3193275 -0.66609865 -0.8344424
  vertex -2.314267e-07 -0.66609865 -0.8344424
  vertex -2.314267e-07 -0.6864785 -0.8344424
 endloop
endfacet
facet normal 0 0 -1
 outer loop
  vertex -0.3193275 -0.66609865 -0.8344424
  vertex -2.314267e-07 -0.6864785 -0.8344424
  vertex -0.3193275 -0.6864785 -0.8344424
 endloop
endfacet
facet normal 0 0 1
 outer loop
  vertex 0.31932697 -0.66609865 0.8344424
  vertex -2.314267e-07 -0.66609865 0.8344424
  vertex -2.314267e-07 -0.6864785 0.8344424
 endloop
endfacet
facet normal 0 -0 1
 outer loop
  vertex 0.31932697 -0.66609865 0.8344424
  vertex -2.314267e-07 -0.6864785 0.8344424
  vertex 0.31932697 -0.6864785 0.8344424
 endloop
endfacet
facet normal 0 0 -1
 outer loop
  vertex -0.59004015 -0.66609865 -0.8344424
  vertex -0.3193275 -0.66609865 -0.8344424
  vertex -0.3193275 -0.6864785 -0.8344424
 endloop
endfacet
facet normal 0 0 -1
 outer loop
  vertex -0.59004015 -0.66609865 -0.8344424
  vertex -0.3193275 -0.6864785 -0.8344424
  vertex -0.59004015 -0.6864785 -0.8344424
 endloop
endfacet
facet normal 0 0 1
 outer loop
  vertex 0.59003973 -0.66609865 0.8344424
  vertex 0.31932697 -0.66609865 0.8344424
  vertex 0.31932697 -0.6864785 0.8344424
 endloop
endfacet
facet normal 0 -0 1
 outer loop
  vertex 0.59003973 -0.66609865 0.8344424
  vertex 0.31932697 -0.6864785 0.8344424
  vertex 0.59003973 -0.6864785 0.8344424
 endloop
endfacet
facet normal -0.9041613 0 -0.42719135
 outer loop
  vertex -0.7709241 -0.66609865 -0.45159695
  vertex -0.59004015 -0.66609865 -0.8344424
  vertex -0.59004015 -0.6864785 -0.8344424
 endloop
endfacet
facet normal -0.9041613 0 -0.42719135
 outer loop
  vertex -0.7709241 -0.66609865 -0.45159695
  vertex -0.59004015 -0.6864785 -0.8344424
  vertex -0.7709241 -0.6864785 -0.45159695
 endloop
endfacet
facet normal 0.99025327 -0 0.13927884
 outer loop
  vertex 0.77545184 -0.66609865 0.41940662
  vertex 0.77092427 -0.66609865 0.451597
  vertex 0.77092427 -0.6864785 0.451597
 endloop
endfacet
facet normal 0.99025327 0 0.13927884
 outer loop
  vertex 0.77545184 -0.66609865 0.41940662
  vertex 0.77092427 -0.6864785 0.451597
  vertex 0.77545184 -0.6864785 0.41940662
 endloop
endfacet
facet normal 0.9041607 -0 0.42719254
 outer loop
  vertex 0.77092427 -0.66609865 0.451597
  vertex 0.59003973 -0.66609865 0.8344424
  vertex 0.59003973 -0.6864785 0.8344424
 endloop
endfacet
facet normal 0.9041607 0 0.42719254
 outer loop
  vertex 0.77092427 -0.66609865 0.451597
  vertex 0.59003973 -0.6864785 0.8344424
  vertex 0.77092427 -0.6864785 0.451597
 endloop
endfacet
facet normal -0 -0.97350806 -0.22865269
 outer loop
  vertex 0.09388342 -0.68647844 -0.24532974
  vertex 0.17347413 -0.68647844 -0.24532974
  vertex 0.07632851 -0.71874666 -0.10794505
 endloop
endfacet
facet normal 0 -0.973508 -0.22865267
 outer loop
  vertex 0.09388342 -0.68647844 -0.24532974
  vertex 0.07632851 -0.71874666 -0.10794505
  vertex 0.0413086 -0.71874666 -0.10794505
 endloop
endfacet
facet normal 0 -1 1.0117699e-07
 outer loop
  vertex -0.59004015 -0.6864785 -0.8344424
  vertex -0.3193275 -0.6864785 -0.8344424
  vertex -0.09388378 -0.68647844 -0.24532974
 endloop
endfacet
facet normal 0 -1 1.01176994e-07
 outer loop
  vertex -0.59004015 -0.6864785 -0.8344424
  vertex -0.09388378 -0.68647844 -0.24532974
  vertex -0.17347452 -0.68647844 -0.24532974
 endloop
endfacet
facet normal 0 -1 -1.01176994e-07
 outer loop
  vertex 0.59003973 -0.6864785 0.8344424
  vertex 0.31932697 -0.6864785 0.8344424
  vertex 0.09388342 -0.68647844 0.24532974
 endloop
endfacet
facet normal -0 -1 -1.01176994e-07
 outer loop
  vertex 0.59003973 -0.6864785 0.8344424
  vertex 0.09388342 -0.68647844 0.24532974
  vertex 0.17347413 -0.68647844 0.24532974
 endloop
endfacet
facet normal 8.577378e-08 -1 4.052575e-08
 outer loop
  vertex -0.7709241 -0.6864785 -0.45159695
  vertex -0.59004015 -0.6864785 -0.8344424
  vertex -0.17347452 -0.68647844 -0.24532974
 endloop
endfacet
facet normal 8.57738e-08 -1 4.052575e-08
 outer loop
  vertex -0.7709241 -0.6864785 -0.45159695
  vertex -0.17347452 -0.68647844 -0.24532974
  vertex -0.22665522 -0.68647844 -0.13277143
 endloop
endfacet
facet normal -1.01177086e-07 -1 -1.42305305e-08
 outer loop
  vertex 0.77545184 -0.6864785 0.41940662
  vertex 0.77092427 -0.6864785 0.451597
  vertex 0.22665498 -0.68647844 0.13277154
 endloop
endfacet
facet normal -1.0117696e-07 -1 -1.4230783e-08
 outer loop
  vertex 0.77545184 -0.6864785 0.41940662
  vertex 0.22665498 -0.68647844 0.13277154
  vertex 0.22798613 -0.68647844 0.12330742
 endloop
endfacet
facet normal -8.577367e-08 -1 -4.052584e-08
 outer loop
  vertex 0.77092427 -0.6864785 0.451597
  vertex 0.59003973 -0.6864785 0.8344424
  vertex 0.17347413 -0.68647844 0.24532974
 endloop
endfacet
facet normal -8.577367e-08 -1 -4.0525844e-08
 outer loop
  vertex 0.77092427 -0.6864785 0.451597
  vertex 0.17347413 -0.68647844 0.24532974
  vertex 0.22665498 -0.68647844 0.13277154
 endloop
endfacet
facet normal 1.0117699e-07 -1 1.423086e-08
 outer loop
  vertex -0.8344426 -0.6864785 -1.0100964e-08
  vertex -0.7709241 -0.6864785 -0.45159695
  vertex -0.22665522 -0.68647844 -0.13277143
 endloop
endfacet
facet normal 1.0117699e-07 -1 1.4230856e-08
 outer loop
  vertex -0.8344426 -0.6864785 -1.0100964e-08
  vertex -0.22665522 -0.68647844 -0.13277143
  vertex -0.24532993 -0.68647844 2.8590735e-08
 endloop
endfacet
facet normal -1.0117699e-07 -1 1.4230632e-08
 outer loop
  vertex 0.8307305 -0.6864785 -0.026389891
  vertex 0.83444226 -0.6864785 -1.0100964e-08
  vertex 0.24532954 -0.68647844 2.8590735e-08
 endloop
endfacet
facet normal -1.0117697e-07 -1 1.4230804e-08
 outer loop
  vertex 0.8307305 -0.6864785 -0.026389891
  vertex 0.24532954 -0.68647844 2.8590735e-08
  vertex 0.24423826 -0.68647844 -0.0077587087
 endloop
endfacet
facet normal 1.0117699e-07 -1 -1.4230858e-08
 outer loop
  vertex -0.7709241 -0.6864785 0.451597
  vertex -0.8344426 -0.6864785 -1.0100964e-08
  vertex -0.24532993 -0.68647844 2.8590735e-08
 endloop
endfacet
facet normal 1.0117698e-07 -1 -1.423085e-08
 outer loop
  vertex -0.7709241 -0.6864785 0.451597
  vertex -0.24532993 -0.68647844 2.8590735e-08
  vertex -0.22665522 -0.68647844 0.13277154
 endloop
endfacet
facet normal -8.5773664e-08 -1 4.0525833e-08
 outer loop
  vertex 0.59003973 -0.6864785 -0.8344424
  vertex 0.77092427 -0.6864785 -0.45159695
  vertex 0.22665498 -0.68647844 -0.13277143
 endloop
endfacet
facet normal -8.577369e-08 -1 4.0525816e-08
 outer loop
  vertex 0.59003973 -0.6864785 -0.8344424
  vertex 0.22665498 -0.68647844 -0.13277143
  vertex 0.17347413 -0.68647844 -0.24532974
 endloop
endfacet
facet normal 8.5773785e-08 -1 -4.0525762e-08
 outer loop
  vertex -0.59004015 -0.6864785 0.8344424
  vertex -0.7709241 -0.6864785 0.451597
  vertex -0.22665522 -0.68647844 0.13277154
 endloop
endfacet
facet normal 8.5773756e-08 -1 -4.0525773e-08
 outer loop
  vertex -0.59004015 -0.6864785 0.8344424
  vertex -0.22665522 -0.68647844 0.13277154
  vertex -0.17347452 -0.68647844 0.24532974
 endloop
endfacet
facet normal 0 -1 1.01176994e-07
 outer loop
  vertex 0.31932697 -0.6864785 -0.8344424
  vertex 0.59003973 -0.6864785 -0.8344424
  vertex 0.17347413 -0.68647844 -0.24532974
 endloop
endfacet
facet normal 0 -1 1.01176994e-07
 outer loop
  vertex 0.31932697 -0.6864785 -0.8344424
  vertex 0.17347413 -0.68647844 -0.24532974
  vertex 0.09388342 -0.68647844 -0.24532974
 endloop
endfacet
facet normal 0 -1 -1.0117699e-07
 outer loop
  vertex -0.3193275 -0.6864785 0.8344424
  vertex -0.59004015 -0.6864785 0.8344424
  vertex -0.17347452 -0.68647844 0.24532974
 endloop
endfacet
facet normal -0 -1 -1.01176994e-07
 outer loop
  vertex -0.3193275 -0.6864785 0.8344424
  vertex -0.17347452 -0.68647844 0.24532974
  vertex -0.09388378 -0.68647844 0.24532974
 endloop
endfacet
facet normal 0 -1 1.01176994e-07
 outer loop
  vertex -2.314267e-07 -0.6864785 -0.8344424
  vertex 0.31932697 -0.6864785 -0.8344424
  vertex 0.09388342 -0.68647844 -0.24532974
 endloop
endfacet
facet normal 0 -1 1.01176994e-07
 outer loop
  vertex -2.314267e-07 -0.6864785 -0.8344424
  vertex 0.09388342 -0.68647844 -0.24532974
  vertex -1.8376217e-07 -0.68647844 -0.24532974
 endloop
endfacet
facet normal 0 -1 -1.01176994e-07
 outer loop
  vertex -2.314267e-07 -0.6864785 0.8344424
  vertex -0.3193275 -0.6864785 0.8344424
  vertex -0.09388378 -0.68647844 0.24532974
 endloop
endfacet
facet normal -0 -1 -1.0117699e-07
 outer loop
  vertex -2.314267e-07 -0.6864785 0.8344424
  vertex -0.09388378 -0.68647844 0.24532974
  vertex -1.8376217e-07 -0.68647844 0.24532974
 endloop
endfacet
facet normal 0 -1 1.01176994e-07
 outer loop
  vertex -0.3193275 -0.6864785 -0.8344424
  vertex -2.314267e-07 -0.6864785 -0.8344424
  vertex -1.8376217e-07 -0.68647844 -0.24532974
 endloop
endfacet
facet normal 0 -1 1.0117699e-07
 outer loop
  vertex -0.3193275 -0.6864785 -0.8344424
  vertex -1.8376217e-07 -0.68647844 -0.24532974
  vertex -0.09388378 -0.68647844 -0.24532974
 endloop
endfacet
facet normal -0 -1 0
 outer loop
  vertex -0.10794524 -0.71874666 1.6752246e-08
  vertex -0.09972837 -0.71874666 -0.05841941
  vertex -0.07300591 -0.71874666 -0.042765755
 endloop
endfacet
facet normal -0 -1 -0
 outer loop
  vertex -0.10794524 -0.71874666 1.6752246e-08
  vertex -0.07300591 -0.71874666 -0.042765755
  vertex -0.079021044 -0.71874666 1.6505792e-08
 endloop
endfacet
facet normal 0 -0.97350806 0.22865272
 outer loop
  vertex -0.09388378 -0.68647844 0.24532974
  vertex -0.17347452 -0.68647844 0.24532974
  vertex -0.076328866 -0.71874666 0.10794507
 endloop
endfacet
facet normal 0 -0.973508 0.22865273
 outer loop
  vertex -0.09388378 -0.68647844 0.24532974
  vertex -0.076328866 -0.71874666 0.10794507
  vertex -0.041308954 -0.71874666 0.10794507
 endloop
endfacet
facet normal -0 -0.97350806 -0.22865269
 outer loop
  vertex -1.8376217e-07 -0.68647844 -0.24532974
  vertex 0.09388342 -0.68647844 -0.24532974
  vertex 0.0413086 -0.71874666 -0.10794505
 endloop
endfacet
facet normal 0 -0.973508 -0.22865269
 outer loop
  vertex -1.8376217e-07 -0.68647844 -0.24532974
  vertex 0.0413086 -0.71874666 -0.10794505
  vertex -1.7577575e-07 -0.71874666 -0.10794505
 endloop
endfacet
facet normal 0 -0.97350806 0.22865272
 outer loop
  vertex -1.8376217e-07 -0.68647844 0.24532974
  vertex -0.09388378 -0.68647844 0.24532974
  vertex -0.041308954 -0.71874666 0.10794507
 endloop
endfacet
facet normal 0 -0.973508 0.22865272
 outer loop
  vertex -1.8376217e-07 -0.68647844 0.24532974
  vertex -0.041308954 -0.71874666 0.10794507
  vertex -1.7577575e-07 -0.71874666 0.10794507
 endloop
endfacet
facet normal -0 -0.97350806 -0.22865269
 outer loop
  vertex -0.09388378 -0.68647844 -0.24532974
  vertex -1.8376217e-07 -0.68647844 -0.24532974
  vertex -1.7577575e-07 -0.71874666 -0.10794505
 endloop
endfacet
facet normal 0 -0.97350806 -0.2286527
 outer loop
  vertex -0.09388378 -0.68647844 -0.24532974
  vertex -1.7577575e-07 -0.71874666 -0.10794505
  vertex -0.041308954 -0.71874666 -0.10794505
 endloop
endfacet
facet normal 0 -0.973508 0.2286527
 outer loop
  vertex 0.09388342 -0.68647844 0.24532974
  vertex -1.8376217e-07 -0.68647844 0.24532974
  vertex -1.7577575e-07 -0.71874666 0.10794507
 endloop
endfacet
facet normal 0 -0.973508 0.22865272
 outer loop
  vertex 0.09388342 -0.68647844 0.24532974
  vertex -1.7577575e-07 -0.71874666 0.10794507
  vertex 0.0413086 -0.71874666 0.10794507
 endloop
endfacet
facet normal -0 -0.97350806 -0.22865269
 outer loop
  vertex -0.17347452 -0.68647844 -0.24532974
  vertex -0.09388378 -0.68647844 -0.24532974
  vertex -0.041308954 -0.71874666 -0.10794505
 endloop
endfacet
facet normal 0 -0.9735081 -0.22865273
 outer loop
  vertex -0.17347452 -0.68647844 -0.24532974
  vertex -0.041308954 -0.71874666 -0.10794505
  vertex -0.076328866 -0.71874666 -0.10794505
 endloop
endfacet
facet normal 0 -0.97350806 0.22865273
 outer loop
  vertex 0.17347413 -0.68647844 0.24532974
  vertex 0.09388342 -0.68647844 0.24532974
  vertex 0.0413086 -0.71874666 0.10794507
 endloop
endfacet
facet normal 0 -0.9735081 0.22865272
 outer loop
  vertex 0.17347413 -0.68647844 0.24532974
  vertex 0.0413086 -0.71874666 0.10794507
  vertex 0.07632851 -0.71874666 0.10794507
 endloop
endfacet
facet normal -0.19445798 -0.9765987 -0.09187603
 outer loop
  vertex -0.22665522 -0.68647844 -0.13277143
  vertex -0.17347452 -0.68647844 -0.24532974
  vertex -0.076328866 -0.71874666 -0.10794505
 endloop
endfacet
facet normal -0.19445798 -0.9765987 -0.091876045
 outer loop
  vertex -0.22665522 -0.68647844 -0.13277143
  vertex -0.076328866 -0.71874666 -0.10794505
  vertex -0.09972837 -0.71874666 -0.05841941
 endloop
endfacet
facet normal 0.22853452 -0.973005 0.03214393
 outer loop
  vertex 0.22798613 -0.68647844 0.12330742
  vertex 0.22665498 -0.68647844 0.13277154
  vertex 0.09972807 -0.71874666 0.05841947
 endloop
endfacet
facet normal 0.22853455 -0.97300506 0.03214389
 outer loop
  vertex 0.22798613 -0.68647844 0.12330742
  vertex 0.09972807 -0.71874666 0.05841947
  vertex 0.100313775 -0.71874666 0.054255262
 endloop
endfacet
facet normal 0.19445774 -0.9765987 0.09187626
 outer loop
  vertex 0.22665498 -0.68647844 0.13277154
  vertex 0.17347413 -0.68647844 0.24532974
  vertex 0.07632851 -0.71874666 0.10794507
 endloop
endfacet
facet normal 0.19445772 -0.9765987 0.09187624
 outer loop
  vertex 0.22665498 -0.68647844 0.13277154
  vertex 0.07632851 -0.71874666 0.10794507
  vertex 0.09972807 -0.71874666 0.05841947
 endloop
endfacet
facet normal -0.22853453 -0.973005 -0.03214409
 outer loop
  vertex -0.24532993 -0.68647844 2.8590735e-08
  vertex -0.22665522 -0.68647844 -0.13277143
  vertex -0.09972837 -0.71874666 -0.05841941
 endloop
endfacet
facet normal -0.22853452 -0.97300506 -0.03214409
 outer loop
  vertex -0.24532993 -0.68647844 2.8590735e-08
  vertex -0.09972837 -0.71874666 -0.05841941
  vertex -0.10794524 -0.71874666 1.6752246e-08
 endloop
endfacet
facet normal 0.2285346 -0.97300506 -0.032143984
 outer loop
  vertex 0.24423826 -0.68647844 -0.0077587087
  vertex 0.24532954 -0.68647844 2.8590735e-08
  vertex 0.107944876 -0.71874666 1.6752246e-08
 endloop
endfacet
facet normal 0.22853455 -0.973005 -0.032144107
 outer loop
  vertex 0.24423826 -0.68647844 -0.0077587087
  vertex 0.107944876 -0.71874666 1.6752246e-08
  vertex 0.10746471 -0.71874666 -0.0034138246
 endloop
endfacet
facet normal -0.22853452 -0.973005 0.032144077
 outer loop
  vertex -0.22665522 -0.68647844 0.13277154
  vertex -0.24532993 -0.68647844 2.8590735e-08
  vertex -0.10794524 -0.71874666 1.6752246e-08
 endloop
endfacet
facet normal -0.22853455 -0.97300506 0.032144073
 outer loop
  vertex -0.22665522 -0.68647844 0.13277154
  vertex -0.10794524 -0.71874666 1.6752246e-08
  vertex -0.09972837 -0.71874666 0.05841947
 endloop
endfacet
facet normal 0.19445778 -0.9765986 -0.091876194
 outer loop
  vertex 0.17347413 -0.68647844 -0.24532974
  vertex 0.22665498 -0.68647844 -0.13277143
  vertex 0.09972807 -0.71874666 -0.05841941
 endloop
endfacet
facet normal 0.1944578 -0.9765987 -0.091876194
 outer loop
  vertex 0.17347413 -0.68647844 -0.24532974
  vertex 0.09972807 -0.71874666 -0.05841941
  vertex 0.07632851 -0.71874666 -0.10794505
 endloop
endfacet
facet normal -0.19445792 -0.9765987 0.09187609
 outer loop
  vertex -0.17347452 -0.68647844 0.24532974
  vertex -0.22665522 -0.68647844 0.13277154
  vertex -0.09972837 -0.71874666 0.05841947
 endloop
endfacet
facet normal -0.1944579 -0.9765986 0.09187608
 outer loop
  vertex -0.17347452 -0.68647844 0.24532974
  vertex -0.09972837 -0.71874666 0.05841947
  vertex -0.076328866 -0.71874666 0.10794507
 endloop
endfacet
facet normal 0 -1 0
 outer loop
  vertex 0.030239798 -0.71874666 0.07902087
  vertex -1.7396957e-07 -0.71874666 0.07902087
  vertex -1.72314e-07 -0.71874666 0.049746517
 endloop
endfacet
facet normal 0 -1 0
 outer loop
  vertex 0.030239798 -0.71874666 0.07902087
  vertex -1.72314e-07 -0.71874666 0.049746517
  vertex 0.019036992 -0.71874666 0.049746517
 endloop
endfacet
facet normal 0 -1 -0
 outer loop
  vertex 0.10746471 -0.71874666 -0.0034138246
  vertex 0.107944876 -0.71874666 1.6752246e-08
  vertex 0.07902069 -0.71874666 1.6505792e-08
 endloop
endfacet
facet normal 0 -1 0
 outer loop
  vertex 0.10746471 -0.71874666 -0.0034138246
  vertex 0.07902069 -0.71874666 1.6505792e-08
  vertex 0.07866918 -0.71874666 -0.0024990772
 endloop
endfacet
facet normal 0 -1 0
 outer loop
  vertex -0.09972837 -0.71874666 0.05841947
  vertex -0.10794524 -0.71874666 1.6752246e-08
  vertex -0.079021044 -0.71874666 1.6505792e-08
 endloop
endfacet
facet normal -0 -1 0
 outer loop
  vertex -0.09972837 -0.71874666 0.05841947
  vertex -0.079021044 -0.71874666 1.6505792e-08
  vertex -0.07300591 -0.71874666 0.042765807
 endloop
endfacet
facet normal 0 -1 -0
 outer loop
  vertex 0.07632851 -0.71874666 -0.10794505
  vertex 0.09972807 -0.71874666 -0.05841941
  vertex 0.0730056 -0.71874666 -0.042765755
 endloop
endfacet
facet normal 0 -1 0
 outer loop
  vertex 0.07632851 -0.71874666 -0.10794505
  vertex 0.0730056 -0.71874666 -0.042765755
  vertex 0.055876017 -0.71874666 -0.07902086
 endloop
endfacet
facet normal 0 -1 0
 outer loop
  vertex -0.076328866 -0.71874666 0.10794507
  vertex -0.09972837 -0.71874666 0.05841947
  vertex -0.07300591 -0.71874666 0.042765807
 endloop
endfacet
facet normal -0 -1 0
 outer loop
  vertex -0.076328866 -0.71874666 0.10794507
  vertex -0.07300591 -0.71874666 0.042765807
  vertex -0.055876367 -0.71874666 0.07902087
 endloop
endfacet
facet normal -0 -1 -0
 outer loop
  vertex 0.0413086 -0.71874666 -0.10794505
  vertex 0.07632851 -0.71874666 -0.10794505
  vertex 0.055876017 -0.71874666 -0.07902086
 endloop
endfacet
facet normal 0 -1 -0
 outer loop
  vertex 0.0413086 -0.71874666 -0.10794505
  vertex 0.055876017 -0.71874666 -0.07902086
  vertex 0.030239798 -0.71874666 -0.07902086
 endloop
endfacet
facet normal 0 -1 0
 outer loop
  vertex -0.041308954 -0.71874666 0.10794507
  vertex -0.076328866 -0.71874666 0.10794507
  vertex -0.055876367 -0.71874666 0.07902087
 endloop
endfacet
facet normal 0 -1 0
 outer loop
  vertex -0.041308954 -0.71874666 0.10794507
  vertex -0.055876367 -0.71874666 0.07902087
  vertex -0.030240143 -0.71874666 0.07902087
 endloop
endfacet
facet normal -0 -1 -0
 outer loop
  vertex -1.7577575e-07 -0.71874666 -0.10794505
  vertex 0.0413086 -0.71874666 -0.10794505
  vertex 0.030239798 -0.71874666 -0.07902086
 endloop
endfacet
facet normal 0 -1 -0
 outer loop
  vertex -1.7577575e-07 -0.71874666 -0.10794505
  vertex 0.030239798 -0.71874666 -0.07902086
  vertex -1.7396957e-07 -0.71874666 -0.07902086
 endloop
endfacet
facet normal 0 -1 0
 outer loop
  vertex -1.7577575e-07 -0.71874666 0.10794507
  vertex -0.041308954 -0.71874666 0.10794507
  vertex -0.030240143 -0.71874666 0.07902087
 endloop
endfacet
facet normal 0 -1 0
 outer loop
  vertex -1.7577575e-07 -0.71874666 0.10794507
  vertex -0.030240143 -0.71874666 0.07902087
  vertex -1.7396957e-07 -0.71874666 0.07902087
 endloop
endfacet
facet normal -0 -1 0
 outer loop
  vertex -0.041308954 -0.71874666 -0.10794505
  vertex -1.7577575e-07 -0.71874666 -0.10794505
  vertex -1.7396957e-07 -0.71874666 -0.07902086
 endloop
endfacet
facet normal 0 -1 -0
 outer loop
  vertex -0.041308954 -0.71874666 -0.10794505
  vertex -1.7396957e-07 -0.71874666 -0.07902086
  vertex -0.030240143 -0.71874666 -0.07902086
 endloop
endfacet
facet normal 0 -1 0
 outer loop
  vertex 0.0413086 -0.71874666 0.10794507
  vertex -1.7577575e-07 -0.71874666 0.10794507
  vertex -1.7396957e-07 -0.71874666 0.07902087
 endloop
endfacet
facet normal 0 -1 0
 outer loop
  vertex 0.0413086 -0.71874666 0.10794507
  vertex -1.7396957e-07 -0.71874666 0.07902087
  vertex 0.030239798 -0.71874666 0.07902087
 endloop
endfacet
facet normal -0 -1 0
 outer loop
  vertex -0.076328866 -0.71874666 -0.10794505
  vertex -0.041308954 -0.71874666 -0.10794505
  vertex -0.030240143 -0.71874666 -0.07902086
 endloop
endfacet
facet normal 0 -1 -0
 outer loop
  vertex -0.076328866 -0.71874666 -0.10794505
  vertex -0.030240143 -0.71874666 -0.07902086
  vertex -0.055876367 -0.71874666 -0.07902086
 endloop
endfacet
facet normal 0 -1 0
 outer loop
  vertex 0.07632851 -0.71874666 0.10794507
  vertex 0.0413086 -0.71874666 0.10794507
  vertex 0.030239798 -0.71874666 0.07902087
 endloop
endfacet
facet normal 0 -1 0
 outer loop
  vertex 0.07632851 -0.71874666 0.10794507
  vertex 0.030239798 -0.71874666 0.07902087
  vertex 0.055876017 -0.71874666 0.07902087
 endloop
endfacet
facet normal -0 -1 0
 outer loop
  vertex -0.09972837 -0.71874666 -0.05841941
  vertex -0.076328866 -0.71874666 -0.10794505
  vertex -0.055876367 -0.71874666 -0.07902086
 endloop
endfacet
facet normal -0 -1 -0
 outer loop
  vertex -0.09972837 -0.71874666 -0.05841941
  vertex -0.055876367 -0.71874666 -0.07902086
  vertex -0.07300591 -0.71874666 -0.042765755
 endloop
endfacet
facet normal 0 -1 0
 outer loop
  vertex 0.100313775 -0.71874666 0.054255262
  vertex 0.09972807 -0.71874666 0.05841947
  vertex 0.0730056 -0.71874666 0.042765807
 endloop
endfacet
facet normal 0 -1 0
 outer loop
  vertex 0.100313775 -0.71874666 0.054255262
  vertex 0.0730056 -0.71874666 0.042765807
  vertex 0.07343436 -0.71874666 0.03971741
 endloop
endfacet
facet normal 0 -1 0
 outer loop
  vertex 0.09972807 -0.71874666 0.05841947
  vertex 0.07632851 -0.71874666 0.10794507
  vertex 0.055876017 -0.71874666 0.07902087
 endloop
endfacet
facet normal 0 -1 0
 outer loop
  vertex 0.09972807 -0.71874666 0.05841947
  vertex 0.055876017 -0.71874666 0.07902087
  vertex 0.0730056 -0.71874666 0.042765807
 endloop
endfacet
facet normal 0 -0.5350439 0.84482425
 outer loop
  vertex -0.019037332 -0.71874666 0.049746517
  vertex -0.03517627 -0.71874666 0.049746517
  vertex -0.02148637 -0.74931645 0.030386062
 endloop
endfacet
facet normal 0 -0.53504395 0.84482425
 outer loop
  vertex -0.019037332 -0.71874666 0.049746517
  vertex -0.02148637 -0.74931645 0.030386062
  vertex -0.011628414 -0.74931645 0.030386062
 endloop
endfacet
facet normal -0 -1 0
 outer loop
  vertex -0.055876367 -0.71874666 -0.07902086
  vertex -0.030240143 -0.71874666 -0.07902086
  vertex -0.019037332 -0.71874666 -0.0497465
 endloop
endfacet
facet normal 0 -1 -0
 outer loop
  vertex -0.055876367 -0.71874666 -0.07902086
  vertex -0.019037332 -0.71874666 -0.0497465
  vertex -0.03517627 -0.71874666 -0.0497465
 endloop
endfacet
facet normal 0 -1 0
 outer loop
  vertex 0.055876017 -0.71874666 0.07902087
  vertex 0.030239798 -0.71874666 0.07902087
  vertex 0.019036992 -0.71874666 0.049746517
 endloop
endfacet
facet normal 0 -1 0
 outer loop
  vertex 0.055876017 -0.71874666 0.07902087
  vertex 0.019036992 -0.71874666 0.049746517
  vertex 0.035175923 -0.71874666 0.049746517
 endloop
endfacet
facet normal -0 -1 0
 outer loop
  vertex -0.07300591 -0.71874666 -0.042765755
  vertex -0.055876367 -0.71874666 -0.07902086
  vertex -0.03517627 -0.71874666 -0.0497465
 endloop
endfacet
facet normal -0 -1 -0
 outer loop
  vertex -0.07300591 -0.71874666 -0.042765755
  vertex -0.03517627 -0.71874666 -0.0497465
  vertex -0.04595994 -0.71874666 -0.026922593
 endloop
endfacet
facet normal 0 -1 0
 outer loop
  vertex 0.07343436 -0.71874666 0.03971741
  vertex 0.0730056 -0.71874666 0.042765807
  vertex 0.045959618 -0.71874666 0.026922638
 endloop
endfacet
facet normal 0 -1 0
 outer loop
  vertex 0.07343436 -0.71874666 0.03971741
  vertex 0.045959618 -0.71874666 0.026922638
  vertex 0.04622954 -0.71874666 0.02500356
 endloop
endfacet
facet normal 0 -1 0
 outer loop
  vertex 0.0730056 -0.71874666 0.042765807
  vertex 0.055876017 -0.71874666 0.07902087
  vertex 0.035175923 -0.71874666 0.049746517
 endloop
endfacet
facet normal 0 -1 0
 outer loop
  vertex 0.0730056 -0.71874666 0.042765807
  vertex 0.035175923 -0.71874666 0.049746517
  vertex 0.045959618 -0.71874666 0.026922638
 endloop
endfacet
facet normal -0 -1 0
 outer loop
  vertex -0.079021044 -0.71874666 1.6505792e-08
  vertex -0.07300591 -0.71874666 -0.042765755
  vertex -0.04595994 -0.71874666 -0.026922593
 endloop
endfacet
facet normal -0 -1 -0
 outer loop
  vertex -0.079021044 -0.71874666 1.6505792e-08
  vertex -0.04595994 -0.71874666 -0.026922593
  vertex -0.049746685 -0.71874666 1.4531249e-08
 endloop
endfacet
facet normal 0 -1 -0
 outer loop
  vertex 0.07866918 -0.71874666 -0.0024990772
  vertex 0.07902069 -0.71874666 1.6505792e-08
  vertex 0.04974633 -0.71874666 1.4531249e-08
 endloop
endfacet
facet normal 0 -1 0
 outer loop
  vertex 0.07866918 -0.71874666 -0.0024990772
  vertex 0.04974633 -0.71874666 1.4531249e-08
  vertex 0.04952505 -0.71874666 -0.0015732558
 endloop
endfacet
facet normal 0 -1 0
 outer loop
  vertex -0.07300591 -0.71874666 0.042765807
  vertex -0.079021044 -0.71874666 1.6505792e-08
  vertex -0.049746685 -0.71874666 1.4531249e-08
 endloop
endfacet
facet normal -0 -1 0
 outer loop
  vertex -0.07300591 -0.71874666 0.042765807
  vertex -0.049746685 -0.71874666 1.4531249e-08
  vertex -0.04595994 -0.71874666 0.026922638
 endloop
endfacet
facet normal 0 -1 -0
 outer loop
  vertex 0.055876017 -0.71874666 -0.07902086
  vertex 0.0730056 -0.71874666 -0.042765755
  vertex 0.045959618 -0.71874666 -0.026922593
 endloop
endfacet
facet normal 0 -1 0
 outer loop
  vertex 0.055876017 -0.71874666 -0.07902086
  vertex 0.045959618 -0.71874666 -0.026922593
  vertex 0.035175923 -0.71874666 -0.0497465
 endloop
endfacet
facet normal 0 -1 0
 outer loop
  vertex -0.055876367 -0.71874666 0.07902087
  vertex -0.07300591 -0.71874666 0.042765807
  vertex -0.04595994 -0.71874666 0.026922638
 endloop
endfacet
facet normal -0 -1 0
 outer loop
  vertex -0.055876367 -0.71874666 0.07902087
  vertex -0.04595994 -0.71874666 0.026922638
  vertex -0.03517627 -0.71874666 0.049746517
 endloop
endfacet
facet normal -0 -1 -0
 outer loop
  vertex 0.030239798 -0.71874666 -0.07902086
  vertex 0.055876017 -0.71874666 -0.07902086
  vertex 0.035175923 -0.71874666 -0.0497465
 endloop
endfacet
facet normal 0 -1 -0
 outer loop
  vertex 0.030239798 -0.71874666 -0.07902086
  vertex 0.035175923 -0.71874666 -0.0497465
  vertex 0.019036992 -0.71874666 -0.0497465
 endloop
endfacet
facet normal 0 -1 0
 outer loop
  vertex -0.030240143 -0.71874666 0.07902087
  vertex -0.055876367 -0.71874666 0.07902087
  vertex -0.03517627 -0.71874666 0.049746517
 endloop
endfacet
facet normal 0 -1 0
 outer loop
  vertex -0.030240143 -0.71874666 0.07902087
  vertex -0.03517627 -0.71874666 0.049746517
  vertex -0.019037332 -0.71874666 0.049746517
 endloop
endfacet
facet normal -0 -1 -0
 outer loop
  vertex -1.7396957e-07 -0.71874666 -0.07902086
  vertex 0.030239798 -0.71874666 -0.07902086
  vertex 0.019036992 -0.71874666 -0.0497465
 endloop
endfacet
facet normal 0 -1 -0
 outer loop
  vertex -1.7396957e-07 -0.71874666 -0.07902086
  vertex 0.019036992 -0.71874666 -0.0497465
  vertex -1.72314e-07 -0.71874666 -0.0497465
 endloop
endfacet
facet normal 0 -1 0
 outer loop
  vertex -1.7396957e-07 -0.71874666 0.07902087
  vertex -0.030240143 -0.71874666 0.07902087
  vertex -0.019037332 -0.71874666 0.049746517
 endloop
endfacet
facet normal 0 -1 0
 outer loop
  vertex -1.7396957e-07 -0.71874666 0.07902087
  vertex -0.019037332 -0.71874666 0.049746517
  vertex -1.72314e-07 -0.71874666 0.049746517
 endloop
endfacet
facet normal -0 -1 0
 outer loop
  vertex -0.030240143 -0.71874666 -0.07902086
  vertex -1.7396957e-07 -0.71874666 -0.07902086
  vertex -1.72314e-07 -0.71874666 -0.0497465
 endloop
endfacet
facet normal 0 -1 -0
 outer loop
  vertex -0.030240143 -0.71874666 -0.07902086
  vertex -1.72314e-07 -0.71874666 -0.0497465
  vertex -0.019037332 -0.71874666 -0.0497465
 endloop
endfacet
facet normal 0 -1 0
 outer loop
  vertex 0.028237773 -0.74931645 0.015272614
  vertex 0.0280729 -0.74931645 0.01644482
  vertex 0.021486023 -0.74931645 0.030386062
 endloop
endfacet
facet normal 0 -1 0
 outer loop
  vertex 0.028237773 -0.74931645 0.015272614
  vertex 0.021486023 -0.74931645 0.030386062
  vertex 0.011628072 -0.74931645 0.030386062
 endloop
endfacet
facet normal 0 -1 -0
 outer loop
  vertex 0.03025073 -0.74931645 -0.00096098456
  vertex 0.030385893 -0.74931645 -2.7748637e-09
  vertex 0.03022582 -0.74931645 0.0011380702
 endloop
endfacet
facet normal 0 -1 0
 outer loop
  vertex 0.03022582 -0.74931645 0.0011380702
  vertex 0.028237773 -0.74931645 0.015272614
  vertex 0.011628072 -0.74931645 0.030386062
 endloop
endfacet
facet normal 0 -1 0
 outer loop
  vertex 0.03022582 -0.74931645 0.0011380702
  vertex 0.011628072 -0.74931645 0.030386062
  vertex -1.7167218e-07 -0.74931645 0.030386062
 endloop
endfacet
facet normal 0 -1 -0
 outer loop
  vertex 0.028196419 -0.74931645 -0.015566627
  vertex 0.03025073 -0.74931645 -0.00096098456
  vertex 0.03022582 -0.74931645 0.0011380702
 endloop
endfacet
facet normal 0 -1 0
 outer loop
  vertex 0.021486023 -0.74931645 -0.030386072
  vertex 0.0280729 -0.74931645 -0.016444817
  vertex 0.028196419 -0.74931645 -0.015566627
 endloop
endfacet
facet normal -0 -1 0
 outer loop
  vertex 0.011628072 -0.74931645 -0.030386072
  vertex 0.021486023 -0.74931645 -0.030386072
  vertex 0.028196419 -0.74931645 -0.015566627
 endloop
endfacet
facet normal 0 -1 -0
 outer loop
  vertex 0.028196419 -0.74931645 -0.015566627
  vertex 0.03022582 -0.74931645 0.0011380702
  vertex -1.7167218e-07 -0.74931645 0.030386062
 endloop
endfacet
facet normal 0 -1 0
 outer loop
  vertex -0.011628414 -0.74931645 0.030386062
  vertex -0.02148637 -0.74931645 0.030386062
  vertex -0.028073227 -0.74931645 0.01644482
 endloop
endfacet
facet normal 0 -1 0
 outer loop
  vertex 0.028196419 -0.74931645 -0.015566627
  vertex -1.7167218e-07 -0.74931645 0.030386062
  vertex -0.011628414 -0.74931645 0.030386062
 endloop
endfacet
facet normal -0 -1 0
 outer loop
  vertex -1.7167218e-07 -0.74931645 -0.030386072
  vertex 0.011628072 -0.74931645 -0.030386072
  vertex 0.028196419 -0.74931645 -0.015566627
 endloop
endfacet
facet normal 0 -1 0
 outer loop
  vertex -0.028073227 -0.74931645 -0.016444817
  vertex -0.02148637 -0.74931645 -0.030386072
  vertex -0.011628414 -0.74931645 -0.030386072
 endloop
endfacet
facet normal -0 -1 0
 outer loop
  vertex -0.011628414 -0.74931645 -0.030386072
  vertex -1.7167218e-07 -0.74931645 -0.030386072
  vertex 0.028196419 -0.74931645 -0.015566627
 endloop
endfacet
facet normal 0 -1 0
 outer loop
  vertex 0.028196419 -0.74931645 -0.015566627
  vertex -0.011628414 -0.74931645 0.030386062
  vertex -0.028073227 -0.74931645 0.01644482
 endloop
endfacet
facet normal 0 -1 0
 outer loop
  vertex -0.028073227 -0.74931645 0.01644482
  vertex -0.030386241 -0.74931645 -2.7748637e-09
  vertex -0.028073227 -0.74931645 -0.016444817
 endloop
endfacet
facet normal -0 -1 0
 outer loop
  vertex -0.028073227 -0.74931645 -0.016444817
  vertex -0.011628414 -0.74931645 -0.030386072
  vertex 0.028196419 -0.74931645 -0.015566627
 endloop
endfacet
facet normal -0 -1 0
 outer loop
  vertex -0.028073227 -0.74931645 0.01644482
  vertex -0.028073227 -0.74931645 -0.016444817
  vertex 0.028196419 -0.74931645 -0.015566627
 endloop
endfacet
facet normal -0 -0.53504336 -0.84482455
 outer loop
  vertex -1.72314e-07 -0.71874666 -0.0497465
  vertex 0.019036992 -0.71874666 -0.0497465
  vertex 0.011628072 -0.74931645 -0.030386072
 endloop
endfacet
facet normal 0 -0.5350434 -0.8448246
 outer loop
  vertex -1.72314e-07 -0.71874666 -0.0497465
  vertex 0.011628072 -0.74931645 -0.030386072
  vertex -1.7167218e-07 -0.74931645 -0.030386072
 endloop
endfacet
facet normal 0 -0.5350439 0.84482425
 outer loop
  vertex -1.72314e-07 -0.71874666 0.049746517
  vertex -0.019037332 -0.71874666 0.049746517
  vertex -0.011628414 -0.74931645 0.030386062
 endloop
endfacet
facet normal 0 -0.53504395 0.84482425
 outer loop
  vertex -1.72314e-07 -0.71874666 0.049746517
  vertex -0.011628414 -0.74931645 0.030386062
  vertex -1.7167218e-07 -0.74931645 0.030386062
 endloop
endfacet
facet normal -0 -0.53504336 -0.8448246
 outer loop
  vertex -0.019037332 -0.71874666 -0.0497465
  vertex -1.72314e-07 -0.71874666 -0.0497465
  vertex -1.7167218e-07 -0.74931645 -0.030386072
 endloop
endfacet
facet normal 0 -0.5350434 -0.8448246
 outer loop
  vertex -0.019037332 -0.71874666 -0.0497465
  vertex -1.7167218e-07 -0.74931645 -0.030386072
  vertex -0.011628414 -0.74931645 -0.030386072
 endloop
endfacet
facet normal 0 -0.53504395 0.84482425
 outer loop
  vertex 0.019036992 -0.71874666 0.049746517
  vertex -1.72314e-07 -0.71874666 0.049746517
  vertex -1.7167218e-07 -0.74931645 0.030386062
 endloop
endfacet
facet normal 0 -0.53504395 0.8448242
 outer loop
  vertex 0.019036992 -0.71874666 0.049746517
  vertex -1.7167218e-07 -0.74931645 0.030386062
  vertex 0.011628072 -0.74931645 0.030386062
 endloop
endfacet
facet normal -0 -0.53504336 -0.84482455
 outer loop
  vertex -0.03517627 -0.71874666 -0.0497465
  vertex -0.019037332 -0.71874666 -0.0497465
  vertex -0.011628414 -0.74931645 -0.030386072
 endloop
endfacet
facet normal 0 -0.53504336 -0.84482455
 outer loop
  vertex -0.03517627 -0.71874666 -0.0497465
  vertex -0.011628414 -0.74931645 -0.030386072
  vertex -0.02148637 -0.74931645 -0.030386072
 endloop
endfacet
facet normal 0 -0.5350439 0.8448242
 outer loop
  vertex 0.035175923 -0.71874666 0.049746517
  vertex 0.019036992 -0.71874666 0.049746517
  vertex 0.011628072 -0.74931645 0.030386062
 endloop
endfacet
facet normal 0 -0.53504395 0.8448243
 outer loop
  vertex 0.035175923 -0.71874666 0.049746517
  vertex 0.011628072 -0.74931645 0.030386062
  vertex 0.021486023 -0.74931645 0.030386062
 endloop
endfacet
facet normal -0.7492551 -0.55973125 -0.3540025
 outer loop
  vertex -0.04595994 -0.71874666 -0.026922593
  vertex -0.03517627 -0.71874666 -0.0497465
  vertex -0.02148637 -0.74931645 -0.030386072
 endloop
endfacet
facet normal -0.7492552 -0.55973125 -0.35400236
 outer loop
  vertex -0.04595994 -0.71874666 -0.026922593
  vertex -0.02148637 -0.74931645 -0.030386072
  vertex -0.028073227 -0.74931645 -0.016444817
 endloop
endfacet
facet normal 0.8389223 -0.531306 0.11799664
 outer loop
  vertex 0.04622954 -0.71874666 0.02500356
  vertex 0.045959618 -0.71874666 0.026922638
  vertex 0.0280729 -0.74931645 0.01644482
 endloop
endfacet
facet normal 0.8389223 -0.53130597 0.117996536
 outer loop
  vertex 0.04622954 -0.71874666 0.02500356
  vertex 0.0280729 -0.74931645 0.01644482
  vertex 0.028237773 -0.74931645 0.015272614
 endloop
endfacet
facet normal 0.7492543 -0.5597317 0.35400334
 outer loop
  vertex 0.045959618 -0.71874666 0.026922638
  vertex 0.035175923 -0.71874666 0.049746517
  vertex 0.021486023 -0.74931645 0.030386062
 endloop
endfacet
facet normal 0.7492543 -0.5597317 0.35400328
 outer loop
  vertex 0.045959618 -0.71874666 0.026922638
  vertex 0.021486023 -0.74931645 0.030386062
  vertex 0.0280729 -0.74931645 0.01644482
 endloop
endfacet
facet normal -0.83892244 -0.5313059 -0.11799699
 outer loop
  vertex -0.049746685 -0.71874666 1.4531249e-08
  vertex -0.04595994 -0.71874666 -0.026922593
  vertex -0.028073227 -0.74931645 -0.016444817
 endloop
endfacet
facet normal -0.8389224 -0.5313058 -0.11799703
 outer loop
  vertex -0.049746685 -0.71874666 1.4531249e-08
  vertex -0.028073227 -0.74931645 -0.016444817
  vertex -0.030386241 -0.74931645 -2.7748637e-09
 endloop
endfacet
facet normal 0.8389226 -0.5313058 -0.11799541
 outer loop
  vertex 0.04952505 -0.71874666 -0.0015732558
  vertex 0.04974633 -0.71874666 1.4531249e-08
  vertex 0.030385893 -0.74931645 -2.7748637e-09
 endloop
endfacet
facet normal 0.8389227 -0.53130585 -0.11799514
 outer loop
  vertex 0.04952505 -0.71874666 -0.0015732558
  vertex 0.030385893 -0.74931645 -2.7748637e-09
  vertex 0.03025073 -0.74931645 -0.00096098456
 endloop
endfacet
facet normal -0.8389223 -0.5313059 0.11799691
 outer loop
  vertex -0.04595994 -0.71874666 0.026922638
  vertex -0.049746685 -0.71874666 1.4531249e-08
  vertex -0.030386241 -0.74931645 -2.7748637e-09
 endloop
endfacet
facet normal -0.8389224 -0.53130597 0.11799697
 outer loop
  vertex -0.04595994 -0.71874666 0.026922638
  vertex -0.030386241 -0.74931645 -2.7748637e-09
  vertex -0.028073227 -0.74931645 0.01644482
 endloop
endfacet
facet normal 0.74925464 -0.55973136 -0.35400313
 outer loop
  vertex 0.035175923 -0.71874666 -0.0497465
  vertex 0.045959618 -0.71874666 -0.026922593
  vertex 0.0280729 -0.74931645 -0.016444817
 endloop
endfacet
facet normal 0.74925464 -0.5597314 -0.3540031
 outer loop
  vertex 0.035175923 -0.71874666 -0.0497465
  vertex 0.0280729 -0.74931645 -0.016444817
  vertex 0.021486023 -0.74931645 -0.030386072
 endloop
endfacet
facet normal -0.7492547 -0.55973154 0.35400268
 outer loop
  vertex -0.03517627 -0.71874666 0.049746517
  vertex -0.04595994 -0.71874666 0.026922638
  vertex -0.028073227 -0.74931645 0.01644482
 endloop
endfacet
facet normal -0.74925494 -0.5597315 0.35400257
 outer loop
  vertex -0.03517627 -0.71874666 0.049746517
  vertex -0.028073227 -0.74931645 0.01644482
  vertex -0.02148637 -0.74931645 0.030386062
 endloop
endfacet
facet normal -0 -0.53504336 -0.8448246
 outer loop
  vertex 0.019036992 -0.71874666 -0.0497465
  vertex 0.035175923 -0.71874666 -0.0497465
  vertex 0.021486023 -0.74931645 -0.030386072
 endloop
endfacet
facet normal 0 -0.53504336 -0.84482455
 outer loop
  vertex 0.019036992 -0.71874666 -0.0497465
  vertex 0.021486023 -0.74931645 -0.030386072
  vertex 0.011628072 -0.74931645 -0.030386072
 endloop
endfacet
facet normal 0.5524243 -0.10627122 0.82676107
 outer loop
  vertex 0.17245512 0 0.17245513
  vertex 0.093332045 0 0.2253235
  vertex 0.09287519 -0.0023748446 0.2253235
 endloop
endfacet
facet normal 0.5523613 -0.10788964 0.8265936
 outer loop
  vertex 0.17245512 0 0.17245513
  vertex 0.09287519 -0.0023748446 0.2253235
  vertex 0.17161094 -0.0043219794 0.17245513
 endloop
endfacet
facet normal -1.5792563e-07 -0.9974218 -0.071763135
 outer loop
  vertex 0.21033989 0.082058474 0.08667923
  vertex 0.22514857 0.0878302 0.006459099
  vertex 0.23191983 0.0878302 0.006459084
 endloop
endfacet
facet normal -2.6720647e-07 -0.9974217 -0.071763135
 outer loop
  vertex 0.21033989 0.082058474 0.08667923
  vertex 0.23191983 0.0878302 0.006459084
  vertex 0.21711114 0.082058474 0.086679205
 endloop
endfacet
facet normal 0.82062715 -0.16096611 -0.54832566
 outer loop
  vertex 0.17245512 0 -0.17245513
  vertex 0.22532348 0 -0.09333205
  vertex 0.22422053 -0.00562301 -0.09333205
 endloop
endfacet
facet normal 0.8207384 -0.16030839 -0.5483517
 outer loop
  vertex 0.17245512 0 -0.17245513
  vertex 0.22422053 -0.00562301 -0.09333205
  vertex 0.17161094 -0.0043219794 -0.17245513
 endloop
endfacet
facet normal 0.8207167 -0.16030459 0.5483855
 outer loop
  vertex 0.22532348 0 0.09333205
  vertex 0.17245512 0 0.17245513
  vertex 0.17161094 -0.0043219794 0.17245513
 endloop
endfacet
facet normal 0.8206438 -0.16096936 0.54829973
 outer loop
  vertex 0.22532348 0 0.09333205
  vertex 0.17161094 -0.0043219794 0.17245513
  vertex 0.22422053 -0.00562301 0.09333205
 endloop
endfacet
facet normal 3.3009837e-06 6.566064e-07 1
 outer loop
  vertex 0.21003185 0.081938416 -0.0883479
  vertex 0.22520708 0.005647408 -0.0883479
  vertex 0.23197831 0.005647408 -0.08834792
 endloop
endfacet
facet normal 3.3009837e-06 6.566064e-07 1
 outer loop
  vertex 0.21003185 0.081938416 -0.0883479
  vertex 0.23197831 0.005647408 -0.08834792
  vertex 0.21680309 0.081938416 -0.08834792
 endloop
endfacet
facet normal 0.5523279 -0.10788216 -0.82661676
 outer loop
  vertex 0.093332045 0 -0.2253235
  vertex 0.17245512 0 -0.17245513
  vertex 0.17161094 -0.0043219794 -0.17245513
 endloop
endfacet
facet normal 0.5524852 -0.10628188 -0.826719
 outer loop
  vertex 0.093332045 0 -0.2253235
  vertex 0.17161094 -0.0043219794 -0.17245513
  vertex 0.09287519 -0.0023748446 -0.2253235
 endloop
endfacet
facet normal 0.5522088 -0.109841295 0.82643837
 outer loop
  vertex 0.17161094 -0.0043219794 0.17245513
  vertex 0.09287519 -0.0023748446 0.2253235
  vertex 0.08661693 -0.033837184 0.2253235
 endloop
endfacet
facet normal 0.5522087 -0.109841004 0.82643837
 outer loop
  vertex 0.17161094 -0.0043219794 0.17245513
  vertex 0.08661693 -0.033837184 0.2253235
  vertex 0.16004722 -0.062456783 0.17245513
 endloop
endfacet
facet normal 1.634603e-06 0.66775507 0.74438107
 outer loop
  vertex 0.24280353 0 -0.0054540224
  vertex 0.24269457 -0.0060798805 1.2591107e-10
  vertex 0.24946581 -0.0060798805 -1.4743199e-08
 endloop
endfacet
facet normal 1.6444947e-06 0.667755 0.74438107
 outer loop
  vertex 0.24280353 0 -0.0054540224
  vertex 0.24946581 -0.0060798805 -1.4743199e-08
  vertex 0.24957477 6.4625534e-11 -0.0054540373
 endloop
endfacet
facet normal 0.8203257 -0.1631731 -0.54812443
 outer loop
  vertex 0.17161094 -0.0043219794 -0.17245513
  vertex 0.22422053 -0.00562301 -0.09333205
  vertex 0.20911177 -0.08157982 -0.09333205
 endloop
endfacet
facet normal 0.8203259 -0.16317277 -0.54812425
 outer loop
  vertex 0.17161094 -0.0043219794 -0.17245513
  vertex 0.20911177 -0.08157982 -0.09333205
  vertex 0.16004722 -0.062456783 -0.17245513
 endloop
endfacet
facet normal 0.19494502 -0.038685262 -0.98005104
 outer loop
  vertex -7.2084108e-09 0 -0.2438884
  vertex 0.005466762 0 -0.24280098
  vertex 0.08661693 -0.033837184 -0.2253235
 endloop
endfacet
facet normal 0.19491234 -0.03877067 -0.98005414
 outer loop
  vertex -7.2084108e-09 0 -0.2438884
  vertex 0.08661693 -0.033837184 -0.2253235
  vertex 0.08622756 -0.035794694 -0.2253235
 endloop
endfacet
facet normal 0.19494416 -0.038687352 0.98005104
 outer loop
  vertex 0.093332045 0 0.2253235
  vertex 0.005466762 0 0.24280098
  vertex 0.08661693 -0.033837184 0.2253235
 endloop
endfacet
facet normal 0 -0 1
 outer loop
  vertex 0.093332045 0 0.2253235
  vertex 0.08661693 -0.033837184 0.2253235
  vertex 0.09287519 -0.0023748446 0.2253235
 endloop
endfacet
facet normal 0.82032573 -0.16317277 0.5481245
 outer loop
  vertex 0.22422053 -0.00562301 0.09333205
  vertex 0.17161094 -0.0043219794 0.17245513
  vertex 0.16004722 -0.062456783 0.17245513
 endloop
endfacet
facet normal 0.8203258 -0.16317314 0.54812425
 outer loop
  vertex 0.22422053 -0.00562301 0.09333205
  vertex 0.16004722 -0.062456783 0.17245513
  vertex 0.20911177 -0.08157982 0.09333205
 endloop
endfacet
facet normal 1.6158431e-08 0.999988 0.004895046
 outer loop
  vertex 0.24141607 0.006048262 0.006459099
  vertex 0.22553737 0.0056555765 0.08667923
  vertex 0.23230863 0.0056555765 0.086679205
 endloop
endfacet
facet normal 6.697364e-09 0.999988 0.004895046
 outer loop
  vertex 0.24141607 0.006048262 0.006459099
  vertex 0.23230863 0.0056555765 0.086679205
  vertex 0.2481873 0.006048262 0.006459084
 endloop
endfacet
facet normal 0.5522088 -0.109841034 -0.82643837
 outer loop
  vertex 0.09287519 -0.0023748446 -0.2253235
  vertex 0.17161094 -0.0043219794 -0.17245513
  vertex 0.16004722 -0.062456783 -0.17245513
 endloop
endfacet
facet normal 0.5522086 -0.10984126 -0.8264385
 outer loop
  vertex 0.09287519 -0.0023748446 -0.2253235
  vertex 0.16004722 -0.062456783 -0.17245513
  vertex 0.08661693 -0.033837184 -0.2253235
 endloop
endfacet
facet normal 2.3688843e-07 -0.9974217 0.07176298
 outer loop
  vertex 0.22533412 0.08790251 -0.0054540224
  vertex 0.21003185 0.081938416 -0.0883479
  vertex 0.21680309 0.081938416 -0.08834792
 endloop
endfacet
facet normal 2.0686994e-07 -0.9974217 0.071762994
 outer loop
  vertex 0.22533412 0.08790251 -0.0054540224
  vertex 0.21680309 0.081938416 -0.08834792
  vertex 0.23210537 0.08790251 -0.0054540373
 endloop
endfacet
facet normal -2.361986e-06 -0.69857025 -0.71554154
 outer loop
  vertex 0.20908768 -0.08668506 -0.0883479
  vertex 0.20911177 -0.08157982 -0.09333205
  vertex 0.21588302 -0.08157982 -0.093332075
 endloop
endfacet
facet normal -2.3720356e-06 -0.6985702 -0.7155415
 outer loop
  vertex 0.20908768 -0.08668506 -0.0883479
  vertex 0.21588302 -0.08157982 -0.093332075
  vertex 0.21585892 -0.08668506 -0.08834792
 endloop
endfacet
facet normal 0.8389231 -0.53130543 -0.117994286
 outer loop
  vertex 0.045959618 -0.71874666 -0.026922593
  vertex 0.046161834 -0.71874666 -0.025484864
  vertex 0.028196419 -0.74931645 -0.015566627
 endloop
endfacet
facet normal 0.83892244 -0.53130585 -0.1179963
 outer loop
  vertex 0.045959618 -0.71874666 -0.026922593
  vertex 0.028196419 -0.74931645 -0.015566627
  vertex 0.0280729 -0.74931645 -0.016444817
 endloop
endfacet
facet normal 0 -1 -0
 outer loop
  vertex 0.0730056 -0.71874666 -0.042765755
  vertex 0.07332682 -0.71874666 -0.040481962
  vertex 0.046161834 -0.71874666 -0.025484864
 endloop
endfacet
facet normal 0 -1 0
 outer loop
  vertex 0.0730056 -0.71874666 -0.042765755
  vertex 0.046161834 -0.71874666 -0.025484864
  vertex 0.045959618 -0.71874666 -0.026922593
 endloop
endfacet
facet normal 0 -1 -0
 outer loop
  vertex 0.09972807 -0.71874666 -0.05841941
  vertex 0.10016687 -0.71874666 -0.055299673
  vertex 0.07332682 -0.71874666 -0.040481962
 endloop
endfacet
facet normal 0 -1 0
 outer loop
  vertex 0.09972807 -0.71874666 -0.05841941
  vertex 0.07332682 -0.71874666 -0.040481962
  vertex 0.0730056 -0.71874666 -0.042765755
 endloop
endfacet
facet normal 0.22853443 -0.973005 -0.032144085
 outer loop
  vertex 0.22665498 -0.68647844 -0.13277143
  vertex 0.22765225 -0.68647844 -0.12568112
  vertex 0.10016687 -0.71874666 -0.055299673
 endloop
endfacet
facet normal 0.22853439 -0.97300506 -0.032144163
 outer loop
  vertex 0.22665498 -0.68647844 -0.13277143
  vertex 0.10016687 -0.71874666 -0.055299673
  vertex 0.09972807 -0.71874666 -0.05841941
 endloop
endfacet
facet normal -1.0117705e-07 -1 1.4230629e-08
 outer loop
  vertex 0.77092427 -0.6864785 -0.45159695
  vertex 0.77431625 -0.6864785 -0.4274806
  vertex 0.22765225 -0.68647844 -0.12568112
 endloop
endfacet
facet normal -1.01176916e-07 -1 1.423085e-08
 outer loop
  vertex 0.77092427 -0.6864785 -0.45159695
  vertex 0.22765225 -0.68647844 -0.12568112
  vertex 0.22665498 -0.68647844 -0.13277143
 endloop
endfacet
facet normal 0.9902531 0 -0.13927984
 outer loop
  vertex 0.77092427 -0.66609865 -0.45159695
  vertex 0.77431625 -0.66609865 -0.4274806
  vertex 0.77431625 -0.6864785 -0.4274806
 endloop
endfacet
facet normal 0.9902531 0 -0.13927984
 outer loop
  vertex 0.77092427 -0.66609865 -0.45159695
  vertex 0.77431625 -0.6864785 -0.4274806
  vertex 0.77092427 -0.6864785 -0.45159695
 endloop
endfacet
facet normal 0 -1 -0
 outer loop
  vertex 0.8415105 -0.66609865 -0.4929454
  vertex 0.84521306 -0.66609865 -0.46662092
  vertex 0.77431625 -0.66609865 -0.4274806
 endloop
endfacet
facet normal 0 -1 0
 outer loop
  vertex 0.8415105 -0.66609865 -0.4929454
  vertex 0.77431625 -0.66609865 -0.4274806
  vertex 0.77092427 -0.66609865 -0.45159695
 endloop
endfacet
facet normal 0.990253 0 -0.13928068
 outer loop
  vertex 0.8415105 -0.63145286 -0.4929454
  vertex 0.84521306 -0.63145286 -0.46662092
  vertex 0.84521306 -0.66609865 -0.46662092
 endloop
endfacet
facet normal 0.990253 0 -0.13928068
 outer loop
  vertex 0.8415105 -0.63145286 -0.4929454
  vertex 0.84521306 -0.66609865 -0.46662092
  vertex 0.8415105 -0.66609865 -0.4929454
 endloop
endfacet
facet normal 0 1 0
 outer loop
  vertex 0.77408713 -0.63145286 -0.45344973
  vertex 0.77749306 -0.63145286 -0.42923445
  vertex 0.84521306 -0.63145286 -0.46662092
 endloop
endfacet
facet normal 0 1 -0
 outer loop
  vertex 0.77408713 -0.63145286 -0.45344973
  vertex 0.84521306 -0.63145286 -0.46662092
  vertex 0.8415105 -0.63145286 -0.4929454
 endloop
endfacet
facet normal 0.901801 0.41311836 -0.12683937
 outer loop
  vertex 0.76804936 -0.61718696 -0.44991285
  vertex 0.7714287 -0.61718696 -0.42588642
  vertex 0.77749306 -0.63145286 -0.42923445
 endloop
endfacet
facet normal 0.9018013 0.41311738 -0.12684019
 outer loop
  vertex 0.76804936 -0.61718696 -0.44991285
  vertex 0.77749306 -0.63145286 -0.42923445
  vertex 0.77408713 -0.63145286 -0.45344973
 endloop
endfacet
facet normal 1.9146421e-07 1 -2.6929417e-08
 outer loop
  vertex 0.19282347 -0.61718684 -0.11295347
  vertex 0.19367187 -0.61718684 -0.10692149
  vertex 0.7714287 -0.61718696 -0.42588642
 endloop
endfacet
facet normal 1.9146407e-07 1 -2.6929648e-08
 outer loop
  vertex 0.19282347 -0.61718684 -0.11295347
  vertex 0.7714287 -0.61718696 -0.42588642
  vertex 0.76804936 -0.61718696 -0.44991285
 endloop
endfacet
facet normal 0.69132686 0.71596944 -0.09723635
 outer loop
  vertex 0.15802942 -0.5808223 -0.09257159
  vertex 0.15872474 -0.5808223 -0.087628044
  vertex 0.19367187 -0.61718684 -0.10692149
 endloop
endfacet
facet normal 0.69132715 0.71596926 -0.09723508
 outer loop
  vertex 0.15802942 -0.5808223 -0.09257159
  vertex 0.19367187 -0.61718684 -0.10692149
  vertex 0.19282347 -0.61718684 -0.11295347
 endloop
endfacet
facet normal 0 1 0
 outer loop
  vertex 0.12788993 -0.5808223 -0.074916296
  vertex 0.12845264 -0.5808223 -0.07091559
  vertex 0.15872474 -0.5808223 -0.087628044
 endloop
endfacet
facet normal 0 1 -0
 outer loop
  vertex 0.12788993 -0.5808223 -0.074916296
  vertex 0.15872474 -0.5808223 -0.087628044
  vertex 0.15802942 -0.5808223 -0.09257159
 endloop
endfacet
facet normal 0.748524 0.65469664 -0.105281174
 outer loop
  vertex 0.116771184 -0.5670627 -0.06840308
  vertex 0.11728497 -0.5670627 -0.064750195
  vertex 0.12845264 -0.5808223 -0.07091559
 endloop
endfacet
facet normal 0.7485238 0.6546967 -0.105282284
 outer loop
  vertex 0.116771184 -0.5670627 -0.06840308
  vertex 0.12845264 -0.5808223 -0.07091559
  vertex 0.12788993 -0.5808223 -0.074916296
 endloop
endfacet
facet normal -2.1862122e-06 1 3.0749462e-07
 outer loop
  vertex 0.066394076 -0.5670628 -0.038892858
  vertex 0.066686206 -0.5670628 -0.036815885
  vertex 0.11728497 -0.5670627 -0.064750195
 endloop
endfacet
facet normal -2.1862124e-06 1 3.074945e-07
 outer loop
  vertex 0.066394076 -0.5670628 -0.038892858
  vertex 0.11728497 -0.5670627 -0.064750195
  vertex 0.116771184 -0.5670627 -0.06840308
 endloop
endfacet
facet normal 0.9602354 -0.24434988 -0.13505912
 outer loop
  vertex 0.17168796 -0.17176612 -0.0054540224
  vertex 0.07154477 -0.5670628 -0.0022727735
  vertex 0.066686206 -0.5670628 -0.036815885
 endloop
endfacet
facet normal 0.9559311 -0.24057005 -0.16829039
 outer loop
  vertex 0.17168796 -0.17176612 -0.0054540224
  vertex 0.066686206 -0.5670628 -0.036815885
  vertex 0.16002877 -0.1601069 -0.0883479
 endloop
endfacet
facet normal 0.81608427 -0.5452902 -0.19148162
 outer loop
  vertex 0.2076869 -0.08703127 -0.09333205
  vertex 0.20860071 -0.08741386 -0.0883479
  vertex 0.16002877 -0.1601069 -0.0883479
 endloop
endfacet
facet normal 0.81608456 -0.5452903 -0.19148001
 outer loop
  vertex 0.2076869 -0.08703127 -0.09333205
  vertex 0.16002877 -0.1601069 -0.0883479
  vertex 0.15932775 -0.15940586 -0.09333205
 endloop
endfacet
facet normal -2.200656e-06 4.377385e-07 -1
 outer loop
  vertex 0.22533412 -0.08790251 -0.0054540224
  vertex 0.241615 -0.0060531823 -0.0054540224
  vertex 0.24838623 -0.0060531823 -0.0054540373
 endloop
endfacet
facet normal -2.2006511e-06 4.3773713e-07 -1
 outer loop
  vertex 0.22533412 -0.08790251 -0.0054540224
  vertex 0.24838623 -0.0060531823 -0.0054540373
  vertex 0.23210537 -0.08790251 -0.0054540373
 endloop
endfacet
facet normal 0.9601241 -0.2447966 -0.13504216
 outer loop
  vertex 0.17245507 -0.17253324 1.2591107e-10
  vertex 0.07186443 -0.5670628 -6.350473e-10
  vertex 0.07154477 -0.5670628 -0.0022727735
 endloop
endfacet
facet normal 0.9551801 -0.24333888 -0.16857414
 outer loop
  vertex 0.17245507 -0.17253324 1.2591107e-10
  vertex 0.07154477 -0.5670628 -0.0022727735
  vertex 0.17168796 -0.17176612 -0.0054540224
 endloop
endfacet
facet normal 0.9626371 -0.19148079 -0.19148064
 outer loop
  vertex 0.22520708 -0.005647408 -0.0883479
  vertex 0.241615 -0.0060531823 -0.0054540224
  vertex 0.22533412 -0.08790251 -0.0054540224
 endloop
endfacet
facet normal 0.9626373 -0.19148046 -0.19148028
 outer loop
  vertex 0.22520708 -0.005647408 -0.0883479
  vertex 0.22533412 -0.08790251 -0.0054540224
  vertex 0.21003185 -0.081938416 -0.0883479
 endloop
endfacet
facet normal -1.0772313e-08 0.99998796 -0.0048950464
 outer loop
  vertex 0.22520708 0.005647408 -0.0883479
  vertex 0.241615 0.0060531823 -0.0054540224
  vertex 0.24838623 0.0060531823 -0.0054540373
 endloop
endfacet
facet normal -6.4813332e-09 0.99998796 -0.004895047
 outer loop
  vertex 0.22520708 0.005647408 -0.0883479
  vertex 0.24838623 0.0060531823 -0.0054540373
  vertex 0.23197831 0.005647408 -0.08834792
 endloop
endfacet
facet normal 0.83892256 -0.5313058 -0.1179961
 outer loop
  vertex 0.046161834 -0.71874666 -0.025484864
  vertex 0.04952505 -0.71874666 -0.0015732558
  vertex 0.03025073 -0.74931645 -0.00096098456
 endloop
endfacet
facet normal 0.8389226 -0.53130573 -0.11799605
 outer loop
  vertex 0.046161834 -0.71874666 -0.025484864
  vertex 0.03025073 -0.74931645 -0.00096098456
  vertex 0.028196419 -0.74931645 -0.015566627
 endloop
endfacet
facet normal 0 -1 -0
 outer loop
  vertex 0.07332682 -0.71874666 -0.040481962
  vertex 0.07866918 -0.71874666 -0.0024990772
  vertex 0.04952505 -0.71874666 -0.0015732558
 endloop
endfacet
facet normal 0 -1 0
 outer loop
  vertex 0.07332682 -0.71874666 -0.040481962
  vertex 0.04952505 -0.71874666 -0.0015732558
  vertex 0.046161834 -0.71874666 -0.025484864
 endloop
endfacet
facet normal 0 -1 -0
 outer loop
  vertex 0.10016687 -0.71874666 -0.055299673
  vertex 0.10746471 -0.71874666 -0.0034138246
  vertex 0.07866918 -0.71874666 -0.0024990772
 endloop
endfacet
facet normal 0 -1 0
 outer loop
  vertex 0.10016687 -0.71874666 -0.055299673
  vertex 0.07866918 -0.71874666 -0.0024990772
  vertex 0.07332682 -0.71874666 -0.040481962
 endloop
endfacet
facet normal 0.22853456 -0.97300494 -0.03214381
 outer loop
  vertex 0.22765225 -0.68647844 -0.12568112
  vertex 0.24423826 -0.68647844 -0.0077587087
  vertex 0.10746471 -0.71874666 -0.0034138246
 endloop
endfacet
facet normal 0.22853458 -0.973005 -0.032143794
 outer loop
  vertex 0.22765225 -0.68647844 -0.12568112
  vertex 0.10746471 -0.71874666 -0.0034138246
  vertex 0.10016687 -0.71874666 -0.055299673
 endloop
endfacet
facet normal -1.0117697e-07 -1 1.4230753e-08
 outer loop
  vertex 0.77431625 -0.6864785 -0.4274806
  vertex 0.8307305 -0.6864785 -0.026389891
  vertex 0.24423826 -0.68647844 -0.0077587087
 endloop
endfacet
facet normal -1.0117699e-07 -1 1.423073e-08
 outer loop
  vertex 0.77431625 -0.6864785 -0.4274806
  vertex 0.24423826 -0.68647844 -0.0077587087
  vertex 0.22765225 -0.68647844 -0.12568112
 endloop
endfacet
facet normal 0.99025285 1.27298e-07 -0.13928112
 outer loop
  vertex 0.77431625 -0.66609865 -0.4274806
  vertex 0.8307305 -0.66609865 -0.026389873
  vertex 0.8307305 -0.6864785 -0.026389891
 endloop
endfacet
facet normal 0.99025285 0 -0.13928114
 outer loop
  vertex 0.77431625 -0.66609865 -0.4274806
  vertex 0.8307305 -0.6864785 -0.026389891
  vertex 0.77431625 -0.6864785 -0.4274806
 endloop
endfacet
facet normal 0 -1 -0
 outer loop
  vertex 0.84521306 -0.66609865 -0.46662092
  vertex 0.9067926 -0.66609865 -0.028806144
  vertex 0.8307305 -0.66609865 -0.026389873
 endloop
endfacet
facet normal 0 -1 0
 outer loop
  vertex 0.84521306 -0.66609865 -0.46662092
  vertex 0.8307305 -0.66609865 -0.026389873
  vertex 0.77431625 -0.66609865 -0.4274806
 endloop
endfacet
facet normal 0.99025285 0 -0.13928105
 outer loop
  vertex 0.84521306 -0.63145286 -0.46662092
  vertex 0.9067926 -0.63145286 -0.028806144
  vertex 0.9067926 -0.66609865 -0.028806144
 endloop
endfacet
facet normal 0.99025285 0 -0.13928105
 outer loop
  vertex 0.84521306 -0.63145286 -0.46662092
  vertex 0.9067926 -0.66609865 -0.028806144
  vertex 0.84521306 -0.66609865 -0.46662092
 endloop
endfacet
facet normal 0 1 0
 outer loop
  vertex 0.77749306 -0.63145286 -0.42923445
  vertex 0.8341388 -0.63145286 -0.026498146
  vertex 0.9067926 -0.63145286 -0.028806144
 endloop
endfacet
facet normal 0 1 -0
 outer loop
  vertex 0.77749306 -0.63145286 -0.42923445
  vertex 0.9067926 -0.63145286 -0.028806144
  vertex 0.84521306 -0.63145286 -0.46662092
 endloop
endfacet
facet normal 0.9017978 0.41312543 -0.12683955
 outer loop
  vertex 0.7714287 -0.61718696 -0.42588642
  vertex 0.8276325 -0.61718696 -0.026291464
  vertex 0.8341388 -0.63145286 -0.026498146
 endloop
endfacet
facet normal 0.90180075 0.4131186 -0.12684026
 outer loop
  vertex 0.7714287 -0.61718696 -0.42588642
  vertex 0.8341388 -0.63145286 -0.026498146
  vertex 0.77749306 -0.63145286 -0.42923445
 endloop
endfacet
facet normal 1.9146401e-07 1 -2.6929822e-08
 outer loop
  vertex 0.19367187 -0.61718684 -0.10692149
  vertex 0.20778221 -0.61718684 -0.0066006435
  vertex 0.8276325 -0.61718696 -0.026291464
 endloop
endfacet
facet normal 1.9146401e-07 1 -2.6929772e-08
 outer loop
  vertex 0.19367187 -0.61718684 -0.10692149
  vertex 0.8276325 -0.61718696 -0.026291464
  vertex 0.7714287 -0.61718696 -0.42588642
 endloop
endfacet
facet normal 0.69132674 0.7159696 -0.09723653
 outer loop
  vertex 0.15872474 -0.5808223 -0.087628044
  vertex 0.17028894 -0.5808223 -0.0054095904
  vertex 0.20778221 -0.61718684 -0.0066006435
 endloop
endfacet
facet normal 0.6913268 0.7159695 -0.09723659
 outer loop
  vertex 0.15872474 -0.5808223 -0.087628044
  vertex 0.20778221 -0.61718684 -0.0066006435
  vertex 0.19367187 -0.61718684 -0.10692149
 endloop
endfacet
facet normal 0 1 0
 outer loop
  vertex 0.12845264 -0.5808223 -0.07091559
  vertex 0.13781132 -0.5808223 -0.0043778694
  vertex 0.17028894 -0.5808223 -0.0054095904
 endloop
endfacet
facet normal 0 1 -0
 outer loop
  vertex 0.12845264 -0.5808223 -0.07091559
  vertex 0.17028894 -0.5808223 -0.0054095904
  vertex 0.15872474 -0.5808223 -0.087628044
 endloop
endfacet
facet normal 0.74852365 0.65469694 -0.105281405
 outer loop
  vertex 0.11728497 -0.5670627 -0.064750195
  vertex 0.12583 -0.5670627 -0.0039972584
  vertex 0.13781132 -0.5808223 -0.0043778694
 endloop
endfacet
facet normal 0.74852395 0.65469676 -0.10528152
 outer loop
  vertex 0.11728497 -0.5670627 -0.064750195
  vertex 0.13781132 -0.5808223 -0.0043778694
  vertex 0.12845264 -0.5808223 -0.07091559
 endloop
endfacet
facet normal -2.186212e-06 1 3.0749527e-07
 outer loop
  vertex 0.066686206 -0.5670628 -0.036815885
  vertex 0.07154477 -0.5670628 -0.0022727735
  vertex 0.12583 -0.5670627 -0.0039972584
 endloop
endfacet
facet normal -2.186212e-06 1 3.0749524e-07
 outer loop
  vertex 0.066686206 -0.5670628 -0.036815885
  vertex 0.12583 -0.5670627 -0.0039972584
  vertex 0.11728497 -0.5670627 -0.064750195
 endloop
endfacet
facet normal 0.8160844 -0.5452903 -0.19148025
 outer loop
  vertex 0.20860071 -0.08741386 -0.0883479
  vertex 0.22379872 -0.09377687 -0.0054540224
  vertex 0.17168796 -0.17176612 -0.0054540224
 endloop
endfacet
facet normal 0.8160844 -0.54529035 -0.19148028
 outer loop
  vertex 0.20860071 -0.08741386 -0.0883479
  vertex 0.17168796 -0.17176612 -0.0054540224
  vertex 0.16002877 -0.1601069 -0.0883479
 endloop
endfacet
facet normal 2.2248428e-06 -0.73873687 0.6739939
 outer loop
  vertex 0.24269457 -0.0060798805 1.2591107e-10
  vertex 0.20908768 -0.08668506 -0.0883479
  vertex 0.21585892 -0.08668506 -0.08834792
 endloop
endfacet
facet normal 1.725109e-06 -0.7387368 0.673994
 outer loop
  vertex 0.24269457 -0.0060798805 1.2591107e-10
  vertex 0.21585892 -0.08668506 -0.08834792
  vertex 0.24946581 -0.0060798805 -1.4743199e-08
 endloop
endfacet
facet normal 2.5054766e-07 -0.9971154 0.07590091
 outer loop
  vertex 0.20817174 -0.08630567 0.09333205
  vertex 0.20939434 -0.08681209 0.08667923
  vertex 0.21616557 -0.08681209 0.086679205
 endloop
endfacet
facet normal 1.66083e-07 -0.9971154 0.07590081
 outer loop
  vertex 0.20817174 -0.08630567 0.09333205
  vertex 0.21616557 -0.08681209 0.086679205
  vertex 0.21494298 -0.08630567 0.09333204
 endloop
endfacet
facet normal -1.5042235e-06 0.73288196 -0.6803558
 outer loop
  vertex 0.20911177 -0.08157982 -0.09333205
  vertex 0.24280353 0 -0.0054540224
  vertex 0.24957477 6.4625534e-11 -0.0054540373
 endloop
endfacet
facet normal -1.1470555e-06 0.7328819 -0.6803559
 outer loop
  vertex 0.20911177 -0.08157982 -0.09333205
  vertex 0.24957477 6.4625534e-11 -0.0054540373
  vertex 0.21588302 -0.08157982 -0.093332075
 endloop
endfacet
facet normal 0.83892256 -0.53130585 0.11799659
 outer loop
  vertex 0.04974633 -0.71874666 1.4531249e-08
  vertex 0.049484268 -0.71874666 0.0018632087
  vertex 0.03022582 -0.74931645 0.0011380702
 endloop
endfacet
facet normal 0.8389225 -0.53130585 0.11799593
 outer loop
  vertex 0.04974633 -0.71874666 1.4531249e-08
  vertex 0.03022582 -0.74931645 0.0011380702
  vertex 0.030385893 -0.74931645 -2.7748637e-09
 endloop
endfacet
facet normal 0 -1 0
 outer loop
  vertex 0.07902069 -0.71874666 1.6505792e-08
  vertex 0.07860441 -0.71874666 0.0029596477
  vertex 0.049484268 -0.71874666 0.0018632087
 endloop
endfacet
facet normal 0 -1 0
 outer loop
  vertex 0.07902069 -0.71874666 1.6505792e-08
  vertex 0.049484268 -0.71874666 0.0018632087
  vertex 0.04974633 -0.71874666 1.4531249e-08
 endloop
endfacet
facet normal 0 -1 0
 outer loop
  vertex 0.107944876 -0.71874666 1.6752246e-08
  vertex 0.10737623 -0.71874666 0.0040429663
  vertex 0.07860441 -0.71874666 0.0029596477
 endloop
endfacet
facet normal 0 -1 0
 outer loop
  vertex 0.107944876 -0.71874666 1.6752246e-08
  vertex 0.07860441 -0.71874666 0.0029596477
  vertex 0.07902069 -0.71874666 1.6505792e-08
 endloop
endfacet
facet normal 0.22853458 -0.973005 0.032144036
 outer loop
  vertex 0.24532954 -0.68647844 2.8590735e-08
  vertex 0.24403715 -0.68647844 0.009188557
  vertex 0.10737623 -0.71874666 0.0040429663
 endloop
endfacet
facet normal 0.22853455 -0.973005 0.03214352
 outer loop
  vertex 0.24532954 -0.68647844 2.8590735e-08
  vertex 0.10737623 -0.71874666 0.0040429663
  vertex 0.107944876 -0.71874666 1.6752246e-08
 endloop
endfacet
facet normal -1.0117698e-07 -1 -1.4230888e-08
 outer loop
  vertex 0.83444226 -0.6864785 -1.0100964e-08
  vertex 0.8300464 -0.6864785 0.031253
  vertex 0.24403715 -0.68647844 0.009188557
 endloop
endfacet
facet normal -1.0117698e-07 -1 -1.423083e-08
 outer loop
  vertex 0.83444226 -0.6864785 -1.0100964e-08
  vertex 0.24403715 -0.68647844 0.009188557
  vertex 0.24532954 -0.68647844 2.8590735e-08
 endloop
endfacet
facet normal 0.9902527 -1.2729912e-07 0.13928235
 outer loop
  vertex 0.83444226 -0.66609865 -9.396166e-09
  vertex 0.8300464 -0.66609865 0.031253017
  vertex 0.8300464 -0.6864785 0.031253
 endloop
endfacet
facet normal 0.9902527 0 0.13928242
 outer loop
  vertex 0.83444226 -0.66609865 -9.396166e-09
  vertex 0.8300464 -0.6864785 0.031253
  vertex 0.83444226 -0.6864785 -1.0100964e-08
 endloop
endfacet
facet normal 0 -1 0
 outer loop
  vertex 0.9108442 -0.66609865 -1.1880012e-08
  vertex 0.9060459 -0.66609865 0.034114555
  vertex 0.8300464 -0.66609865 0.031253017
 endloop
endfacet
facet normal 0 -1 0
 outer loop
  vertex 0.9108442 -0.66609865 -1.1880012e-08
  vertex 0.8300464 -0.66609865 0.031253017
  vertex 0.83444226 -0.66609865 -9.396166e-09
 endloop
endfacet
facet normal 0.9902528 -0 0.13928138
 outer loop
  vertex 0.9108442 -0.63145286 -1.2376889e-08
  vertex 0.9060459 -0.63145286 0.034114555
  vertex 0.9060459 -0.66609865 0.034114555
 endloop
endfacet
facet normal 0.9902528 0 0.13928138
 outer loop
  vertex 0.9108442 -0.63145286 -1.2376889e-08
  vertex 0.9060459 -0.66609865 0.034114555
  vertex 0.9108442 -0.66609865 -1.1880012e-08
 endloop
endfacet
facet normal 0 1 0
 outer loop
  vertex 0.83786577 -0.63145286 -1.1982184e-08
  vertex 0.833452 -0.63145286 0.03138123
  vertex 0.9060459 -0.63145286 0.034114555
 endloop
endfacet
facet normal 0 1 0
 outer loop
  vertex 0.83786577 -0.63145286 -1.1982184e-08
  vertex 0.9060459 -0.63145286 0.034114555
  vertex 0.9108442 -0.63145286 -1.2376889e-08
 endloop
endfacet
facet normal 0.9017993 0.41312185 0.12683941
 outer loop
  vertex 0.8313305 -0.61718696 -1.2104728e-08
  vertex 0.8269511 -0.61718696 0.031136462
  vertex 0.833452 -0.63145286 0.03138123
 endloop
endfacet
facet normal 0.9018002 0.41312003 0.12683855
 outer loop
  vertex 0.8313305 -0.61718696 -1.2104728e-08
  vertex 0.833452 -0.63145286 0.03138123
  vertex 0.83786577 -0.63145286 -1.1982184e-08
 endloop
endfacet
facet normal 1.9146401e-07 1 2.6929554e-08
 outer loop
  vertex 0.20871061 -0.61718684 -7.224017e-09
  vertex 0.20761114 -0.61718684 0.007816996
  vertex 0.8269511 -0.61718696 0.031136462
 endloop
endfacet
facet normal 1.91464e-07 1 2.6929698e-08
 outer loop
  vertex 0.20871061 -0.61718684 -7.224017e-09
  vertex 0.8269511 -0.61718696 0.031136462
  vertex 0.8313305 -0.61718696 -1.2104728e-08
 endloop
endfacet
facet normal 0 1 0
 outer loop
  vertex 0.13842706 -0.5808223 -3.8781836e-09
  vertex 0.13769785 -0.5808223 0.0051846197
  vertex 0.17014872 -0.5808223 0.0064064637
 endloop
endfacet
facet normal 0 1 0
 outer loop
  vertex 0.13842706 -0.5808223 -3.8781836e-09
  vertex 0.17014872 -0.5808223 0.0064064637
  vertex 0.1710498 -0.5808223 -4.7921436e-09
 endloop
endfacet
facet normal 0.69132644 0.71596974 0.097237036
 outer loop
  vertex 0.1710498 -0.5808223 -4.7921436e-09
  vertex 0.17014872 -0.5808223 0.0064064637
  vertex 0.20761114 -0.61718684 0.007816996
 endloop
endfacet
facet normal 0.6913267 0.71596974 0.097235605
 outer loop
  vertex 0.1710498 -0.5808223 -4.7921436e-09
  vertex 0.20761114 -0.61718684 0.007816996
  vertex 0.20871061 -0.61718684 -7.224017e-09
 endloop
endfacet
facet normal 0.7485237 0.65469694 0.10528134
 outer loop
  vertex 0.12639222 -0.5670627 -1.8235411e-09
  vertex 0.12572639 -0.5670627 0.004733871
  vertex 0.13769785 -0.5808223 0.0051846197
 endloop
endfacet
facet normal 0.7485241 0.6546967 0.105280034
 outer loop
  vertex 0.12639222 -0.5670627 -1.8235411e-09
  vertex 0.13769785 -0.5808223 0.0051846197
  vertex 0.13842706 -0.5808223 -3.8781836e-09
 endloop
endfacet
facet normal -2.186212e-06 1 -3.07495e-07
 outer loop
  vertex 0.07186443 -0.5670628 -6.350473e-10
  vertex 0.071485855 -0.5670628 0.0026916002
  vertex 0.12572639 -0.5670627 0.004733871
 endloop
endfacet
facet normal -2.186212e-06 1 -3.0749501e-07
 outer loop
  vertex 0.07186443 -0.5670628 -6.350473e-10
  vertex 0.12572639 -0.5670627 0.004733871
  vertex 0.12639222 -0.5670627 -1.8235411e-09
 endloop
endfacet
facet normal 0.9618273 -0.23787998 0.13528292
 outer loop
  vertex 0.16026348 -0.16034159 0.08667923
  vertex 0.06678401 -0.5670628 0.036120526
  vertex 0.071485855 -0.5670628 0.0026916002
 endloop
endfacet
facet normal 0.9551893 -0.24330497 0.16857076
 outer loop
  vertex 0.16026348 -0.16034159 0.08667923
  vertex 0.071485855 -0.5670628 0.0026916002
  vertex 0.1715466 -0.17162476 0.006459099
 endloop
endfacet
facet normal 0.8160846 -0.5452905 0.19147907
 outer loop
  vertex 0.22479868 -0.09419553 1.2591107e-10
  vertex 0.22361445 -0.09369973 0.006459099
  vertex 0.1715466 -0.17162476 0.006459099
 endloop
endfacet
facet normal 0.8160846 -0.5452905 0.19147885
 outer loop
  vertex 0.22479868 -0.09419553 1.2591107e-10
  vertex 0.1715466 -0.17162476 0.006459099
  vertex 0.17245507 -0.17253324 1.2591107e-10
 endloop
endfacet
facet normal 2.200651e-06 4.3773417e-07 1
 outer loop
  vertex 0.20817174 0.08630567 0.09333205
  vertex 0.20911177 0.08157982 0.09333205
  vertex 0.21588302 0.08157982 0.09333204
 endloop
endfacet
facet normal 2.200656e-06 4.377421e-07 1
 outer loop
  vertex 0.20817174 0.08630567 0.09333205
  vertex 0.21588302 0.08157982 0.09333204
  vertex 0.21494298 0.08630567 0.09333204
 endloop
endfacet
facet normal 0.9619521 -0.23736472 0.13530035
 outer loop
  vertex 0.15932775 -0.15940586 0.09333205
  vertex 0.066394076 -0.5670628 0.038892858
  vertex 0.06678401 -0.5670628 0.036120526
 endloop
endfacet
facet normal 0.9559163 -0.24062513 0.16829671
 outer loop
  vertex 0.15932775 -0.15940586 0.09333205
  vertex 0.06678401 -0.5670628 0.036120526
  vertex 0.16026348 -0.16034159 0.08667923
 endloop
endfacet
facet normal 0.9626372 -0.1914805 0.19148076
 outer loop
  vertex 0.24141607 -0.006048262 0.006459099
  vertex 0.22553737 -0.0056555765 0.08667923
  vertex 0.21033989 -0.082058474 0.08667923
 endloop
endfacet
facet normal 0.9626371 -0.19148108 0.1914802
 outer loop
  vertex 0.24141607 -0.006048262 0.006459099
  vertex 0.21033989 -0.082058474 0.08667923
  vertex 0.22514857 -0.0878302 0.006459099
 endloop
endfacet
facet normal 1.5064568e-06 0.72896546 0.6845505
 outer loop
  vertex 0.24260361 0 0.006459099
  vertex 0.20911177 -0.08157982 0.09333205
  vertex 0.21588302 -0.08157982 0.09333204
 endloop
endfacet
facet normal 1.7311959e-06 0.72896534 0.68455064
 outer loop
  vertex 0.24260361 0 0.006459099
  vertex 0.21588302 -0.08157982 0.09333204
  vertex 0.24937485 6.4625534e-11 0.006459084
 endloop
endfacet
facet normal 0.83892256 -0.5313059 0.117995776
 outer loop
  vertex 0.049484268 -0.71874666 0.0018632087
  vertex 0.04622954 -0.71874666 0.02500356
  vertex 0.028237773 -0.74931645 0.015272614
 endloop
endfacet
facet normal 0.83892256 -0.53130585 0.11799589
 outer loop
  vertex 0.049484268 -0.71874666 0.0018632087
  vertex 0.028237773 -0.74931645 0.015272614
  vertex 0.03022582 -0.74931645 0.0011380702
 endloop
endfacet
facet normal 0 -1 0
 outer loop
  vertex 0.07860441 -0.71874666 0.0029596477
  vertex 0.07343436 -0.71874666 0.03971741
  vertex 0.04622954 -0.71874666 0.02500356
 endloop
endfacet
facet normal 0 -1 0
 outer loop
  vertex 0.07860441 -0.71874666 0.0029596477
  vertex 0.04622954 -0.71874666 0.02500356
  vertex 0.049484268 -0.71874666 0.0018632087
 endloop
endfacet
facet normal 0 -1 0
 outer loop
  vertex 0.10737623 -0.71874666 0.0040429663
  vertex 0.100313775 -0.71874666 0.054255262
  vertex 0.07343436 -0.71874666 0.03971741
 endloop
endfacet
facet normal 0 -1 0
 outer loop
  vertex 0.10737623 -0.71874666 0.0040429663
  vertex 0.07343436 -0.71874666 0.03971741
  vertex 0.07860441 -0.71874666 0.0029596477
 endloop
endfacet
facet normal 0.22853458 -0.97300506 0.032143798
 outer loop
  vertex 0.24403715 -0.68647844 0.009188557
  vertex 0.22798613 -0.68647844 0.12330742
  vertex 0.100313775 -0.71874666 0.054255262
 endloop
endfacet
facet normal 0.22853461 -0.97300494 0.03214384
 outer loop
  vertex 0.24403715 -0.68647844 0.009188557
  vertex 0.100313775 -0.71874666 0.054255262
  vertex 0.10737623 -0.71874666 0.0040429663
 endloop
endfacet
facet normal -1.01177e-07 -1 -1.42307455e-08
 outer loop
  vertex 0.8300464 -0.6864785 0.031253
  vertex 0.77545184 -0.6864785 0.41940662
  vertex 0.22798613 -0.68647844 0.12330742
 endloop
endfacet
facet normal -1.0117699e-07 -1 -1.4230726e-08
 outer loop
  vertex 0.8300464 -0.6864785 0.031253
  vertex 0.22798613 -0.68647844 0.12330742
  vertex 0.24403715 -0.68647844 0.009188557
 endloop
endfacet
facet normal 0.9902529 -0 0.13928105
 outer loop
  vertex 0.8300464 -0.66609865 0.031253017
  vertex 0.77545184 -0.66609865 0.41940662
  vertex 0.77545184 -0.6864785 0.41940662
 endloop
endfacet
facet normal 0.9902529 0 0.13928105
 outer loop
  vertex 0.8300464 -0.66609865 0.031253017
  vertex 0.77545184 -0.6864785 0.41940662
  vertex 0.8300464 -0.6864785 0.031253
 endloop
endfacet
facet normal 0 -1 0
 outer loop
  vertex 0.9060459 -0.66609865 0.034114555
  vertex 0.84645265 -0.66609865 0.45780772
  vertex 0.77545184 -0.66609865 0.41940662
 endloop
endfacet
facet normal 0 -1 0
 outer loop
  vertex 0.9060459 -0.66609865 0.034114555
  vertex 0.77545184 -0.66609865 0.41940662
  vertex 0.8300464 -0.66609865 0.031253017
 endloop
endfacet
facet normal 0.99025285 -0 0.13928097
 outer loop
  vertex 0.9060459 -0.63145286 0.034114555
  vertex 0.84645265 -0.63145286 0.45780772
  vertex 0.84645265 -0.66609865 0.45780772
 endloop
endfacet
facet normal 0.99025285 0 0.13928097
 outer loop
  vertex 0.9060459 -0.63145286 0.034114555
  vertex 0.84645265 -0.66609865 0.45780772
  vertex 0.9060459 -0.66609865 0.034114555
 endloop
endfacet
facet normal 0 1 0
 outer loop
  vertex 0.833452 -0.63145286 0.03138123
  vertex 0.7786333 -0.63145286 0.42112735
  vertex 0.84645265 -0.63145286 0.45780772
 endloop
endfacet
facet normal 0 1 0
 outer loop
  vertex 0.833452 -0.63145286 0.03138123
  vertex 0.84645265 -0.63145286 0.45780772
  vertex 0.9060459 -0.63145286 0.034114555
 endloop
endfacet
facet normal 0.90180266 0.41311437 0.1268403
 outer loop
  vertex 0.8269511 -0.61718696 0.031136462
  vertex 0.7725601 -0.61718696 0.4178426
  vertex 0.7786333 -0.63145286 0.42112735
 endloop
endfacet
facet normal 0.9017993 0.41312167 0.12684016
 outer loop
  vertex 0.8269511 -0.61718696 0.031136462
  vertex 0.7786333 -0.63145286 0.42112735
  vertex 0.833452 -0.63145286 0.03138123
 endloop
endfacet
facet normal 1.9146397e-07 1 2.6929818e-08
 outer loop
  vertex 0.20761114 -0.61718684 0.007816996
  vertex 0.19395593 -0.61718684 0.10490201
  vertex 0.7725601 -0.61718696 0.4178426
 endloop
endfacet
facet normal 1.91464e-07 1 2.6929781e-08
 outer loop
  vertex 0.20761114 -0.61718684 0.007816996
  vertex 0.7725601 -0.61718696 0.4178426
  vertex 0.8269511 -0.61718696 0.031136462
 endloop
endfacet
facet normal 0 1 0
 outer loop
  vertex 0.13769785 -0.5808223 0.0051846197
  vertex 0.12864104 -0.5808223 0.06957617
  vertex 0.15895753 -0.5808223 0.08597297
 endloop
endfacet
facet normal 0 1 0
 outer loop
  vertex 0.13769785 -0.5808223 0.0051846197
  vertex 0.15895753 -0.5808223 0.08597297
  vertex 0.17014872 -0.5808223 0.0064064637
 endloop
endfacet
facet normal 0.6913266 0.71596974 0.097236484
 outer loop
  vertex 0.17014872 -0.5808223 0.0064064637
  vertex 0.15895753 -0.5808223 0.08597297
  vertex 0.19395593 -0.61718684 0.10490201
 endloop
endfacet
facet normal 0.6913265 0.7159698 0.09723655
 outer loop
  vertex 0.17014872 -0.5808223 0.0064064637
  vertex 0.19395593 -0.61718684 0.10490201
  vertex 0.20761114 -0.61718684 0.007816996
 endloop
endfacet
facet normal 0.7485238 0.6546969 0.105281435
 outer loop
  vertex 0.12572639 -0.5670627 0.004733871
  vertex 0.11745698 -0.5670627 0.06352722
  vertex 0.12864104 -0.5808223 0.06957617
 endloop
endfacet
facet normal 0.7485237 0.65469694 0.105281435
 outer loop
  vertex 0.12572639 -0.5670627 0.004733871
  vertex 0.12864104 -0.5808223 0.06957617
  vertex 0.13769785 -0.5808223 0.0051846197
 endloop
endfacet
facet normal -2.1862122e-06 1 -3.0749513e-07
 outer loop
  vertex 0.071485855 -0.5670628 0.0026916002
  vertex 0.06678401 -0.5670628 0.036120526
  vertex 0.11745698 -0.5670627 0.06352722
 endloop
endfacet
facet normal -2.186212e-06 1 -3.0749527e-07
 outer loop
  vertex 0.071485855 -0.5670628 0.0026916002
  vertex 0.11745698 -0.5670627 0.06352722
  vertex 0.12572639 -0.5670627 0.004733871
 endloop
endfacet
facet normal 0.8160843 -0.54529035 0.19148034
 outer loop
  vertex 0.22361445 -0.09369973 0.006459099
  vertex 0.20890667 -0.087541945 0.08667923
  vertex 0.16026348 -0.16034159 0.08667923
 endloop
endfacet
facet normal 0.8160844 -0.54529035 0.19148037
 outer loop
  vertex 0.22361445 -0.09369973 0.006459099
  vertex 0.16026348 -0.16034159 0.08667923
  vertex 0.1715466 -0.17162476 0.006459099
 endloop
endfacet
facet normal -3.3009835e-06 -6.566027e-07 -1
 outer loop
  vertex 0.20911177 0.08157982 -0.09333205
  vertex 0.20817174 0.08630567 -0.09333205
  vertex 0.21494298 0.08630567 -0.093332075
 endloop
endfacet
facet normal -3.3009765e-06 -6.566117e-07 -1
 outer loop
  vertex 0.20911177 0.08157982 -0.09333205
  vertex 0.21494298 0.08630567 -0.093332075
  vertex 0.21588302 0.08157982 -0.093332075
 endloop
endfacet
facet normal -1.4966492e-06 -0.7317637 -0.6815584
 outer loop
  vertex 0.20939434 -0.08681209 0.08667923
  vertex 0.24269457 -0.0060798805 1.2591107e-10
  vertex 0.24946581 -0.0060798805 -1.4743199e-08
 endloop
endfacet
facet normal -2.3223004e-06 -0.7317635 -0.68155855
 outer loop
  vertex 0.20939434 -0.08681209 0.08667923
  vertex 0.24946581 -0.0060798805 -1.4743199e-08
  vertex 0.21616557 -0.08681209 0.086679205
 endloop
endfacet
facet normal -1.670337e-07 -0.9971154 -0.07590195
 outer loop
  vertex 0.22532347 -0.09341015 1.2591107e-10
  vertex 0.22432116 -0.09299498 -0.0054540224
  vertex 0.23109241 -0.09299498 -0.0054540373
 endloop
endfacet
facet normal -1.6575406e-07 -0.99711525 -0.07590193
 outer loop
  vertex 0.22532347 -0.09341015 1.2591107e-10
  vertex 0.23109241 -0.09299498 -0.0054540373
  vertex 0.2320947 -0.09341015 -1.4743199e-08
 endloop
endfacet
facet normal -0.9806524 0.19506426 -0.01645782
 outer loop
  vertex 0.241615 -0.0060531823 -0.0054540224
  vertex 0.22533412 -0.08790251 -0.0054540224
  vertex 0.22514857 -0.0878302 0.006459099
 endloop
endfacet
facet normal -0.98065233 0.19506453 -0.016455982
 outer loop
  vertex 0.241615 -0.0060531823 -0.0054540224
  vertex 0.22514857 -0.0878302 0.006459099
  vertex 0.24141607 -0.006048262 0.006459099
 endloop
endfacet
facet normal 0.55220854 0.10984164 -0.8264385
 outer loop
  vertex 0.08661693 0.033837184 -0.2253235
  vertex 0.08622756 0.035794694 -0.2253235
  vertex 0.15932775 0.0660738 -0.17245513
 endloop
endfacet
facet normal 0.55220854 0.10984168 -0.8264385
 outer loop
  vertex 0.08661693 0.033837184 -0.2253235
  vertex 0.15932775 0.0660738 -0.17245513
  vertex 0.16004722 0.062456783 -0.17245513
 endloop
endfacet
facet normal 1.6703174e-07 -0.9971154 0.0759009
 outer loop
  vertex 0.20939434 -0.08681209 0.08667923
  vertex 0.22413647 -0.09291848 0.006459099
  vertex 0.23090771 -0.09291848 0.006459084
 endloop
endfacet
facet normal 2.1369999e-07 -0.9971154 0.075900905
 outer loop
  vertex 0.20939434 -0.08681209 0.08667923
  vertex 0.23090771 -0.09291848 0.006459084
  vertex 0.21616557 -0.08681209 0.086679205
 endloop
endfacet
facet normal 0.82032603 0.16317205 0.54812425
 outer loop
  vertex 0.20911177 0.08157982 0.09333205
  vertex 0.20817174 0.08630567 0.09333205
  vertex 0.15932775 0.0660738 0.17245513
 endloop
endfacet
facet normal 0.8203256 0.16317376 0.5481243
 outer loop
  vertex 0.20911177 0.08157982 0.09333205
  vertex 0.15932775 0.0660738 0.17245513
  vertex 0.16004722 0.062456783 0.17245513
 endloop
endfacet
facet normal 0.19491033 0.038770262 0.98005444
 outer loop
  vertex 0.005466762 0 0.24280098
  vertex 0.08661693 0.033837184 0.2253235
  vertex 0.08622756 0.035794694 0.2253235
 endloop
endfacet
facet normal 0.19494492 0.038690343 0.9800508
 outer loop
  vertex 0.005466762 0 0.24280098
  vertex 0.08622756 0.035794694 0.2253235
  vertex -7.2084108e-09 0 0.2438884
 endloop
endfacet
facet normal 0.1949104 0.03877014 -0.98005456
 outer loop
  vertex 0.005466762 0 -0.24280098
  vertex 0.08661693 0.033837184 -0.2253235
  vertex 0.09287519 0.0023748446 -0.2253235
 endloop
endfacet
facet normal 0.19495296 0.037503585 -0.9800953
 outer loop
  vertex 0.005466762 0 -0.24280098
  vertex 0.09287519 0.0023748446 -0.2253235
  vertex 0.093332045 0 -0.2253235
 endloop
endfacet
facet normal 0.82032555 0.16317376 -0.5481244
 outer loop
  vertex 0.16004722 0.062456783 -0.17245513
  vertex 0.15932775 0.0660738 -0.17245513
  vertex 0.20817174 0.08630567 -0.09333205
 endloop
endfacet
facet normal 0.82032603 0.16317207 -0.54812413
 outer loop
  vertex 0.16004722 0.062456783 -0.17245513
  vertex 0.20817174 0.08630567 -0.09333205
  vertex 0.20911177 0.08157982 -0.09333205
 endloop
endfacet
facet normal -3.3009762e-06 -6.5660527e-07 -1
 outer loop
  vertex 0.22553737 0.0056555765 0.08667923
  vertex 0.21033989 0.082058474 0.08667923
  vertex 0.21711114 0.082058474 0.086679205
 endloop
endfacet
facet normal -3.3009762e-06 -6.5660527e-07 -1
 outer loop
  vertex 0.22553737 0.0056555765 0.08667923
  vertex 0.21711114 0.082058474 0.086679205
  vertex 0.23230863 0.0056555765 0.086679205
 endloop
endfacet
facet normal 0.5522085 0.109841675 0.8264385
 outer loop
  vertex 0.16004722 0.062456783 0.17245513
  vertex 0.15932775 0.0660738 0.17245513
  vertex 0.08622756 0.035794694 0.2253235
 endloop
endfacet
facet normal 0.55220854 0.10984164 0.8264385
 outer loop
  vertex 0.16004722 0.062456783 0.17245513
  vertex 0.08622756 0.035794694 0.2253235
  vertex 0.08661693 0.033837184 0.2253235
 endloop
endfacet
facet normal 0.81608444 0.54529035 -0.19147973
 outer loop
  vertex 0.22418202 0.093203224 -0.0054540224
  vertex 0.17168796 0.17176612 -0.0054540224
  vertex 0.17245507 0.17253324 1.2591107e-10
 endloop
endfacet
facet normal 0.8160842 0.5452903 -0.19148116
 outer loop
  vertex 0.22418202 0.093203224 -0.0054540224
  vertex 0.17245507 0.17253324 1.2591107e-10
  vertex 0.2251837 0.093619324 1.2591107e-10
 endloop
endfacet
facet normal 0.69543856 0.46467718 0.5481244
 outer loop
  vertex 0.2080426 0.086498916 0.09333205
  vertex 0.15932775 0.15940586 0.09333205
  vertex 0.12194415 0.12202227 0.17245513
 endloop
endfacet
facet normal 0.6954385 0.46467727 0.5481244
 outer loop
  vertex 0.2080426 0.086498916 0.09333205
  vertex 0.12194415 0.12202227 0.17245513
  vertex 0.1592289 0.06622171 0.17245513
 endloop
endfacet
facet normal 0.16518955 0.11037749 0.980066
 outer loop
  vertex 0.08622756 0.035794694 0.2253235
  vertex 0.08617407 0.035874743 0.2253235
  vertex -7.2084108e-09 0 0.2438884
 endloop
endfacet
facet normal 0.16519 0.11037646 0.980066
 outer loop
  vertex 0.08617407 0.035874743 0.2253235
  vertex 0.0659957 0.0660738 0.2253235
  vertex -7.2084108e-09 0 0.2438884
 endloop
endfacet
facet normal 0.16519 0.11037646 -0.980066
 outer loop
  vertex -7.2084108e-09 0 -0.2438884
  vertex 0.0659957 0.0660738 -0.2253235
  vertex 0.08617407 0.035874743 -0.2253235
 endloop
endfacet
facet normal 0.16518955 0.11037749 -0.980066
 outer loop
  vertex -7.2084108e-09 0 -0.2438884
  vertex 0.08617407 0.035874743 -0.2253235
  vertex 0.08622756 0.035794694 -0.2253235
 endloop
endfacet
facet normal 0.6954385 0.46467727 -0.54812443
 outer loop
  vertex 0.1592289 0.06622171 -0.17245513
  vertex 0.12194415 0.12202227 -0.17245513
  vertex 0.15932775 0.15940586 -0.09333205
 endloop
endfacet
facet normal 0.69543856 0.46467718 -0.5481244
 outer loop
  vertex 0.1592289 0.06622171 -0.17245513
  vertex 0.15932775 0.15940586 -0.09333205
  vertex 0.2080426 0.086498916 -0.09333205
 endloop
endfacet
facet normal 0.8160844 0.5452904 0.19148014
 outer loop
  vertex 0.20926446 0.08700647 0.08667923
  vertex 0.16026348 0.16034159 0.08667923
  vertex 0.15932775 0.15940586 0.09333205
 endloop
endfacet
facet normal 0.8160841 0.54529 0.19148229
 outer loop
  vertex 0.20926446 0.08700647 0.08667923
  vertex 0.15932775 0.15940586 0.09333205
  vertex 0.2080426 0.086498916 0.09333205
 endloop
endfacet
facet normal 0.4681399 0.31280115 0.8264384
 outer loop
  vertex 0.1592289 0.06622171 0.17245513
  vertex 0.12194415 0.12202227 0.17245513
  vertex 0.0659957 0.0660738 0.2253235
 endloop
endfacet
facet normal 0.4681399 0.31280118 0.8264384
 outer loop
  vertex 0.1592289 0.06622171 0.17245513
  vertex 0.0659957 0.0660738 0.2253235
  vertex 0.08617407 0.035874743 0.2253235
 endloop
endfacet
facet normal 0.4681399 0.31280118 -0.8264384
 outer loop
  vertex 0.08617407 0.035874743 -0.2253235
  vertex 0.0659957 0.0660738 -0.2253235
  vertex 0.12194415 0.12202227 -0.17245513
 endloop
endfacet
facet normal 0.4681399 0.31280115 -0.8264384
 outer loop
  vertex 0.08617407 0.035874743 -0.2253235
  vertex 0.12194415 0.12202227 -0.17245513
  vertex 0.1592289 0.06622171 -0.17245513
 endloop
endfacet
facet normal 0.11035146 0.16515273 -0.98007506
 outer loop
  vertex -7.2084108e-09 0 -0.2438884
  vertex 0.0357166 0.08630563 -0.2253235
  vertex 0.0659957 0.0660738 -0.2253235
 endloop
endfacet
facet normal 0.04908384 0.24676158 -0.9678323
 outer loop
  vertex 0.06599566 0.15940583 -0.17245513
  vertex -6.1721714e-08 0.17253317 -0.17245513
  vertex -1.9234238e-07 0.5670628 -0.07186463
 endloop
endfacet
facet normal 0 0.23956734 -0.9708798
 outer loop
  vertex 0.06599566 0.15940583 -0.17245513
  vertex -1.9234238e-07 0.5670628 -0.07186463
  vertex 0.027501209 0.5670628 -0.07186463
 endloop
endfacet
facet normal 0.31280097 0.46814007 0.82643837
 outer loop
  vertex 0.12194415 0.12202227 0.17245513
  vertex 0.06599566 0.15940583 0.17245513
  vertex 0.0357166 0.08630563 0.2253235
 endloop
endfacet
facet normal 0.31280097 0.46814004 0.8264384
 outer loop
  vertex 0.12194415 0.12202227 0.17245513
  vertex 0.0357166 0.08630563 0.2253235
  vertex 0.0659957 0.0660738 0.2253235
 endloop
endfacet
facet normal 0.31280097 0.46814007 -0.82643837
 outer loop
  vertex 0.0659957 0.0660738 -0.2253235
  vertex 0.0357166 0.08630563 -0.2253235
  vertex 0.06599566 0.15940583 -0.17245513
 endloop
endfacet
facet normal 0.31280097 0.46814007 -0.8264384
 outer loop
  vertex 0.0659957 0.0660738 -0.2253235
  vertex 0.06599566 0.15940583 -0.17245513
  vertex 0.12194415 0.12202227 -0.17245513
 endloop
endfacet
facet normal 0.11035146 0.16515273 0.98007506
 outer loop
  vertex 0.0659957 0.0660738 0.2253235
  vertex 0.0357166 0.08630563 0.2253235
  vertex -7.2084108e-09 0 0.2438884
 endloop
endfacet
facet normal 0.9551299 0.24352327 0.16859184
 outer loop
  vertex 0.1715466 0.17162476 0.006459099
  vertex 0.17245507 0.17253324 1.2591107e-10
  vertex 0.07186443 0.5670628 -6.350473e-10
 endloop
endfacet
facet normal 0.960256 0.24426779 0.13506187
 outer loop
  vertex 0.1715466 0.17162476 0.006459099
  vertex 0.07186443 0.5670628 -6.350473e-10
  vertex 0.071485855 0.5670628 0.0026916002
 endloop
endfacet
facet normal 0.109840974 0.55220884 0.82643837
 outer loop
  vertex 0.06599566 0.15940583 0.17245513
  vertex -6.1721714e-08 0.17253317 0.17245513
  vertex -3.6282174e-08 0.09341011 0.2253235
 endloop
endfacet
facet normal 0.10984111 0.5522087 0.8264384
 outer loop
  vertex 0.06599566 0.15940583 0.17245513
  vertex -3.6282174e-08 0.09341011 0.2253235
  vertex 0.0357166 0.08630563 0.2253235
 endloop
endfacet
facet normal 0.10984112 0.5522088 -0.8264383
 outer loop
  vertex 0.0357166 0.08630563 -0.2253235
  vertex -3.6282174e-08 0.09341011 -0.2253235
  vertex -6.1721714e-08 0.17253317 -0.17245513
 endloop
endfacet
facet normal 0.10984096 0.5522088 -0.8264384
 outer loop
  vertex 0.0357166 0.08630563 -0.2253235
  vertex -6.1721714e-08 0.17253317 -0.17245513
  vertex 0.06599566 0.15940583 -0.17245513
 endloop
endfacet
facet normal 0.038745545 0.19478709 0.98008
 outer loop
  vertex 0.0357166 0.08630563 0.2253235
  vertex -3.6282174e-08 0.09341011 0.2253235
  vertex -7.2084108e-09 0 0.2438884
 endloop
endfacet
facet normal 0.038745545 0.19478709 -0.98008
 outer loop
  vertex -7.2084108e-09 0 -0.2438884
  vertex -3.6282174e-08 0.09341011 -0.2253235
  vertex 0.0357166 0.08630563 -0.2253235
 endloop
endfacet
facet normal -0.048454415 0.24359637 -0.9686656
 outer loop
  vertex -6.1721714e-08 0.17253317 -0.17245513
  vertex -0.065995775 0.15940578 -0.17245513
  vertex -0.027501589 0.5670628 -0.07186463
 endloop
endfacet
facet normal 0 0.24705933 -0.96900034
 outer loop
  vertex -6.1721714e-08 0.17253317 -0.17245513
  vertex -0.027501589 0.5670628 -0.07186463
  vertex -1.9234238e-07 0.5670628 -0.07186463
 endloop
endfacet
facet normal -0.10984146 0.55220866 -0.8264384
 outer loop
  vertex -3.6282174e-08 0.09341011 -0.2253235
  vertex -0.035716668 0.08630561 -0.2253235
  vertex -0.065995775 0.15940578 -0.17245513
 endloop
endfacet
facet normal -0.10984133 0.5522087 -0.82643837
 outer loop
  vertex -3.6282174e-08 0.09341011 -0.2253235
  vertex -0.065995775 0.15940578 -0.17245513
  vertex -6.1721714e-08 0.17253317 -0.17245513
 endloop
endfacet
facet normal 0.9559757 0.24040549 -0.16827261
 outer loop
  vertex 0.16002877 0.1601069 -0.0883479
  vertex 0.15932775 0.15940586 -0.09333205
  vertex 0.066394076 0.5670628 -0.038892858
 endloop
endfacet
facet normal 0.9618587 0.23775052 -0.13528712
 outer loop
  vertex 0.16002877 0.1601069 -0.0883479
  vertex 0.066394076 0.5670628 -0.038892858
  vertex 0.066686206 0.5670628 -0.036815885
 endloop
endfacet
facet normal -0.038745668 0.19478704 0.98008
 outer loop
  vertex -3.6282174e-08 0.09341011 0.2253235
  vertex -0.035716668 0.08630561 0.2253235
  vertex -7.2084108e-09 0 0.2438884
 endloop
endfacet
facet normal -0.038745668 0.19478704 -0.98008
 outer loop
  vertex -7.2084108e-09 0 -0.2438884
  vertex -0.035716668 0.08630561 -0.2253235
  vertex -3.6282174e-08 0.09341011 -0.2253235
 endloop
endfacet
facet normal 0.82605594 0.24657102 -0.50678825
 outer loop
  vertex 0.15932775 0.15940586 -0.09333205
  vertex 0.12194415 0.12202227 -0.17245513
  vertex 0.05081578 0.5670628 -0.07186463
 endloop
endfacet
facet normal 0.87438834 0.25450405 -0.41312557
 outer loop
  vertex 0.15932775 0.15940586 -0.09333205
  vertex 0.05081578 0.5670628 -0.07186463
  vertex 0.066394076 0.5670628 -0.038892858
 endloop
endfacet
facet normal -0.10984133 0.5522087 0.8264384
 outer loop
  vertex -6.1721714e-08 0.17253317 0.17245513
  vertex -0.065995775 0.15940578 0.17245513
  vertex -0.035716668 0.08630561 0.2253235
 endloop
endfacet
facet normal -0.10984148 0.5522087 0.82643837
 outer loop
  vertex -6.1721714e-08 0.17253317 0.17245513
  vertex -0.035716668 0.08630561 0.2253235
  vertex -3.6282174e-08 0.09341011 0.2253235
 endloop
endfacet
facet normal 0 -1 2.186212e-06
 outer loop
  vertex -0.05081616 0.5670628 -0.07186463
  vertex -0.08937313 0.5670627 -0.12639241
  vertex -0.04836847 0.5670627 -0.12639241
 endloop
endfacet
facet normal 0 -1 2.186212e-06
 outer loop
  vertex -0.05081616 0.5670628 -0.07186463
  vertex -0.04836847 0.5670627 -0.12639241
  vertex -0.027501589 0.5670628 -0.07186463
 endloop
endfacet
facet normal -0.11035153 0.16515267 0.98007506
 outer loop
  vertex -0.035716668 0.08630561 0.2253235
  vertex -0.06599576 0.06607376 0.2253235
  vertex -7.2084108e-09 0 0.2438884
 endloop
endfacet
facet normal -0.11035153 0.16515267 -0.98007506
 outer loop
  vertex -7.2084108e-09 0 -0.2438884
  vertex -0.06599576 0.06607376 -0.2253235
  vertex -0.035716668 0.08630561 -0.2253235
 endloop
endfacet
facet normal 0.16776328 0.2510757 -0.95331866
 outer loop
  vertex 0.12194415 0.12202227 -0.17245513
  vertex 0.06599566 0.15940583 -0.17245513
  vertex 0.027501209 0.5670628 -0.07186463
 endloop
endfacet
facet normal 0 0.22046414 -0.9753951
 outer loop
  vertex 0.12194415 0.12202227 -0.17245513
  vertex 0.027501209 0.5670628 -0.07186463
  vertex 0.05081578 0.5670628 -0.07186463
 endloop
endfacet
facet normal -0.31280148 0.46813986 0.8264383
 outer loop
  vertex -0.065995775 0.15940578 0.17245513
  vertex -0.12194423 0.122022174 0.17245513
  vertex -0.06599576 0.06607376 0.2253235
 endloop
endfacet
facet normal -0.3128012 0.46813992 0.8264384
 outer loop
  vertex -0.065995775 0.15940578 0.17245513
  vertex -0.06599576 0.06607376 0.2253235
  vertex -0.035716668 0.08630561 0.2253235
 endloop
endfacet
facet normal -0.3128013 0.46814004 -0.8264383
 outer loop
  vertex -0.035716668 0.08630561 -0.2253235
  vertex -0.06599576 0.06607376 -0.2253235
  vertex -0.12194423 0.122022174 -0.17245513
 endloop
endfacet
facet normal -0.31280142 0.4681398 -0.82643837
 outer loop
  vertex -0.035716668 0.08630561 -0.2253235
  vertex -0.12194423 0.122022174 -0.17245513
  vertex -0.065995775 0.15940578 -0.17245513
 endloop
endfacet
facet normal 0 0.22046411 -0.9753951
 outer loop
  vertex -0.12194423 0.122022174 -0.17245513
  vertex -0.05081616 0.5670628 -0.07186463
  vertex -0.027501589 0.5670628 -0.07186463
 endloop
endfacet
facet normal -0.16776334 0.25107557 -0.9533187
 outer loop
  vertex -0.12194423 0.122022174 -0.17245513
  vertex -0.027501589 0.5670628 -0.07186463
  vertex -0.065995775 0.15940578 -0.17245513
 endloop
endfacet
facet normal -0.16519003 0.11037634 -0.98006594
 outer loop
  vertex -7.2084108e-09 0 -0.2438884
  vertex -0.086227596 0.03579465 -0.2253235
  vertex -0.06599576 0.06607376 -0.2253235
 endloop
endfacet
facet normal -0.69543874 0.46467695 -0.5481243
 outer loop
  vertex -0.12194423 0.122022174 -0.17245513
  vertex -0.15932778 0.06607369 -0.17245513
  vertex -0.20817177 0.08630555 -0.09333205
 endloop
endfacet
facet normal -0.69543874 0.46467707 -0.54812425
 outer loop
  vertex -0.12194423 0.122022174 -0.17245513
  vertex -0.20817177 0.08630555 -0.09333205
  vertex -0.15932779 0.15940577 -0.09333205
 endloop
endfacet
facet normal -0.81608456 0.5452899 0.19148059
 outer loop
  vertex -0.1724552 0.17253311 1.2591107e-10
  vertex -0.22532354 0.09340999 1.2591107e-10
  vertex -0.20817177 0.08630555 0.09333205
 endloop
endfacet
facet normal -0.8160845 0.54529 0.19148074
 outer loop
  vertex -0.1724552 0.17253311 1.2591107e-10
  vertex -0.20817177 0.08630555 0.09333205
  vertex -0.15932779 0.15940577 0.09333205
 endloop
endfacet
facet normal -0.46814016 0.312801 0.82643837
 outer loop
  vertex -0.12194423 0.122022174 0.17245513
  vertex -0.15932778 0.06607369 0.17245513
  vertex -0.086227596 0.03579465 0.2253235
 endloop
endfacet
facet normal -0.46814018 0.31280097 0.8264383
 outer loop
  vertex -0.12194423 0.122022174 0.17245513
  vertex -0.086227596 0.03579465 0.2253235
  vertex -0.06599576 0.06607376 0.2253235
 endloop
endfacet
facet normal -0.46814018 0.31280097 -0.82643837
 outer loop
  vertex -0.06599576 0.06607376 -0.2253235
  vertex -0.086227596 0.03579465 -0.2253235
  vertex -0.15932778 0.06607369 -0.17245513
 endloop
endfacet
facet normal -0.46814016 0.312801 -0.82643837
 outer loop
  vertex -0.06599576 0.06607376 -0.2253235
  vertex -0.15932778 0.06607369 -0.17245513
  vertex -0.12194423 0.122022174 -0.17245513
 endloop
endfacet
facet normal -0.8160845 0.54529 -0.1914806
 outer loop
  vertex -0.15932779 0.15940577 -0.09333205
  vertex -0.20817177 0.08630555 -0.09333205
  vertex -0.22532354 0.09340999 1.2591107e-10
 endloop
endfacet
facet normal -0.81608456 0.5452899 -0.19148073
 outer loop
  vertex -0.15932779 0.15940577 -0.09333205
  vertex -0.22532354 0.09340999 1.2591107e-10
  vertex -0.1724552 0.17253311 1.2591107e-10
 endloop
endfacet
facet normal -0.69543874 0.46467707 0.5481244
 outer loop
  vertex -0.15932779 0.15940577 0.09333205
  vertex -0.20817177 0.08630555 0.09333205
  vertex -0.15932778 0.06607369 0.17245513
 endloop
endfacet
facet normal -0.6954388 0.46467698 0.54812425
 outer loop
  vertex -0.15932779 0.15940577 0.09333205
  vertex -0.15932778 0.06607369 0.17245513
  vertex -0.12194423 0.122022174 0.17245513
 endloop
endfacet
facet normal -0.16519003 0.11037634 0.98006594
 outer loop
  vertex -0.06599576 0.06607376 0.2253235
  vertex -0.086227596 0.03579465 0.2253235
  vertex -7.2084108e-09 0 0.2438884
 endloop
endfacet
facet normal -0.5522167 0.109712794 0.82645005
 outer loop
  vertex -0.15932778 0.06607369 0.17245513
  vertex -0.1724551 0 0.17245513
  vertex -0.09333207 0 0.2253235
 endloop
endfacet
facet normal -0.55228597 0.10961693 0.8264166
 outer loop
  vertex -0.15932778 0.06607369 0.17245513
  vertex -0.09333207 0 0.2253235
  vertex -0.086227596 0.03579465 0.2253235
 endloop
endfacet
facet normal -0.5522234 0.109604515 -0.82646
 outer loop
  vertex -0.086227596 0.03579465 -0.2253235
  vertex -0.09333207 0 -0.2253235
  vertex -0.1724551 0 -0.17245513
 endloop
endfacet
facet normal -0.5522506 0.10971953 -0.8264266
 outer loop
  vertex -0.086227596 0.03579465 -0.2253235
  vertex -0.1724551 0 -0.17245513
  vertex -0.15932778 0.06607369 -0.17245513
 endloop
endfacet
facet normal -0.96266913 0.1913136 -0.19148691
 outer loop
  vertex -0.20817177 0.08630555 -0.09333205
  vertex -0.22532348 0 -0.09333205
  vertex -0.2438884 0 1.2591107e-10
 endloop
endfacet
facet normal -0.96266896 0.19132648 -0.19147491
 outer loop
  vertex -0.20817177 0.08630555 -0.09333205
  vertex -0.2438884 0 1.2591107e-10
  vertex -0.22532354 0.09340999 1.2591107e-10
 endloop
endfacet
facet normal -0.82034546 0.16302925 0.5481376
 outer loop
  vertex -0.20817177 0.08630555 0.09333205
  vertex -0.22532348 0 0.09333205
  vertex -0.1724551 0 0.17245513
 endloop
endfacet
facet normal -0.82037383 0.16298945 0.54810697
 outer loop
  vertex -0.20817177 0.08630555 0.09333205
  vertex -0.1724551 0 0.17245513
  vertex -0.15932778 0.06607369 0.17245513
 endloop
endfacet
facet normal -0.19494417 0.038692243 0.98005086
 outer loop
  vertex -0.086227596 0.03579465 0.2253235
  vertex -0.09333207 0 0.2253235
  vertex -7.2084108e-09 0 0.2438884
 endloop
endfacet
facet normal -0.19494417 0.038692243 -0.98005086
 outer loop
  vertex -7.2084108e-09 0 -0.2438884
  vertex -0.09333207 0 -0.2253235
  vertex -0.086227596 0.03579465 -0.2253235
 endloop
endfacet
facet normal -0.8203515 0.16298501 -0.54814166
 outer loop
  vertex -0.15932778 0.06607369 -0.17245513
  vertex -0.1724551 0 -0.17245513
  vertex -0.22532348 0 -0.09333205
 endloop
endfacet
facet normal -0.8203625 0.16303265 -0.5481111
 outer loop
  vertex -0.15932778 0.06607369 -0.17245513
  vertex -0.22532348 0 -0.09333205
  vertex -0.20817177 0.08630555 -0.09333205
 endloop
endfacet
facet normal -0.96266675 0.19132605 0.19148645
 outer loop
  vertex -0.22532354 0.09340999 1.2591107e-10
  vertex -0.2438884 0 1.2591107e-10
  vertex -0.22532348 0 0.09333205
 endloop
endfacet
facet normal -0.96267146 0.19131406 0.19147444
 outer loop
  vertex -0.22532354 0.09340999 1.2591107e-10
  vertex -0.22532348 0 0.09333205
  vertex -0.20817177 0.08630555 0.09333205
 endloop
endfacet
facet normal -0.8789823 0.23434962 0.41529548
 outer loop
  vertex -0.12194423 0.122022174 0.17245513
  vertex -0.05081616 0.5670628 0.07186463
  vertex -0.06639443 0.5670628 0.038892858
 endloop
endfacet
facet normal -0.82199764 0.25536656 0.5090263
 outer loop
  vertex -0.12194423 0.122022174 0.17245513
  vertex -0.06639443 0.5670628 0.038892858
  vertex -0.15932779 0.15940577 0.09333205
 endloop
endfacet
facet normal -0.87438875 0.25450334 -0.41312516
 outer loop
  vertex -0.15932779 0.15940577 -0.09333205
  vertex -0.06639443 0.5670628 -0.038892858
  vertex -0.05081616 0.5670628 -0.07186463
 endloop
endfacet
facet normal -0.82605636 0.24657036 -0.5067878
 outer loop
  vertex -0.15932779 0.15940577 -0.09333205
  vertex -0.05081616 0.5670628 -0.07186463
  vertex -0.12194423 0.122022174 -0.17245513
 endloop
endfacet
facet normal -0.96012396 0.2447958 0.13504444
 outer loop
  vertex -0.06639443 0.5670628 0.038892858
  vertex -0.071864836 0.5670628 -6.350473e-10
  vertex -0.1724552 0.17253311 1.2591107e-10
 endloop
endfacet
facet normal -0.9559756 0.24040483 0.16827409
 outer loop
  vertex -0.06639443 0.5670628 0.038892858
  vertex -0.1724552 0.17253311 1.2591107e-10
  vertex -0.15932779 0.15940577 0.09333205
 endloop
endfacet
facet normal -0.9559756 0.24040483 -0.16827409
 outer loop
  vertex -0.06639443 0.5670628 -0.038892858
  vertex -0.15932779 0.15940577 -0.09333205
  vertex -0.1724552 0.17253311 1.2591107e-10
 endloop
endfacet
facet normal -0.96012396 0.2447958 -0.13504441
 outer loop
  vertex -0.06639443 0.5670628 -0.038892858
  vertex -0.1724552 0.17253311 1.2591107e-10
  vertex -0.071864836 0.5670628 -6.350473e-10
 endloop
endfacet
facet normal -0.16175671 0.24208573 0.9566761
 outer loop
  vertex -0.05081616 0.5670628 0.07186463
  vertex -0.12194423 0.122022174 0.17245513
  vertex -0.065995775 0.15940578 0.17245513
 endloop
endfacet
facet normal 0 0.23956731 0.97087973
 outer loop
  vertex -0.05081616 0.5670628 0.07186463
  vertex -0.065995775 0.15940578 0.17245513
  vertex -0.027501589 0.5670628 0.07186463
 endloop
endfacet
facet normal -0.048454415 0.24359637 0.9686656
 outer loop
  vertex -0.027501589 0.5670628 0.07186463
  vertex -0.065995775 0.15940578 0.17245513
  vertex -6.1721714e-08 0.17253317 0.17245513
 endloop
endfacet
facet normal 0 0.24705933 0.96900034
 outer loop
  vertex -0.027501589 0.5670628 0.07186463
  vertex -6.1721714e-08 0.17253317 0.17245513
  vertex -1.9234238e-07 0.5670628 0.07186463
 endloop
endfacet
facet normal 0.04845426 0.24359643 0.9686656
 outer loop
  vertex -6.1721714e-08 0.17253317 0.17245513
  vertex 0.06599566 0.15940583 0.17245513
  vertex 0.027501209 0.5670628 0.07186463
 endloop
endfacet
facet normal -0 0.24705935 0.96900034
 outer loop
  vertex -6.1721714e-08 0.17253317 0.17245513
  vertex 0.027501209 0.5670628 0.07186463
  vertex -1.9234238e-07 0.5670628 0.07186463
 endloop
endfacet
facet normal 0.16175646 0.24208584 0.9566761
 outer loop
  vertex 0.06599566 0.15940583 0.17245513
  vertex 0.12194415 0.12202227 0.17245513
  vertex 0.05081578 0.5670628 0.07186463
 endloop
endfacet
facet normal -0 0.23956731 0.97087973
 outer loop
  vertex 0.06599566 0.15940583 0.17245513
  vertex 0.05081578 0.5670628 0.07186463
  vertex 0.027501209 0.5670628 0.07186463
 endloop
endfacet
facet normal 0.8219973 0.25536722 0.5090266
 outer loop
  vertex 0.12194415 0.12202227 0.17245513
  vertex 0.15932775 0.15940586 0.09333205
  vertex 0.066394076 0.5670628 0.038892858
 endloop
endfacet
facet normal 0.8789819 0.23435028 0.4152959
 outer loop
  vertex 0.12194415 0.12202227 0.17245513
  vertex 0.066394076 0.5670628 0.038892858
  vertex 0.05081578 0.5670628 0.07186463
 endloop
endfacet
facet normal -0 -0.6583555 -0.7527071
 outer loop
  vertex -0.04836847 0.5670627 -0.12639241
  vertex -0.052974008 0.5808223 -0.13842726
  vertex -1.9600881e-07 0.5808223 -0.13842726
 endloop
endfacet
facet normal 0 -0.6583555 -0.7527071
 outer loop
  vertex -0.04836847 0.5670627 -0.12639241
  vertex -1.9600881e-07 0.5808223 -0.13842726
  vertex -1.9536407e-07 0.5670627 -0.12639241
 endloop
endfacet
facet normal 0 -1 -2.186212e-06
 outer loop
  vertex 0.05081578 0.5670628 0.07186463
  vertex 0.08937275 0.5670627 0.12639241
  vertex 0.048368078 0.5670627 0.12639241
 endloop
endfacet
facet normal 0 -1 -2.1862122e-06
 outer loop
  vertex 0.05081578 0.5670628 0.07186463
  vertex 0.048368078 0.5670627 0.12639241
  vertex 0.027501209 0.5670628 0.07186463
 endloop
endfacet
facet normal 1.8533817e-06 -1 8.756731e-07
 outer loop
  vertex -0.06639443 0.5670628 -0.038892858
  vertex -0.11677153 0.5670627 -0.06840308
  vertex -0.08937313 0.5670627 -0.12639241
 endloop
endfacet
facet normal 1.8533817e-06 -1 8.75673e-07
 outer loop
  vertex -0.06639443 0.5670628 -0.038892858
  vertex -0.08937313 0.5670627 -0.12639241
  vertex -0.05081616 0.5670628 -0.07186463
 endloop
endfacet
facet normal -2.186213e-06 -1 -3.0749365e-07
 outer loop
  vertex 0.06678401 0.5670628 0.036120526
  vertex 0.11745698 0.5670627 0.06352722
  vertex 0.116771184 0.5670627 0.06840308
 endloop
endfacet
facet normal -2.1862127e-06 -1 -3.0749493e-07
 outer loop
  vertex 0.06678401 0.5670628 0.036120526
  vertex 0.116771184 0.5670627 0.06840308
  vertex 0.066394076 0.5670628 0.038892858
 endloop
endfacet
facet normal -1.8533807e-06 -1 -8.756738e-07
 outer loop
  vertex 0.066394076 0.5670628 0.038892858
  vertex 0.116771184 0.5670627 0.06840308
  vertex 0.08937275 0.5670627 0.12639241
 endloop
endfacet
facet normal -1.8533805e-06 -1 -8.7567366e-07
 outer loop
  vertex 0.066394076 0.5670628 0.038892858
  vertex 0.08937275 0.5670627 0.12639241
  vertex 0.05081578 0.5670628 0.07186463
 endloop
endfacet
facet normal 2.1862115e-06 -1 3.0749743e-07
 outer loop
  vertex -0.071864836 0.5670628 -6.350473e-10
  vertex -0.12639263 0.5670627 -1.8235411e-09
  vertex -0.11677153 0.5670627 -0.06840308
 endloop
endfacet
facet normal 2.1862115e-06 -1 3.0749752e-07
 outer loop
  vertex -0.071864836 0.5670628 -6.350473e-10
  vertex -0.11677153 0.5670627 -0.06840308
  vertex -0.06639443 0.5670628 -0.038892858
 endloop
endfacet
facet normal -2.1862122e-06 -1 3.074944e-07
 outer loop
  vertex 0.07154477 0.5670628 -0.0022727735
  vertex 0.12583 0.5670627 -0.0039972584
  vertex 0.12639222 0.5670627 -1.8235411e-09
 endloop
endfacet
facet normal -2.186212e-06 -1 3.0749231e-07
 outer loop
  vertex 0.07154477 0.5670628 -0.0022727735
  vertex 0.12639222 0.5670627 -1.8235411e-09
  vertex 0.07186443 0.5670628 -6.350473e-10
 endloop
endfacet
facet normal 2.1862115e-06 -1 -3.0749743e-07
 outer loop
  vertex -0.06639443 0.5670628 0.038892858
  vertex -0.11677153 0.5670627 0.06840308
  vertex -0.12639263 0.5670627 -1.8235411e-09
 endloop
endfacet
facet normal 2.1862113e-06 -1 -3.074975e-07
 outer loop
  vertex -0.06639443 0.5670628 0.038892858
  vertex -0.12639263 0.5670627 -1.8235411e-09
  vertex -0.071864836 0.5670628 -6.350473e-10
 endloop
endfacet
facet normal -1.8533807e-06 -1 8.756738e-07
 outer loop
  vertex 0.05081578 0.5670628 -0.07186463
  vertex 0.08937275 0.5670627 -0.12639241
  vertex 0.116771184 0.5670627 -0.06840308
 endloop
endfacet
facet normal -1.8533807e-06 -1 8.7567355e-07
 outer loop
  vertex 0.05081578 0.5670628 -0.07186463
  vertex 0.116771184 0.5670627 -0.06840308
  vertex 0.066394076 0.5670628 -0.038892858
 endloop
endfacet
facet normal 1.8533816e-06 -1 -8.7567304e-07
 outer loop
  vertex -0.05081616 0.5670628 0.07186463
  vertex -0.08937313 0.5670627 0.12639241
  vertex -0.11677153 0.5670627 0.06840308
 endloop
endfacet
facet normal 1.8533817e-06 -1 -8.756732e-07
 outer loop
  vertex -0.05081616 0.5670628 0.07186463
  vertex -0.11677153 0.5670627 0.06840308
  vertex -0.06639443 0.5670628 0.038892858
 endloop
endfacet
facet normal 0 -1 2.186212e-06
 outer loop
  vertex 0.027501209 0.5670628 -0.07186463
  vertex 0.048368078 0.5670627 -0.12639241
  vertex 0.08937275 0.5670627 -0.12639241
 endloop
endfacet
facet normal 0 -1 2.1862118e-06
 outer loop
  vertex 0.027501209 0.5670628 -0.07186463
  vertex 0.08937275 0.5670627 -0.12639241
  vertex 0.05081578 0.5670628 -0.07186463
 endloop
endfacet
facet normal 0 -1 -2.186212e-06
 outer loop
  vertex -0.027501589 0.5670628 0.07186463
  vertex -0.04836847 0.5670627 0.12639241
  vertex -0.08937313 0.5670627 0.12639241
 endloop
endfacet
facet normal 0 -1 -2.1862118e-06
 outer loop
  vertex -0.027501589 0.5670628 0.07186463
  vertex -0.08937313 0.5670627 0.12639241
  vertex -0.05081616 0.5670628 0.07186463
 endloop
endfacet
facet normal 0 -1 2.186212e-06
 outer loop
  vertex -1.9234238e-07 0.5670628 -0.07186463
  vertex -1.9536407e-07 0.5670627 -0.12639241
  vertex 0.048368078 0.5670627 -0.12639241
 endloop
endfacet
facet normal 0 -1 2.186212e-06
 outer loop
  vertex -1.9234238e-07 0.5670628 -0.07186463
  vertex 0.048368078 0.5670627 -0.12639241
  vertex 0.027501209 0.5670628 -0.07186463
 endloop
endfacet
facet normal 0 -1 -2.186212e-06
 outer loop
  vertex -1.9234238e-07 0.5670628 0.07186463
  vertex -1.9536407e-07 0.5670627 0.12639241
  vertex -0.04836847 0.5670627 0.12639241
 endloop
endfacet
facet normal 0 -1 -2.186212e-06
 outer loop
  vertex -1.9234238e-07 0.5670628 0.07186463
  vertex -0.04836847 0.5670627 0.12639241
  vertex -0.027501589 0.5670628 0.07186463
 endloop
endfacet
facet normal 0 -1 2.186212e-06
 outer loop
  vertex -0.027501589 0.5670628 -0.07186463
  vertex -0.04836847 0.5670627 -0.12639241
  vertex -1.9536407e-07 0.5670627 -0.12639241
 endloop
endfacet
facet normal 0 -1 2.186212e-06
 outer loop
  vertex -0.027501589 0.5670628 -0.07186463
  vertex -1.9536407e-07 0.5670627 -0.12639241
  vertex -1.9234238e-07 0.5670628 -0.07186463
 endloop
endfacet
facet normal 0 -1 -2.186212e-06
 outer loop
  vertex 0.027501209 0.5670628 0.07186463
  vertex 0.048368078 0.5670627 0.12639241
  vertex -1.9536407e-07 0.5670627 0.12639241
 endloop
endfacet
facet normal 0 -1 -2.1862118e-06
 outer loop
  vertex 0.027501209 0.5670628 0.07186463
  vertex -1.9536407e-07 0.5670627 0.12639241
  vertex -1.9234238e-07 0.5670628 0.07186463
 endloop
endfacet
facet normal 0 -1 0
 outer loop
  vertex -0.09788305 0.5808223 0.13842726
  vertex -0.12095081 0.5808223 0.17105
  vertex -0.15802975 0.5808223 0.09257159
 endloop
endfacet
facet normal 0 -1 0
 outer loop
  vertex -0.09788305 0.5808223 0.13842726
  vertex -0.15802975 0.5808223 0.09257159
  vertex -0.12789027 0.5808223 0.074916296
 endloop
endfacet
facet normal 0 -0.6583554 0.7527072
 outer loop
  vertex 0.048368078 0.5670627 0.12639241
  vertex 0.052973617 0.5808223 0.13842726
  vertex -1.9600881e-07 0.5808223 0.13842726
 endloop
endfacet
facet normal 0 -0.6583554 0.7527072
 outer loop
  vertex 0.048368078 0.5670627 0.12639241
  vertex -1.9600881e-07 0.5808223 0.13842726
  vertex -1.9536407e-07 0.5670627 0.12639241
 endloop
endfacet
facet normal -0 -0.65835553 -0.7527072
 outer loop
  vertex -0.08937313 0.5670627 -0.12639241
  vertex -0.09788305 0.5808223 -0.13842726
  vertex -0.052974008 0.5808223 -0.13842726
 endloop
endfacet
facet normal 0 -0.6583554 -0.7527071
 outer loop
  vertex -0.08937313 0.5670627 -0.12639241
  vertex -0.052974008 0.5808223 -0.13842726
  vertex -0.04836847 0.5670627 -0.12639241
 endloop
endfacet
facet normal 0 -0.6583555 0.7527072
 outer loop
  vertex 0.08937275 0.5670627 0.12639241
  vertex 0.09788267 0.5808223 0.13842726
  vertex 0.052973617 0.5808223 0.13842726
 endloop
endfacet
facet normal 0 -0.6583555 0.7527072
 outer loop
  vertex 0.08937275 0.5670627 0.12639241
  vertex 0.052973617 0.5808223 0.13842726
  vertex 0.048368078 0.5670627 0.12639241
 endloop
endfacet
facet normal -0.66115403 -0.6821258 -0.31237748
 outer loop
  vertex -0.11677153 0.5670627 -0.06840308
  vertex -0.12789027 0.5808223 -0.074916296
  vertex -0.09788305 0.5808223 -0.13842726
 endloop
endfacet
facet normal -0.661154 -0.6821258 -0.31237748
 outer loop
  vertex -0.11677153 0.5670627 -0.06840308
  vertex -0.09788305 0.5808223 -0.13842726
  vertex -0.08937313 0.5670627 -0.12639241
 endloop
endfacet
facet normal 0.7485235 -0.65469706 0.105282456
 outer loop
  vertex 0.11745698 0.5670627 0.06352722
  vertex 0.12864104 0.5808223 0.06957617
  vertex 0.12788993 0.5808223 0.074916296
 endloop
endfacet
facet normal 0.74852425 -0.6546964 0.105280764
 outer loop
  vertex 0.11745698 0.5670627 0.06352722
  vertex 0.12788993 0.5808223 0.074916296
  vertex 0.116771184 0.5670627 0.06840308
 endloop
endfacet
facet normal 0.66115385 -0.6821258 0.3123778
 outer loop
  vertex 0.116771184 0.5670627 0.06840308
  vertex 0.12788993 0.5808223 0.074916296
  vertex 0.09788267 0.5808223 0.13842726
 endloop
endfacet
facet normal 0.66115373 -0.6821259 0.3123778
 outer loop
  vertex 0.116771184 0.5670627 0.06840308
  vertex 0.09788267 0.5808223 0.13842726
  vertex 0.08937275 0.5670627 0.12639241
 endloop
endfacet
facet normal -0.7485235 -0.654697 -0.105282284
 outer loop
  vertex -0.12639263 0.5670627 -1.8235411e-09
  vertex -0.1384275 0.5808223 -3.8781836e-09
  vertex -0.12789027 0.5808223 -0.074916296
 endloop
endfacet
facet normal -0.7485238 -0.65469664 -0.10528219
 outer loop
  vertex -0.12639263 0.5670627 -1.8235411e-09
  vertex -0.12789027 0.5808223 -0.074916296
  vertex -0.11677153 0.5670627 -0.06840308
 endloop
endfacet
facet normal 0.7485239 -0.654697 -0.10527971
 outer loop
  vertex 0.12583 0.5670627 -0.0039972584
  vertex 0.13781132 0.5808223 -0.0043778694
  vertex 0.13842706 0.5808223 -3.8781836e-09
 endloop
endfacet
facet normal 0.74852395 -0.65469664 -0.10528118
 outer loop
  vertex 0.12583 0.5670627 -0.0039972584
  vertex 0.13842706 0.5808223 -3.8781836e-09
  vertex 0.12639222 0.5670627 -1.8235411e-09
 endloop
endfacet
facet normal -0.74852383 -0.6546967 0.105282314
 outer loop
  vertex -0.11677153 0.5670627 0.06840308
  vertex -0.12789027 0.5808223 0.074916296
  vertex -0.1384275 0.5808223 -3.8781836e-09
 endloop
endfacet
facet normal -0.7485236 -0.65469706 0.105282165
 outer loop
  vertex -0.11677153 0.5670627 0.06840308
  vertex -0.1384275 0.5808223 -3.8781836e-09
  vertex -0.12639263 0.5670627 -1.8235411e-09
 endloop
endfacet
facet normal 0.6611538 -0.6821259 -0.31237778
 outer loop
  vertex 0.08937275 0.5670627 -0.12639241
  vertex 0.09788267 0.5808223 -0.13842726
  vertex 0.12788993 0.5808223 -0.074916296
 endloop
endfacet
facet normal 0.66115385 -0.68212575 -0.3123779
 outer loop
  vertex 0.08937275 0.5670627 -0.12639241
  vertex 0.12788993 0.5808223 -0.074916296
  vertex 0.116771184 0.5670627 -0.06840308
 endloop
endfacet
facet normal -0.66115403 -0.6821258 0.31237748
 outer loop
  vertex -0.08937313 0.5670627 0.12639241
  vertex -0.09788305 0.5808223 0.13842726
  vertex -0.12789027 0.5808223 0.074916296
 endloop
endfacet
facet normal -0.66115403 -0.6821258 0.31237754
 outer loop
  vertex -0.08937313 0.5670627 0.12639241
  vertex -0.12789027 0.5808223 0.074916296
  vertex -0.11677153 0.5670627 0.06840308
 endloop
endfacet
facet normal -0 -0.6583555 -0.7527072
 outer loop
  vertex 0.048368078 0.5670627 -0.12639241
  vertex 0.052973617 0.5808223 -0.13842726
  vertex 0.09788267 0.5808223 -0.13842726
 endloop
endfacet
facet normal 0 -0.6583555 -0.7527072
 outer loop
  vertex 0.048368078 0.5670627 -0.12639241
  vertex 0.09788267 0.5808223 -0.13842726
  vertex 0.08937275 0.5670627 -0.12639241
 endloop
endfacet
facet normal 0 -0.65835553 0.7527072
 outer loop
  vertex -0.04836847 0.5670627 0.12639241
  vertex -0.052974008 0.5808223 0.13842726
  vertex -0.09788305 0.5808223 0.13842726
 endloop
endfacet
facet normal 0 -0.6583554 0.7527071
 outer loop
  vertex -0.04836847 0.5670627 0.12639241
  vertex -0.09788305 0.5808223 0.13842726
  vertex -0.08937313 0.5670627 0.12639241
 endloop
endfacet
facet normal -0 -0.6583554 -0.7527072
 outer loop
  vertex -1.9536407e-07 0.5670627 -0.12639241
  vertex -1.9600881e-07 0.5808223 -0.13842726
  vertex 0.052973617 0.5808223 -0.13842726
 endloop
endfacet
facet normal 0 -0.6583555 -0.7527071
 outer loop
  vertex -1.9536407e-07 0.5670627 -0.12639241
  vertex 0.052973617 0.5808223 -0.13842726
  vertex 0.048368078 0.5670627 -0.12639241
 endloop
endfacet
facet normal 0 -0.6583555 0.7527071
 outer loop
  vertex -1.9536407e-07 0.5670627 0.12639241
  vertex -1.9600881e-07 0.5808223 0.13842726
  vertex -0.052974008 0.5808223 0.13842726
 endloop
endfacet
facet normal 0 -0.6583554 0.7527072
 outer loop
  vertex -1.9536407e-07 0.5670627 0.12639241
  vertex -0.052974008 0.5808223 0.13842726
  vertex -0.04836847 0.5670627 0.12639241
 endloop
endfacet
facet normal 0.69132644 -0.7159697 0.097236805
 outer loop
  vertex 0.15895753 0.5808223 0.08597297
  vertex 0.19395593 0.61718684 0.10490201
  vertex 0.19282347 0.61718684 0.11295347
 endloop
endfacet
facet normal 0.6913268 -0.71596944 0.09723603
 outer loop
  vertex 0.15895753 0.5808223 0.08597297
  vertex 0.19282347 0.61718684 0.11295347
  vertex 0.15802942 0.5808223 0.09257159
 endloop
endfacet
facet normal 0 -1 0
 outer loop
  vertex 0.052973617 0.5808223 -0.13842726
  vertex 0.06545779 0.5808223 -0.17105
  vertex 0.12095043 0.5808223 -0.17105
 endloop
endfacet
facet normal -0 -1 -0
 outer loop
  vertex 0.052973617 0.5808223 -0.13842726
  vertex 0.12095043 0.5808223 -0.17105
  vertex 0.09788267 0.5808223 -0.13842726
 endloop
endfacet
facet normal 0 -1 0
 outer loop
  vertex -0.052974008 0.5808223 0.13842726
  vertex -0.065458186 0.5808223 0.17105
  vertex -0.12095081 0.5808223 0.17105
 endloop
endfacet
facet normal 0 -1 0
 outer loop
  vertex -0.052974008 0.5808223 0.13842726
  vertex -0.12095081 0.5808223 0.17105
  vertex -0.09788305 0.5808223 0.13842726
 endloop
endfacet
facet normal 0 -1 0
 outer loop
  vertex -1.9600881e-07 0.5808223 -0.13842726
  vertex -1.9830523e-07 0.5808223 -0.17105
  vertex 0.06545779 0.5808223 -0.17105
 endloop
endfacet
facet normal -0 -1 -0
 outer loop
  vertex -1.9600881e-07 0.5808223 -0.13842726
  vertex 0.06545779 0.5808223 -0.17105
  vertex 0.052973617 0.5808223 -0.13842726
 endloop
endfacet
facet normal 0 -1 0
 outer loop
  vertex -1.9600881e-07 0.5808223 0.13842726
  vertex -1.9830523e-07 0.5808223 0.17105
  vertex -0.065458186 0.5808223 0.17105
 endloop
endfacet
facet normal 0 -1 0
 outer loop
  vertex -1.9600881e-07 0.5808223 0.13842726
  vertex -0.065458186 0.5808223 0.17105
  vertex -0.052974008 0.5808223 0.13842726
 endloop
endfacet
facet normal 0 -1 0
 outer loop
  vertex -0.052974008 0.5808223 -0.13842726
  vertex -0.065458186 0.5808223 -0.17105
  vertex -1.9830523e-07 0.5808223 -0.17105
 endloop
endfacet
facet normal -0 -1 0
 outer loop
  vertex -0.052974008 0.5808223 -0.13842726
  vertex -1.9830523e-07 0.5808223 -0.17105
  vertex -1.9600881e-07 0.5808223 -0.13842726
 endloop
endfacet
facet normal 0 -1 -0
 outer loop
  vertex 0.052973617 0.5808223 0.13842726
  vertex 0.06545779 0.5808223 0.17105
  vertex -1.9830523e-07 0.5808223 0.17105
 endloop
endfacet
facet normal 0 -1 0
 outer loop
  vertex 0.052973617 0.5808223 0.13842726
  vertex -1.9830523e-07 0.5808223 0.17105
  vertex -1.9600881e-07 0.5808223 0.13842726
 endloop
endfacet
facet normal 0 -1 0
 outer loop
  vertex -0.09788305 0.5808223 -0.13842726
  vertex -0.12095081 0.5808223 -0.17105
  vertex -0.065458186 0.5808223 -0.17105
 endloop
endfacet
facet normal -0 -1 0
 outer loop
  vertex -0.09788305 0.5808223 -0.13842726
  vertex -0.065458186 0.5808223 -0.17105
  vertex -0.052974008 0.5808223 -0.13842726
 endloop
endfacet
facet normal 0 -1 -0
 outer loop
  vertex 0.09788267 0.5808223 0.13842726
  vertex 0.12095043 0.5808223 0.17105
  vertex 0.06545779 0.5808223 0.17105
 endloop
endfacet
facet normal 0 -1 0
 outer loop
  vertex 0.09788267 0.5808223 0.13842726
  vertex 0.06545779 0.5808223 0.17105
  vertex 0.052973617 0.5808223 0.13842726
 endloop
endfacet
facet normal 0 -1 0
 outer loop
  vertex -0.12789027 0.5808223 -0.074916296
  vertex -0.15802975 0.5808223 -0.09257159
  vertex -0.12095081 0.5808223 -0.17105
 endloop
endfacet
facet normal -0 -1 0
 outer loop
  vertex -0.12789027 0.5808223 -0.074916296
  vertex -0.12095081 0.5808223 -0.17105
  vertex -0.09788305 0.5808223 -0.13842726
 endloop
endfacet
facet normal 0 -1 -0
 outer loop
  vertex 0.12864104 0.5808223 0.06957617
  vertex 0.15895753 0.5808223 0.08597297
  vertex 0.15802942 0.5808223 0.09257159
 endloop
endfacet
facet normal 0 -1 -0
 outer loop
  vertex 0.12864104 0.5808223 0.06957617
  vertex 0.15802942 0.5808223 0.09257159
  vertex 0.12788993 0.5808223 0.074916296
 endloop
endfacet
facet normal 0 -1 -0
 outer loop
  vertex 0.12788993 0.5808223 0.074916296
  vertex 0.15802942 0.5808223 0.09257159
  vertex 0.12095043 0.5808223 0.17105
 endloop
endfacet
facet normal 0 -1 0
 outer loop
  vertex 0.12788993 0.5808223 0.074916296
  vertex 0.12095043 0.5808223 0.17105
  vertex 0.09788267 0.5808223 0.13842726
 endloop
endfacet
facet normal 0 -1 0
 outer loop
  vertex -0.1384275 0.5808223 -3.8781836e-09
  vertex -0.17105022 0.5808223 -4.7921436e-09
  vertex -0.15802975 0.5808223 -0.09257159
 endloop
endfacet
facet normal -0 -1 0
 outer loop
  vertex -0.1384275 0.5808223 -3.8781836e-09
  vertex -0.15802975 0.5808223 -0.09257159
  vertex -0.12789027 0.5808223 -0.074916296
 endloop
endfacet
facet normal -0 -1 0
 outer loop
  vertex 0.13781132 0.5808223 -0.0043778694
  vertex 0.17028894 0.5808223 -0.0054095904
  vertex 0.1710498 0.5808223 -4.7921436e-09
 endloop
endfacet
facet normal 0 -1 -0
 outer loop
  vertex 0.13781132 0.5808223 -0.0043778694
  vertex 0.1710498 0.5808223 -4.7921436e-09
  vertex 0.13842706 0.5808223 -3.8781836e-09
 endloop
endfacet
facet normal 0 -1 0
 outer loop
  vertex -0.12789027 0.5808223 0.074916296
  vertex -0.15802975 0.5808223 0.09257159
  vertex -0.17105022 0.5808223 -4.7921436e-09
 endloop
endfacet
facet normal -0 -1 0
 outer loop
  vertex -0.12789027 0.5808223 0.074916296
  vertex -0.17105022 0.5808223 -4.7921436e-09
  vertex -0.1384275 0.5808223 -3.8781836e-09
 endloop
endfacet
facet normal -0 -1 0
 outer loop
  vertex 0.09788267 0.5808223 -0.13842726
  vertex 0.12095043 0.5808223 -0.17105
  vertex 0.15802942 0.5808223 -0.09257159
 endloop
endfacet
facet normal 0 -1 -0
 outer loop
  vertex 0.09788267 0.5808223 -0.13842726
  vertex 0.15802942 0.5808223 -0.09257159
  vertex 0.12788993 0.5808223 -0.074916296
 endloop
endfacet
facet normal -0 -1 -1.9146401e-07
 outer loop
  vertex -0.07987036 0.61718684 -0.2087108
  vertex -0.31813663 0.61718696 -0.8313306
  vertex -2.3644957e-07 0.61718696 -0.8313306
 endloop
endfacet
facet normal 0 -1 -1.9146403e-07
 outer loop
  vertex -0.07987036 0.61718684 -0.2087108
  vertex -2.3644957e-07 0.61718696 -0.8313306
  vertex -2.009563e-07 0.61718684 -0.2087108
 endloop
endfacet
facet normal 0.6068294 -0.74131966 0.28671098
 outer loop
  vertex 0.15802942 0.5808223 0.09257159
  vertex 0.19282347 0.61718684 0.11295347
  vertex 0.14758064 0.61718684 0.2087108
 endloop
endfacet
facet normal 0.6068294 -0.7413197 0.286711
 outer loop
  vertex 0.15802942 0.5808223 0.09257159
  vertex 0.14758064 0.61718684 0.2087108
  vertex 0.12095043 0.5808223 0.17105
 endloop
endfacet
facet normal -0.69132656 -0.7159697 -0.09723718
 outer loop
  vertex -0.17105022 0.5808223 -4.7921436e-09
  vertex -0.20871103 0.61718684 -7.224017e-09
  vertex -0.19282378 0.61718684 -0.11295347
 endloop
endfacet
facet normal -0.69132656 -0.7159696 -0.097237155
 outer loop
  vertex -0.17105022 0.5808223 -4.7921436e-09
  vertex -0.19282378 0.61718684 -0.11295347
  vertex -0.15802975 0.5808223 -0.09257159
 endloop
endfacet
facet normal 0.6913267 -0.7159695 -0.097237445
 outer loop
  vertex 0.17028894 0.5808223 -0.0054095904
  vertex 0.20778221 0.61718684 -0.0066006435
  vertex 0.20871061 0.61718684 -7.224017e-09
 endloop
endfacet
facet normal 0.6913267 -0.7159697 -0.09723648
 outer loop
  vertex 0.17028894 0.5808223 -0.0054095904
  vertex 0.20871061 0.61718684 -7.224017e-09
  vertex 0.1710498 0.5808223 -4.7921436e-09
 endloop
endfacet
facet normal -0.6913266 -0.7159696 0.09723717
 outer loop
  vertex -0.15802975 0.5808223 0.09257159
  vertex -0.19282378 0.61718684 0.11295347
  vertex -0.20871103 0.61718684 -7.224017e-09
 endloop
endfacet
facet normal -0.6913266 -0.7159696 0.09723716
 outer loop
  vertex -0.15802975 0.5808223 0.09257159
  vertex -0.20871103 0.61718684 -7.224017e-09
  vertex -0.17105022 0.5808223 -4.7921436e-09
 endloop
endfacet
facet normal 0.6068294 -0.74131966 -0.28671098
 outer loop
  vertex 0.12095043 0.5808223 -0.17105
  vertex 0.14758064 0.61718684 -0.2087108
  vertex 0.19282347 0.61718684 -0.11295347
 endloop
endfacet
facet normal 0.6068294 -0.74131966 -0.28671098
 outer loop
  vertex 0.12095043 0.5808223 -0.17105
  vertex 0.19282347 0.61718684 -0.11295347
  vertex 0.15802942 0.5808223 -0.09257159
 endloop
endfacet
facet normal -0.60682976 -0.7413196 0.28671077
 outer loop
  vertex -0.12095081 0.5808223 0.17105
  vertex -0.14758101 0.61718684 0.2087108
  vertex -0.19282378 0.61718684 0.11295347
 endloop
endfacet
facet normal -0.6068297 -0.74131954 0.28671074
 outer loop
  vertex -0.12095081 0.5808223 0.17105
  vertex -0.19282378 0.61718684 0.11295347
  vertex -0.15802975 0.5808223 0.09257159
 endloop
endfacet
facet normal -0 -0.7193786 -0.6946182
 outer loop
  vertex 0.06545779 0.5808223 -0.17105
  vertex 0.07986995 0.61718684 -0.2087108
  vertex 0.14758064 0.61718684 -0.2087108
 endloop
endfacet
facet normal 0 -0.7193786 -0.69461817
 outer loop
  vertex 0.06545779 0.5808223 -0.17105
  vertex 0.14758064 0.61718684 -0.2087108
  vertex 0.12095043 0.5808223 -0.17105
 endloop
endfacet
facet normal 0 -0.71937853 0.6946182
 outer loop
  vertex -0.065458186 0.5808223 0.17105
  vertex -0.07987036 0.61718684 0.2087108
  vertex -0.14758101 0.61718684 0.2087108
 endloop
endfacet
facet normal 0 -0.71937865 0.6946182
 outer loop
  vertex -0.065458186 0.5808223 0.17105
  vertex -0.14758101 0.61718684 0.2087108
  vertex -0.12095081 0.5808223 0.17105
 endloop
endfacet
facet normal -0 -0.71937865 -0.6946182
 outer loop
  vertex -1.9830523e-07 0.5808223 -0.17105
  vertex -2.009563e-07 0.61718684 -0.2087108
  vertex 0.07986995 0.61718684 -0.2087108
 endloop
endfacet
facet normal 0 -0.71937865 -0.69461817
 outer loop
  vertex -1.9830523e-07 0.5808223 -0.17105
  vertex 0.07986995 0.61718684 -0.2087108
  vertex 0.06545779 0.5808223 -0.17105
 endloop
endfacet
facet normal 0 -0.7193786 0.69461817
 outer loop
  vertex -1.9830523e-07 0.5808223 0.17105
  vertex -2.009563e-07 0.61718684 0.2087108
  vertex -0.07987036 0.61718684 0.2087108
 endloop
endfacet
facet normal 0 -0.7193786 0.6946182
 outer loop
  vertex -1.9830523e-07 0.5808223 0.17105
  vertex -0.07987036 0.61718684 0.2087108
  vertex -0.065458186 0.5808223 0.17105
 endloop
endfacet
facet normal -0 -0.7193786 -0.69461817
 outer loop
  vertex -0.065458186 0.5808223 -0.17105
  vertex -0.07987036 0.61718684 -0.2087108
  vertex -2.009563e-07 0.61718684 -0.2087108
 endloop
endfacet
facet normal 0 -0.7193786 -0.6946182
 outer loop
  vertex -0.065458186 0.5808223 -0.17105
  vertex -2.009563e-07 0.61718684 -0.2087108
  vertex -1.9830523e-07 0.5808223 -0.17105
 endloop
endfacet
facet normal 0 -0.71937865 0.6946182
 outer loop
  vertex 0.06545779 0.5808223 0.17105
  vertex 0.07986995 0.61718684 0.2087108
  vertex -2.009563e-07 0.61718684 0.2087108
 endloop
endfacet
facet normal 0 -0.7193786 0.6946182
 outer loop
  vertex 0.06545779 0.5808223 0.17105
  vertex -2.009563e-07 0.61718684 0.2087108
  vertex -1.9830523e-07 0.5808223 0.17105
 endloop
endfacet
facet normal -0 -0.71937853 -0.6946182
 outer loop
  vertex -0.12095081 0.5808223 -0.17105
  vertex -0.14758101 0.61718684 -0.2087108
  vertex -0.07987036 0.61718684 -0.2087108
 endloop
endfacet
facet normal 0 -0.7193786 -0.6946182
 outer loop
  vertex -0.12095081 0.5808223 -0.17105
  vertex -0.07987036 0.61718684 -0.2087108
  vertex -0.065458186 0.5808223 -0.17105
 endloop
endfacet
facet normal 0 -0.7193786 0.6946182
 outer loop
  vertex 0.12095043 0.5808223 0.17105
  vertex 0.14758064 0.61718684 0.2087108
  vertex 0.07986995 0.61718684 0.2087108
 endloop
endfacet
facet normal 0 -0.7193786 0.69461817
 outer loop
  vertex 0.12095043 0.5808223 0.17105
  vertex 0.07986995 0.61718684 0.2087108
  vertex 0.06545779 0.5808223 0.17105
 endloop
endfacet
facet normal -0.6068297 -0.7413196 -0.28671074
 outer loop
  vertex -0.15802975 0.5808223 -0.09257159
  vertex -0.19282378 0.61718684 -0.11295347
  vertex -0.14758101 0.61718684 -0.2087108
 endloop
endfacet
facet normal -0.6068297 -0.7413196 -0.28671074
 outer loop
  vertex -0.15802975 0.5808223 -0.09257159
  vertex -0.14758101 0.61718684 -0.2087108
  vertex -0.12095081 0.5808223 -0.17105
 endloop
endfacet
facet normal -0.8123814 -0.43899015 0.38382828
 outer loop
  vertex -0.5878397 0.61718696 0.8313306
  vertex -0.5924609 0.63145286 0.83786595
  vertex -0.77408713 0.63145286 0.45344982
 endloop
endfacet
facet normal -0.81238276 -0.43898678 0.38382912
 outer loop
  vertex -0.5878397 0.61718696 0.8313306
  vertex -0.77408713 0.63145286 0.45344982
  vertex -0.76804936 0.61718696 0.44991294
 endloop
endfacet
facet normal 0 -1 1.9146401e-07
 outer loop
  vertex 0.07986995 0.61718684 0.2087108
  vertex 0.31813616 0.61718696 0.8313306
  vertex -2.3644957e-07 0.61718696 0.8313306
 endloop
endfacet
facet normal 0 -1 1.9146403e-07
 outer loop
  vertex 0.07986995 0.61718684 0.2087108
  vertex -2.3644957e-07 0.61718696 0.8313306
  vertex -2.009563e-07 0.61718684 0.2087108
 endloop
endfacet
facet normal -0 -1 -1.9146403e-07
 outer loop
  vertex -0.14758101 0.61718684 -0.2087108
  vertex -0.5878397 0.61718696 -0.8313306
  vertex -0.31813663 0.61718696 -0.8313306
 endloop
endfacet
facet normal 0 -1 -1.9146403e-07
 outer loop
  vertex -0.14758101 0.61718684 -0.2087108
  vertex -0.31813663 0.61718696 -0.8313306
  vertex -0.07987036 0.61718684 -0.2087108
 endloop
endfacet
facet normal 0 -1 1.9146403e-07
 outer loop
  vertex 0.14758064 0.61718684 0.2087108
  vertex 0.58783937 0.61718696 0.8313306
  vertex 0.31813616 0.61718696 0.8313306
 endloop
endfacet
facet normal 0 -1 1.9146401e-07
 outer loop
  vertex 0.14758064 0.61718684 0.2087108
  vertex 0.31813616 0.61718696 0.8313306
  vertex 0.07986995 0.61718684 0.2087108
 endloop
endfacet
facet normal -1.6231543e-07 -1 -7.668967e-08
 outer loop
  vertex -0.19282378 0.61718684 -0.11295347
  vertex -0.76804936 0.61718696 -0.44991285
  vertex -0.5878397 0.61718696 -0.8313306
 endloop
endfacet
facet normal -1.623154e-07 -1 -7.668967e-08
 outer loop
  vertex -0.19282378 0.61718684 -0.11295347
  vertex -0.5878397 0.61718696 -0.8313306
  vertex -0.14758101 0.61718684 -0.2087108
 endloop
endfacet
facet normal 1.9146395e-07 -1 2.6929806e-08
 outer loop
  vertex 0.19395593 0.61718684 0.10490201
  vertex 0.7725601 0.61718696 0.4178426
  vertex 0.76804936 0.61718696 0.44991294
 endloop
endfacet
facet normal 1.9146425e-07 -1 2.6929246e-08
 outer loop
  vertex 0.19395593 0.61718684 0.10490201
  vertex 0.76804936 0.61718696 0.44991294
  vertex 0.19282347 0.61718684 0.11295347
 endloop
endfacet
facet normal 1.6231526e-07 -1 7.668977e-08
 outer loop
  vertex 0.19282347 0.61718684 0.11295347
  vertex 0.76804936 0.61718696 0.44991294
  vertex 0.58783937 0.61718696 0.8313306
 endloop
endfacet
facet normal 1.6231527e-07 -1 7.668976e-08
 outer loop
  vertex 0.19282347 0.61718684 0.11295347
  vertex 0.58783937 0.61718696 0.8313306
  vertex 0.14758064 0.61718684 0.2087108
 endloop
endfacet
facet normal -1.9146401e-07 -1 -2.6929964e-08
 outer loop
  vertex -0.20871103 0.61718684 -7.224017e-09
  vertex -0.8313309 0.61718696 -1.2104728e-08
  vertex -0.76804936 0.61718696 -0.44991285
 endloop
endfacet
facet normal -1.9146398e-07 -1 -2.6930008e-08
 outer loop
  vertex -0.20871103 0.61718684 -7.224017e-09
  vertex -0.76804936 0.61718696 -0.44991285
  vertex -0.19282378 0.61718684 -0.11295347
 endloop
endfacet
facet normal 1.91464e-07 -1 -2.693013e-08
 outer loop
  vertex 0.20778221 0.61718684 -0.0066006435
  vertex 0.8276325 0.61718696 -0.026291464
  vertex 0.8313305 0.61718696 -1.2104728e-08
 endloop
endfacet
facet normal 1.9146398e-07 -1 -2.693006e-08
 outer loop
  vertex 0.20778221 0.61718684 -0.0066006435
  vertex 0.8313305 0.61718696 -1.2104728e-08
  vertex 0.20871061 0.61718684 -7.224017e-09
 endloop
endfacet
facet normal -1.9146398e-07 -1 2.6929955e-08
 outer loop
  vertex -0.19282378 0.61718684 0.11295347
  vertex -0.76804936 0.61718696 0.44991294
  vertex -0.8313309 0.61718696 -1.2104728e-08
 endloop
endfacet
facet normal -1.91464e-07 -1 2.693001e-08
 outer loop
  vertex -0.19282378 0.61718684 0.11295347
  vertex -0.8313309 0.61718696 -1.2104728e-08
  vertex -0.20871103 0.61718684 -7.224017e-09
 endloop
endfacet
facet normal 1.6231529e-07 -1 -7.6689766e-08
 outer loop
  vertex 0.14758064 0.61718684 -0.2087108
  vertex 0.58783937 0.61718696 -0.8313306
  vertex 0.76804936 0.61718696 -0.44991285
 endloop
endfacet
facet normal 1.623153e-07 -1 -7.668976e-08
 outer loop
  vertex 0.14758064 0.61718684 -0.2087108
  vertex 0.76804936 0.61718696 -0.44991285
  vertex 0.19282347 0.61718684 -0.11295347
 endloop
endfacet
facet normal -1.623154e-07 -1 7.668968e-08
 outer loop
  vertex -0.14758101 0.61718684 0.2087108
  vertex -0.5878397 0.61718696 0.8313306
  vertex -0.76804936 0.61718696 0.44991294
 endloop
endfacet
facet normal -1.6231539e-07 -1 7.668967e-08
 outer loop
  vertex -0.14758101 0.61718684 0.2087108
  vertex -0.76804936 0.61718696 0.44991294
  vertex -0.19282378 0.61718684 0.11295347
 endloop
endfacet
facet normal -0 -1 -1.9146403e-07
 outer loop
  vertex 0.07986995 0.61718684 -0.2087108
  vertex 0.31813616 0.61718696 -0.8313306
  vertex 0.58783937 0.61718696 -0.8313306
 endloop
endfacet
facet normal 0 -1 -1.9146394e-07
 outer loop
  vertex 0.07986995 0.61718684 -0.2087108
  vertex 0.58783937 0.61718696 -0.8313306
  vertex 0.14758064 0.61718684 -0.2087108
 endloop
endfacet
facet normal 0 -1 1.9146403e-07
 outer loop
  vertex -0.07987036 0.61718684 0.2087108
  vertex -0.31813663 0.61718696 0.8313306
  vertex -0.5878397 0.61718696 0.8313306
 endloop
endfacet
facet normal 0 -1 1.91464e-07
 outer loop
  vertex -0.07987036 0.61718684 0.2087108
  vertex -0.5878397 0.61718696 0.8313306
  vertex -0.14758101 0.61718684 0.2087108
 endloop
endfacet
facet normal -0 -1 -1.9146401e-07
 outer loop
  vertex -2.009563e-07 0.61718684 -0.2087108
  vertex -2.3644957e-07 0.61718696 -0.8313306
  vertex 0.31813616 0.61718696 -0.8313306
 endloop
endfacet
facet normal 0 -1 -1.91464e-07
 outer loop
  vertex -2.009563e-07 0.61718684 -0.2087108
  vertex 0.31813616 0.61718696 -0.8313306
  vertex 0.07986995 0.61718684 -0.2087108
 endloop
endfacet
facet normal 0 -1 1.9146401e-07
 outer loop
  vertex -2.009563e-07 0.61718684 0.2087108
  vertex -2.3644957e-07 0.61718696 0.8313306
  vertex -0.31813663 0.61718696 0.8313306
 endloop
endfacet
facet normal 0 -1 1.9146403e-07
 outer loop
  vertex -2.009563e-07 0.61718684 0.2087108
  vertex -0.31813663 0.61718696 0.8313306
  vertex -0.07987036 0.61718684 0.2087108
 endloop
endfacet
facet normal 0 -1 -0
 outer loop
  vertex 0.77408713 0.63145286 0.45344982
  vertex 0.8415105 0.63145286 0.49294546
  vertex 0.64406407 0.63145286 0.9108444
 endloop
endfacet
facet normal 0 -1 0
 outer loop
  vertex 0.77408713 0.63145286 0.45344982
  vertex 0.64406407 0.63145286 0.9108444
  vertex 0.5924605 0.63145286 0.83786595
 endloop
endfacet
facet normal -0 -0.416487 -0.90914166
 outer loop
  vertex 0.31813616 0.61718696 -0.8313306
  vertex 0.3206371 0.63145286 -0.83786595
  vertex 0.5924605 0.63145286 -0.83786595
 endloop
endfacet
facet normal 0 -0.416487 -0.90914166
 outer loop
  vertex 0.31813616 0.61718696 -0.8313306
  vertex 0.5924605 0.63145286 -0.83786595
  vertex 0.58783937 0.61718696 -0.8313306
 endloop
endfacet
facet normal 0 -0.416487 0.90914166
 outer loop
  vertex -0.31813663 0.61718696 0.8313306
  vertex -0.32063758 0.63145286 0.83786595
  vertex -0.5924609 0.63145286 0.83786595
 endloop
endfacet
facet normal 0 -0.41648704 0.9091417
 outer loop
  vertex -0.31813663 0.61718696 0.8313306
  vertex -0.5924609 0.63145286 0.83786595
  vertex -0.5878397 0.61718696 0.8313306
 endloop
endfacet
facet normal -0 -0.416487 -0.90914166
 outer loop
  vertex -2.3644957e-07 0.61718696 -0.8313306
  vertex -2.3713694e-07 0.63145286 -0.83786595
  vertex 0.3206371 0.63145286 -0.83786595
 endloop
endfacet
facet normal 0 -0.416487 -0.90914166
 outer loop
  vertex -2.3644957e-07 0.61718696 -0.8313306
  vertex 0.3206371 0.63145286 -0.83786595
  vertex 0.31813616 0.61718696 -0.8313306
 endloop
endfacet
facet normal 0 -0.416487 0.90914166
 outer loop
  vertex -2.3644957e-07 0.61718696 0.8313306
  vertex -2.3713694e-07 0.63145286 0.83786595
  vertex -0.32063758 0.63145286 0.83786595
 endloop
endfacet
facet normal 0 -0.416487 0.90914166
 outer loop
  vertex -2.3644957e-07 0.61718696 0.8313306
  vertex -0.32063758 0.63145286 0.83786595
  vertex -0.31813663 0.61718696 0.8313306
 endloop
endfacet
facet normal -0 -0.416487 -0.90914166
 outer loop
  vertex -0.31813663 0.61718696 -0.8313306
  vertex -0.32063758 0.63145286 -0.83786595
  vertex -2.3713694e-07 0.63145286 -0.83786595
 endloop
endfacet
facet normal 0 -0.41648707 -0.90914166
 outer loop
  vertex -0.31813663 0.61718696 -0.8313306
  vertex -2.3713694e-07 0.63145286 -0.83786595
  vertex -2.3644957e-07 0.61718696 -0.8313306
 endloop
endfacet
facet normal 0 -0.416487 0.90914166
 outer loop
  vertex 0.31813616 0.61718696 0.8313306
  vertex 0.3206371 0.63145286 0.83786595
  vertex -2.3713694e-07 0.63145286 0.83786595
 endloop
endfacet
facet normal 0 -0.41648707 0.90914166
 outer loop
  vertex 0.31813616 0.61718696 0.8313306
  vertex -2.3713694e-07 0.63145286 0.83786595
  vertex -2.3644957e-07 0.61718696 0.8313306
 endloop
endfacet
facet normal -0 -0.416487 -0.90914166
 outer loop
  vertex -0.5878397 0.61718696 -0.8313306
  vertex -0.5924609 0.63145286 -0.83786595
  vertex -0.32063758 0.63145286 -0.83786595
 endloop
endfacet
facet normal 0 -0.41648704 -0.9091417
 outer loop
  vertex -0.5878397 0.61718696 -0.8313306
  vertex -0.32063758 0.63145286 -0.83786595
  vertex -0.31813663 0.61718696 -0.8313306
 endloop
endfacet
facet normal 0 -0.416487 0.90914166
 outer loop
  vertex 0.58783937 0.61718696 0.8313306
  vertex 0.5924605 0.63145286 0.83786595
  vertex 0.3206371 0.63145286 0.83786595
 endloop
endfacet
facet normal 0 -0.41648698 0.9091416
 outer loop
  vertex 0.58783937 0.61718696 0.8313306
  vertex 0.3206371 0.63145286 0.83786595
  vertex 0.31813616 0.61718696 0.8313306
 endloop
endfacet
facet normal -0.8123828 -0.43898675 -0.3838289
 outer loop
  vertex -0.76804936 0.61718696 -0.44991285
  vertex -0.77408713 0.63145286 -0.45344973
  vertex -0.5924609 0.63145286 -0.83786595
 endloop
endfacet
facet normal -0.8123813 -0.4389902 -0.38382837
 outer loop
  vertex -0.76804936 0.61718696 -0.44991285
  vertex -0.5924609 0.63145286 -0.83786595
  vertex -0.5878397 0.61718696 -0.8313306
 endloop
endfacet
facet normal 0.90180296 -0.41311416 0.1268389
 outer loop
  vertex 0.7725601 0.61718696 0.4178426
  vertex 0.7786333 0.63145286 0.42112735
  vertex 0.77408713 0.63145286 0.45344982
 endloop
endfacet
facet normal 0.90180135 -0.4131174 0.12684026
 outer loop
  vertex 0.7725601 0.61718696 0.4178426
  vertex 0.77408713 0.63145286 0.45344982
  vertex 0.76804936 0.61718696 0.44991294
 endloop
endfacet
facet normal 0.8123826 -0.4389868 0.38382962
 outer loop
  vertex 0.76804936 0.61718696 0.44991294
  vertex 0.77408713 0.63145286 0.45344982
  vertex 0.5924605 0.63145286 0.83786595
 endloop
endfacet
facet normal 0.81238097 -0.43899035 0.38382903
 outer loop
  vertex 0.76804936 0.61718696 0.44991294
  vertex 0.5924605 0.63145286 0.83786595
  vertex 0.58783937 0.61718696 0.8313306
 endloop
endfacet
facet normal -0.9017986 -0.41312313 -0.12684079
 outer loop
  vertex -0.8313309 0.61718696 -1.2104728e-08
  vertex -0.83786625 0.63145286 -1.1982184e-08
  vertex -0.77408713 0.63145286 -0.45344973
 endloop
endfacet
facet normal -0.90180117 -0.4131175 -0.12684093
 outer loop
  vertex -0.8313309 0.61718696 -1.2104728e-08
  vertex -0.77408713 0.63145286 -0.45344973
  vertex -0.76804936 0.61718696 -0.44991285
 endloop
endfacet
facet normal 0.90179795 -0.4131255 -0.12683776
 outer loop
  vertex 0.8276325 0.61718696 -0.026291464
  vertex 0.8341388 0.63145286 -0.026498146
  vertex 0.83786577 0.63145286 -1.1982184e-08
 endloop
endfacet
facet normal 0.9017999 -0.4131199 -0.12684153
 outer loop
  vertex 0.8276325 0.61718696 -0.026291464
  vertex 0.83786577 0.63145286 -1.1982184e-08
  vertex 0.8313305 0.61718696 -1.2104728e-08
 endloop
endfacet
facet normal -0.90180117 -0.41311753 0.12684111
 outer loop
  vertex -0.76804936 0.61718696 0.44991294
  vertex -0.77408713 0.63145286 0.45344982
  vertex -0.83786625 0.63145286 -1.1982184e-08
 endloop
endfacet
facet normal -0.9017986 -0.4131231 0.12684055
 outer loop
  vertex -0.76804936 0.61718696 0.44991294
  vertex -0.83786625 0.63145286 -1.1982184e-08
  vertex -0.8313309 0.61718696 -1.2104728e-08
 endloop
endfacet
facet normal 0.812381 -0.43899032 -0.38382882
 outer loop
  vertex 0.58783937 0.61718696 -0.8313306
  vertex 0.5924605 0.63145286 -0.83786595
  vertex 0.77408713 0.63145286 -0.45344973
 endloop
endfacet
facet normal 0.8123825 -0.43898678 -0.38382965
 outer loop
  vertex 0.58783937 0.61718696 -0.8313306
  vertex 0.77408713 0.63145286 -0.45344973
  vertex 0.76804936 0.61718696 -0.44991285
 endloop
endfacet
facet normal -0 0 1
 outer loop
  vertex 0.3485647 0.63145286 0.9108444
  vertex 0.3485647 0.66609865 0.9108444
  vertex -2.435148e-07 0.66609865 0.9108444
 endloop
endfacet
facet normal -0 0 1
 outer loop
  vertex 0.3485647 0.63145286 0.9108444
  vertex -2.435148e-07 0.66609865 0.9108444
  vertex -2.435148e-07 0.63145286 0.9108444
 endloop
endfacet
facet normal 0 -1 0
 outer loop
  vertex -0.83786625 0.63145286 -1.1982184e-08
  vertex -0.9108447 0.63145286 -1.2376889e-08
  vertex -0.84151036 0.63145286 -0.4929454
 endloop
endfacet
facet normal -0 -1 0
 outer loop
  vertex -0.83786625 0.63145286 -1.1982184e-08
  vertex -0.84151036 0.63145286 -0.4929454
  vertex -0.77408713 0.63145286 -0.45344973
 endloop
endfacet
facet normal -0 -1 0
 outer loop
  vertex 0.8341388 0.63145286 -0.026498146
  vertex 0.9067926 0.63145286 -0.028806144
  vertex 0.9108442 0.63145286 -1.2376889e-08
 endloop
endfacet
facet normal 0 -1 -0
 outer loop
  vertex 0.8341388 0.63145286 -0.026498146
  vertex 0.9108442 0.63145286 -1.2376889e-08
  vertex 0.83786577 0.63145286 -1.1982184e-08
 endloop
endfacet
facet normal 0 -1 0
 outer loop
  vertex -0.77408713 0.63145286 0.45344982
  vertex -0.84151036 0.63145286 0.49294546
  vertex -0.9108447 0.63145286 -1.2376889e-08
 endloop
endfacet
facet normal -0 -1 0
 outer loop
  vertex -0.77408713 0.63145286 0.45344982
  vertex -0.9108447 0.63145286 -1.2376889e-08
  vertex -0.83786625 0.63145286 -1.1982184e-08
 endloop
endfacet
facet normal -0 -1 0
 outer loop
  vertex 0.5924605 0.63145286 -0.83786595
  vertex 0.64406407 0.63145286 -0.9108444
  vertex 0.8415105 0.63145286 -0.4929454
 endloop
endfacet
facet normal 0 -1 -0
 outer loop
  vertex 0.5924605 0.63145286 -0.83786595
  vertex 0.8415105 0.63145286 -0.4929454
  vertex 0.77408713 0.63145286 -0.45344973
 endloop
endfacet
facet normal 0 -1 0
 outer loop
  vertex -0.5924609 0.63145286 0.83786595
  vertex -0.6440645 0.63145286 0.9108444
  vertex -0.84151036 0.63145286 0.49294546
 endloop
endfacet
facet normal 0 -1 0
 outer loop
  vertex -0.5924609 0.63145286 0.83786595
  vertex -0.84151036 0.63145286 0.49294546
  vertex -0.77408713 0.63145286 0.45344982
 endloop
endfacet
facet normal 0 -1 0
 outer loop
  vertex 0.3206371 0.63145286 -0.83786595
  vertex 0.3485647 0.63145286 -0.9108444
  vertex 0.64406407 0.63145286 -0.9108444
 endloop
endfacet
facet normal -0 -1 -0
 outer loop
  vertex 0.3206371 0.63145286 -0.83786595
  vertex 0.64406407 0.63145286 -0.9108444
  vertex 0.5924605 0.63145286 -0.83786595
 endloop
endfacet
facet normal 0 -1 0
 outer loop
  vertex -0.32063758 0.63145286 0.83786595
  vertex -0.34856525 0.63145286 0.9108444
  vertex -0.6440645 0.63145286 0.9108444
 endloop
endfacet
facet normal 0 -1 0
 outer loop
  vertex -0.32063758 0.63145286 0.83786595
  vertex -0.6440645 0.63145286 0.9108444
  vertex -0.5924609 0.63145286 0.83786595
 endloop
endfacet
facet normal 0 -1 0
 outer loop
  vertex -2.3713694e-07 0.63145286 -0.83786595
  vertex -2.435148e-07 0.63145286 -0.9108444
  vertex 0.3485647 0.63145286 -0.9108444
 endloop
endfacet
facet normal -0 -1 -0
 outer loop
  vertex -2.3713694e-07 0.63145286 -0.83786595
  vertex 0.3485647 0.63145286 -0.9108444
  vertex 0.3206371 0.63145286 -0.83786595
 endloop
endfacet
facet normal 0 -1 0
 outer loop
  vertex -2.3713694e-07 0.63145286 0.83786595
  vertex -2.435148e-07 0.63145286 0.9108444
  vertex -0.34856525 0.63145286 0.9108444
 endloop
endfacet
facet normal 0 -1 0
 outer loop
  vertex -2.3713694e-07 0.63145286 0.83786595
  vertex -0.34856525 0.63145286 0.9108444
  vertex -0.32063758 0.63145286 0.83786595
 endloop
endfacet
facet normal 0 -1 0
 outer loop
  vertex -0.32063758 0.63145286 -0.83786595
  vertex -0.34856525 0.63145286 -0.9108444
  vertex -2.435148e-07 0.63145286 -0.9108444
 endloop
endfacet
facet normal -0 -1 0
 outer loop
  vertex -0.32063758 0.63145286 -0.83786595
  vertex -2.435148e-07 0.63145286 -0.9108444
  vertex -2.3713694e-07 0.63145286 -0.83786595
 endloop
endfacet
facet normal 0 -1 -0
 outer loop
  vertex 0.3206371 0.63145286 0.83786595
  vertex 0.3485647 0.63145286 0.9108444
  vertex -2.435148e-07 0.63145286 0.9108444
 endloop
endfacet
facet normal 0 -1 0
 outer loop
  vertex 0.3206371 0.63145286 0.83786595
  vertex -2.435148e-07 0.63145286 0.9108444
  vertex -2.3713694e-07 0.63145286 0.83786595
 endloop
endfacet
facet normal 0 -1 0
 outer loop
  vertex -0.5924609 0.63145286 -0.83786595
  vertex -0.6440645 0.63145286 -0.9108444
  vertex -0.34856525 0.63145286 -0.9108444
 endloop
endfacet
facet normal -0 -1 0
 outer loop
  vertex -0.5924609 0.63145286 -0.83786595
  vertex -0.34856525 0.63145286 -0.9108444
  vertex -0.32063758 0.63145286 -0.83786595
 endloop
endfacet
facet normal 0 -1 -0
 outer loop
  vertex 0.5924605 0.63145286 0.83786595
  vertex 0.64406407 0.63145286 0.9108444
  vertex 0.3485647 0.63145286 0.9108444
 endloop
endfacet
facet normal 0 -1 0
 outer loop
  vertex 0.5924605 0.63145286 0.83786595
  vertex 0.3485647 0.63145286 0.9108444
  vertex 0.3206371 0.63145286 0.83786595
 endloop
endfacet
facet normal 0 -1 0
 outer loop
  vertex -0.77408713 0.63145286 -0.45344973
  vertex -0.84151036 0.63145286 -0.4929454
  vertex -0.6440645 0.63145286 -0.9108444
 endloop
endfacet
facet normal -0 -1 0
 outer loop
  vertex -0.77408713 0.63145286 -0.45344973
  vertex -0.6440645 0.63145286 -0.9108444
  vertex -0.5924609 0.63145286 -0.83786595
 endloop
endfacet
facet normal 0 -1 -0
 outer loop
  vertex 0.7786333 0.63145286 0.42112735
  vertex 0.84645265 0.63145286 0.45780772
  vertex 0.8415105 0.63145286 0.49294546
 endloop
endfacet
facet normal 0 -1 -0
 outer loop
  vertex 0.7786333 0.63145286 0.42112735
  vertex 0.8415105 0.63145286 0.49294546
  vertex 0.77408713 0.63145286 0.45344982
 endloop
endfacet
facet normal 0 1 0
 outer loop
  vertex 0.3485647 0.66609865 -0.9108444
  vertex 0.31932697 0.66609865 -0.8344424
  vertex 0.59003973 0.66609865 -0.8344424
 endloop
endfacet
facet normal 0 1 0
 outer loop
  vertex 0.3485647 0.66609865 -0.9108444
  vertex 0.59003973 0.66609865 -0.8344424
  vertex 0.64406407 0.66609865 -0.9108444
 endloop
endfacet
facet normal -0 -0 -1
 outer loop
  vertex -0.6440645 0.63145286 -0.9108444
  vertex -0.6440645 0.66609865 -0.9108444
  vertex -0.34856525 0.66609865 -0.9108444
 endloop
endfacet
facet normal -0 0 -1
 outer loop
  vertex -0.6440645 0.63145286 -0.9108444
  vertex -0.34856525 0.66609865 -0.9108444
  vertex -0.34856525 0.63145286 -0.9108444
 endloop
endfacet
facet normal -0 0 1
 outer loop
  vertex 0.64406407 0.63145286 0.9108444
  vertex 0.64406407 0.66609865 0.9108444
  vertex 0.3485647 0.66609865 0.9108444
 endloop
endfacet
facet normal -0 0 1
 outer loop
  vertex 0.64406407 0.63145286 0.9108444
  vertex 0.3485647 0.66609865 0.9108444
  vertex 0.3485647 0.63145286 0.9108444
 endloop
endfacet
facet normal -0.9041612 -0 -0.4271915
 outer loop
  vertex -0.84151036 0.63145286 -0.4929454
  vertex -0.84151036 0.66609865 -0.4929454
  vertex -0.6440645 0.66609865 -0.9108444
 endloop
endfacet
facet normal -0.9041612 0 -0.4271915
 outer loop
  vertex -0.84151036 0.63145286 -0.4929454
  vertex -0.6440645 0.66609865 -0.9108444
  vertex -0.6440645 0.63145286 -0.9108444
 endloop
endfacet
facet normal 0.9902529 0 0.13928063
 outer loop
  vertex 0.84645265 0.63145286 0.45780772
  vertex 0.84645265 0.66609865 0.45780772
  vertex 0.8415105 0.66609865 0.49294546
 endloop
endfacet
facet normal 0.9902529 -0 0.13928063
 outer loop
  vertex 0.84645265 0.63145286 0.45780772
  vertex 0.8415105 0.66609865 0.49294546
  vertex 0.8415105 0.63145286 0.49294546
 endloop
endfacet
facet normal 0.90416074 0 0.4271925
 outer loop
  vertex 0.8415105 0.63145286 0.49294546
  vertex 0.8415105 0.66609865 0.49294546
  vertex 0.64406407 0.66609865 0.9108444
 endloop
endfacet
facet normal 0.90416074 -0 0.4271925
 outer loop
  vertex 0.8415105 0.63145286 0.49294546
  vertex 0.64406407 0.66609865 0.9108444
  vertex 0.64406407 0.63145286 0.9108444
 endloop
endfacet
facet normal -0.99025273 1.9975335e-09 -0.13928218
 outer loop
  vertex -0.9108447 0.63145286 -1.2376889e-08
  vertex -0.9108447 0.66609865 -1.1880012e-08
  vertex -0.84151036 0.66609865 -0.4929454
 endloop
endfacet
facet normal -0.99025273 0 -0.13928218
 outer loop
  vertex -0.9108447 0.63145286 -1.2376889e-08
  vertex -0.84151036 0.66609865 -0.4929454
  vertex -0.84151036 0.63145286 -0.4929454
 endloop
endfacet
facet normal 0.99025303 0 -0.13928056
 outer loop
  vertex 0.9067926 0.63145286 -0.028806144
  vertex 0.9067926 0.66609865 -0.028806144
  vertex 0.9108442 0.66609865 -1.1880012e-08
 endloop
endfacet
facet normal 0.99025303 1.9975104e-09 -0.13928056
 outer loop
  vertex 0.9067926 0.63145286 -0.028806144
  vertex 0.9108442 0.66609865 -1.1880012e-08
  vertex 0.9108442 0.63145286 -1.2376889e-08
 endloop
endfacet
facet normal -0.99025273 0 0.13928217
 outer loop
  vertex -0.84151036 0.63145286 0.49294546
  vertex -0.84151036 0.66609865 0.49294546
  vertex -0.9108447 0.66609865 -1.1880012e-08
 endloop
endfacet
facet normal -0.99025273 -1.9975332e-09 0.13928217
 outer loop
  vertex -0.84151036 0.63145286 0.49294546
  vertex -0.9108447 0.66609865 -1.1880012e-08
  vertex -0.9108447 0.63145286 -1.2376889e-08
 endloop
endfacet
facet normal 0.9041608 0 -0.42719245
 outer loop
  vertex 0.64406407 0.63145286 -0.9108444
  vertex 0.64406407 0.66609865 -0.9108444
  vertex 0.8415105 0.66609865 -0.4929454
 endloop
endfacet
facet normal 0.9041608 0 -0.42719245
 outer loop
  vertex 0.64406407 0.63145286 -0.9108444
  vertex 0.8415105 0.66609865 -0.4929454
  vertex 0.8415105 0.63145286 -0.4929454
 endloop
endfacet
facet normal -0.90416116 0 0.42719153
 outer loop
  vertex -0.6440645 0.63145286 0.9108444
  vertex -0.6440645 0.66609865 0.9108444
  vertex -0.84151036 0.66609865 0.49294546
 endloop
endfacet
facet normal -0.90416116 0 0.42719153
 outer loop
  vertex -0.6440645 0.63145286 0.9108444
  vertex -0.84151036 0.66609865 0.49294546
  vertex -0.84151036 0.63145286 0.49294546
 endloop
endfacet
facet normal -0 -0 -1
 outer loop
  vertex 0.3485647 0.63145286 -0.9108444
  vertex 0.3485647 0.66609865 -0.9108444
  vertex 0.64406407 0.66609865 -0.9108444
 endloop
endfacet
facet normal -0 0 -1
 outer loop
  vertex 0.3485647 0.63145286 -0.9108444
  vertex 0.64406407 0.66609865 -0.9108444
  vertex 0.64406407 0.63145286 -0.9108444
 endloop
endfacet
facet normal -0 0 1
 outer loop
  vertex -0.34856525 0.63145286 0.9108444
  vertex -0.34856525 0.66609865 0.9108444
  vertex -0.6440645 0.66609865 0.9108444
 endloop
endfacet
facet normal -0 0 1
 outer loop
  vertex -0.34856525 0.63145286 0.9108444
  vertex -0.6440645 0.66609865 0.9108444
  vertex -0.6440645 0.63145286 0.9108444
 endloop
endfacet
facet normal -0 -0 -1
 outer loop
  vertex -2.435148e-07 0.63145286 -0.9108444
  vertex -2.435148e-07 0.66609865 -0.9108444
  vertex 0.3485647 0.66609865 -0.9108444
 endloop
endfacet
facet normal -0 0 -1
 outer loop
  vertex -2.435148e-07 0.63145286 -0.9108444
  vertex 0.3485647 0.66609865 -0.9108444
  vertex 0.3485647 0.63145286 -0.9108444
 endloop
endfacet
facet normal -0 0 1
 outer loop
  vertex -2.435148e-07 0.63145286 0.9108444
  vertex -2.435148e-07 0.66609865 0.9108444
  vertex -0.34856525 0.66609865 0.9108444
 endloop
endfacet
facet normal -0 0 1
 outer loop
  vertex -2.435148e-07 0.63145286 0.9108444
  vertex -0.34856525 0.66609865 0.9108444
  vertex -0.34856525 0.63145286 0.9108444
 endloop
endfacet
facet normal -0 -0 -1
 outer loop
  vertex -0.34856525 0.63145286 -0.9108444
  vertex -0.34856525 0.66609865 -0.9108444
  vertex -2.435148e-07 0.66609865 -0.9108444
 endloop
endfacet
facet normal -0 0 -1
 outer loop
  vertex -0.34856525 0.63145286 -0.9108444
  vertex -2.435148e-07 0.66609865 -0.9108444
  vertex -2.435148e-07 0.63145286 -0.9108444
 endloop
endfacet
facet normal -0.99025273 -4.816808e-09 -0.13928215
 outer loop
  vertex -0.8344426 0.66609865 -9.396166e-09
  vertex -0.8344426 0.6864785 -1.0100964e-08
  vertex -0.7709241 0.6864785 -0.45159695
 endloop
endfacet
facet normal -0.99025273 0 -0.13928215
 outer loop
  vertex -0.8344426 0.66609865 -9.396166e-09
  vertex -0.7709241 0.6864785 -0.45159695
  vertex -0.7709241 0.66609865 -0.45159695
 endloop
endfacet
facet normal 0 1 -0
 outer loop
  vertex -0.34856525 0.66609865 0.9108444
  vertex -0.3193275 0.66609865 0.8344424
  vertex -0.59004015 0.66609865 0.8344424
 endloop
endfacet
facet normal -0 1 0
 outer loop
  vertex -0.34856525 0.66609865 0.9108444
  vertex -0.59004015 0.66609865 0.8344424
  vertex -0.6440645 0.66609865 0.9108444
 endloop
endfacet
facet normal 0 1 0
 outer loop
  vertex -2.435148e-07 0.66609865 -0.9108444
  vertex -2.314267e-07 0.66609865 -0.8344424
  vertex 0.31932697 0.66609865 -0.8344424
 endloop
endfacet
facet normal 0 1 0
 outer loop
  vertex -2.435148e-07 0.66609865 -0.9108444
  vertex 0.31932697 0.66609865 -0.8344424
  vertex 0.3485647 0.66609865 -0.9108444
 endloop
endfacet
facet normal 0 1 -0
 outer loop
  vertex -2.435148e-07 0.66609865 0.9108444
  vertex -2.314267e-07 0.66609865 0.8344424
  vertex -0.3193275 0.66609865 0.8344424
 endloop
endfacet
facet normal -0 1 0
 outer loop
  vertex -2.435148e-07 0.66609865 0.9108444
  vertex -0.3193275 0.66609865 0.8344424
  vertex -0.34856525 0.66609865 0.9108444
 endloop
endfacet
facet normal 0 1 0
 outer loop
  vertex -0.34856525 0.66609865 -0.9108444
  vertex -0.3193275 0.66609865 -0.8344424
  vertex -2.314267e-07 0.66609865 -0.8344424
 endloop
endfacet
facet normal 0 1 -0
 outer loop
  vertex -0.34856525 0.66609865 -0.9108444
  vertex -2.314267e-07 0.66609865 -0.8344424
  vertex -2.435148e-07 0.66609865 -0.9108444
 endloop
endfacet
facet normal 0 1 0
 outer loop
  vertex 0.3485647 0.66609865 0.9108444
  vertex 0.31932697 0.66609865 0.8344424
  vertex -2.314267e-07 0.66609865 0.8344424
 endloop
endfacet
facet normal -0 1 0
 outer loop
  vertex 0.3485647 0.66609865 0.9108444
  vertex -2.314267e-07 0.66609865 0.8344424
  vertex -2.435148e-07 0.66609865 0.9108444
 endloop
endfacet
facet normal 0 1 0
 outer loop
  vertex -0.6440645 0.66609865 -0.9108444
  vertex -0.59004015 0.66609865 -0.8344424
  vertex -0.3193275 0.66609865 -0.8344424
 endloop
endfacet
facet normal 0 1 -0
 outer loop
  vertex -0.6440645 0.66609865 -0.9108444
  vertex -0.3193275 0.66609865 -0.8344424
  vertex -0.34856525 0.66609865 -0.9108444
 endloop
endfacet
facet normal 0 1 0
 outer loop
  vertex 0.64406407 0.66609865 0.9108444
  vertex 0.59003973 0.66609865 0.8344424
  vertex 0.31932697 0.66609865 0.8344424
 endloop
endfacet
facet normal -0 1 0
 outer loop
  vertex 0.64406407 0.66609865 0.9108444
  vertex 0.31932697 0.66609865 0.8344424
  vertex 0.3485647 0.66609865 0.9108444
 endloop
endfacet
facet normal 0 1 0
 outer loop
  vertex -0.84151036 0.66609865 -0.4929454
  vertex -0.7709241 0.66609865 -0.45159695
  vertex -0.59004015 0.66609865 -0.8344424
 endloop
endfacet
facet normal 0 1 -0
 outer loop
  vertex -0.84151036 0.66609865 -0.4929454
  vertex -0.59004015 0.66609865 -0.8344424
  vertex -0.6440645 0.66609865 -0.9108444
 endloop
endfacet
facet normal -0 1 0
 outer loop
  vertex 0.84645265 0.66609865 0.45780772
  vertex 0.77545184 0.66609865 0.41940662
  vertex 0.77092427 0.66609865 0.451597
 endloop
endfacet
facet normal -0 1 0
 outer loop
  vertex 0.84645265 0.66609865 0.45780772
  vertex 0.77092427 0.66609865 0.451597
  vertex 0.8415105 0.66609865 0.49294546
 endloop
endfacet
facet normal -0 1 0
 outer loop
  vertex 0.8415105 0.66609865 0.49294546
  vertex 0.77092427 0.66609865 0.451597
  vertex 0.59003973 0.66609865 0.8344424
 endloop
endfacet
facet normal 0 1 0
 outer loop
  vertex 0.8415105 0.66609865 0.49294546
  vertex 0.59003973 0.66609865 0.8344424
  vertex 0.64406407 0.66609865 0.9108444
 endloop
endfacet
facet normal 0 1 0
 outer loop
  vertex -0.9108447 0.66609865 -1.1880012e-08
  vertex -0.8344426 0.66609865 -9.396166e-09
  vertex -0.7709241 0.66609865 -0.45159695
 endloop
endfacet
facet normal 0 1 -0
 outer loop
  vertex -0.9108447 0.66609865 -1.1880012e-08
  vertex -0.7709241 0.66609865 -0.45159695
  vertex -0.84151036 0.66609865 -0.4929454
 endloop
endfacet
facet normal 0 1 0
 outer loop
  vertex 0.9067926 0.66609865 -0.028806144
  vertex 0.8307305 0.66609865 -0.026389873
  vertex 0.83444226 0.66609865 -9.396166e-09
 endloop
endfacet
facet normal 0 1 0
 outer loop
  vertex 0.9067926 0.66609865 -0.028806144
  vertex 0.83444226 0.66609865 -9.396166e-09
  vertex 0.9108442 0.66609865 -1.1880012e-08
 endloop
endfacet
facet normal 0 1 -0
 outer loop
  vertex -0.84151036 0.66609865 0.49294546
  vertex -0.7709241 0.66609865 0.451597
  vertex -0.8344426 0.66609865 -9.396166e-09
 endloop
endfacet
facet normal 0 1 -0
 outer loop
  vertex -0.84151036 0.66609865 0.49294546
  vertex -0.8344426 0.66609865 -9.396166e-09
  vertex -0.9108447 0.66609865 -1.1880012e-08
 endloop
endfacet
facet normal 0 1 0
 outer loop
  vertex 0.64406407 0.66609865 -0.9108444
  vertex 0.59003973 0.66609865 -0.8344424
  vertex 0.77092427 0.66609865 -0.45159695
 endloop
endfacet
facet normal 0 1 0
 outer loop
  vertex 0.64406407 0.66609865 -0.9108444
  vertex 0.77092427 0.66609865 -0.45159695
  vertex 0.8415105 0.66609865 -0.4929454
 endloop
endfacet
facet normal 0 1 -0
 outer loop
  vertex -0.6440645 0.66609865 0.9108444
  vertex -0.59004015 0.66609865 0.8344424
  vertex -0.7709241 0.66609865 0.451597
 endloop
endfacet
facet normal -0 1 0
 outer loop
  vertex -0.6440645 0.66609865 0.9108444
  vertex -0.7709241 0.66609865 0.451597
  vertex -0.84151036 0.66609865 0.49294546
 endloop
endfacet
facet normal 0 1 -1.01176994e-07
 outer loop
  vertex 0.31932697 0.6864785 0.8344424
  vertex 0.09388342 0.68647844 0.24532974
  vertex -1.8376217e-07 0.68647844 0.24532974
 endloop
endfacet
facet normal 0 1 -1.01176994e-07
 outer loop
  vertex 0.31932697 0.6864785 0.8344424
  vertex -1.8376217e-07 0.68647844 0.24532974
  vertex -2.314267e-07 0.6864785 0.8344424
 endloop
endfacet
facet normal 0.9902531 -1.2729694e-07 -0.13927996
 outer loop
  vertex 0.8307305 0.66609865 -0.026389873
  vertex 0.8307305 0.6864785 -0.026389891
  vertex 0.83444226 0.6864785 -1.0100964e-08
 endloop
endfacet
facet normal 0.9902531 -4.816736e-09 -0.13928007
 outer loop
  vertex 0.8307305 0.66609865 -0.026389873
  vertex 0.83444226 0.6864785 -1.0100964e-08
  vertex 0.83444226 0.66609865 -9.396166e-09
 endloop
endfacet
facet normal -0.99025273 0 0.13928214
 outer loop
  vertex -0.7709241 0.66609865 0.451597
  vertex -0.7709241 0.6864785 0.451597
  vertex -0.8344426 0.6864785 -1.0100964e-08
 endloop
endfacet
facet normal -0.99025273 4.8168074e-09 0.13928214
 outer loop
  vertex -0.7709241 0.66609865 0.451597
  vertex -0.8344426 0.6864785 -1.0100964e-08
  vertex -0.8344426 0.66609865 -9.396166e-09
 endloop
endfacet
facet normal 0.9041607 0 -0.42719248
 outer loop
  vertex 0.59003973 0.66609865 -0.8344424
  vertex 0.59003973 0.6864785 -0.8344424
  vertex 0.77092427 0.6864785 -0.45159695
 endloop
endfacet
facet normal 0.9041607 0 -0.42719248
 outer loop
  vertex 0.59003973 0.66609865 -0.8344424
  vertex 0.77092427 0.6864785 -0.45159695
  vertex 0.77092427 0.66609865 -0.45159695
 endloop
endfacet
facet normal -0.9041613 0 0.4271914
 outer loop
  vertex -0.59004015 0.66609865 0.8344424
  vertex -0.59004015 0.6864785 0.8344424
  vertex -0.7709241 0.6864785 0.451597
 endloop
endfacet
facet normal -0.9041613 0 0.4271914
 outer loop
  vertex -0.59004015 0.66609865 0.8344424
  vertex -0.7709241 0.6864785 0.451597
  vertex -0.7709241 0.66609865 0.451597
 endloop
endfacet
facet normal -0 -0 -1
 outer loop
  vertex 0.31932697 0.66609865 -0.8344424
  vertex 0.31932697 0.6864785 -0.8344424
  vertex 0.59003973 0.6864785 -0.8344424
 endloop
endfacet
facet normal -0 0 -1
 outer loop
  vertex 0.31932697 0.66609865 -0.8344424
  vertex 0.59003973 0.6864785 -0.8344424
  vertex 0.59003973 0.66609865 -0.8344424
 endloop
endfacet
facet normal -0 0 1
 outer loop
  vertex -0.3193275 0.66609865 0.8344424
  vertex -0.3193275 0.6864785 0.8344424
  vertex -0.59004015 0.6864785 0.8344424
 endloop
endfacet
facet normal -0 0 1
 outer loop
  vertex -0.3193275 0.66609865 0.8344424
  vertex -0.59004015 0.6864785 0.8344424
  vertex -0.59004015 0.66609865 0.8344424
 endloop
endfacet
facet normal -0 -0 -1
 outer loop
  vertex -2.314267e-07 0.66609865 -0.8344424
  vertex -2.314267e-07 0.6864785 -0.8344424
  vertex 0.31932697 0.6864785 -0.8344424
 endloop
endfacet
facet normal -0 0 -1
 outer loop
  vertex -2.314267e-07 0.66609865 -0.8344424
  vertex 0.31932697 0.6864785 -0.8344424
  vertex 0.31932697 0.66609865 -0.8344424
 endloop
endfacet
facet normal -0 0 1
 outer loop
  vertex -2.314267e-07 0.66609865 0.8344424
  vertex -2.314267e-07 0.6864785 0.8344424
  vertex -0.3193275 0.6864785 0.8344424
 endloop
endfacet
facet normal -0 0 1
 outer loop
  vertex -2.314267e-07 0.66609865 0.8344424
  vertex -0.3193275 0.6864785 0.8344424
  vertex -0.3193275 0.66609865 0.8344424
 endloop
endfacet
facet normal -0 -0 -1
 outer loop
  vertex -0.3193275 0.66609865 -0.8344424
  vertex -0.3193275 0.6864785 -0.8344424
  vertex -2.314267e-07 0.6864785 -0.8344424
 endloop
endfacet
facet normal -0 0 -1
 outer loop
  vertex -0.3193275 0.66609865 -0.8344424
  vertex -2.314267e-07 0.6864785 -0.8344424
  vertex -2.314267e-07 0.66609865 -0.8344424
 endloop
endfacet
facet normal -0 0 1
 outer loop
  vertex 0.31932697 0.66609865 0.8344424
  vertex 0.31932697 0.6864785 0.8344424
  vertex -2.314267e-07 0.6864785 0.8344424
 endloop
endfacet
facet normal -0 0 1
 outer loop
  vertex 0.31932697 0.66609865 0.8344424
  vertex -2.314267e-07 0.6864785 0.8344424
  vertex -2.314267e-07 0.66609865 0.8344424
 endloop
endfacet
facet normal -0 -0 -1
 outer loop
  vertex -0.59004015 0.66609865 -0.8344424
  vertex -0.59004015 0.6864785 -0.8344424
  vertex -0.3193275 0.6864785 -0.8344424
 endloop
endfacet
facet normal -0 0 -1
 outer loop
  vertex -0.59004015 0.66609865 -0.8344424
  vertex -0.3193275 0.6864785 -0.8344424
  vertex -0.3193275 0.66609865 -0.8344424
 endloop
endfacet
facet normal -0 0 1
 outer loop
  vertex 0.59003973 0.66609865 0.8344424
  vertex 0.59003973 0.6864785 0.8344424
  vertex 0.31932697 0.6864785 0.8344424
 endloop
endfacet
facet normal -0 0 1
 outer loop
  vertex 0.59003973 0.66609865 0.8344424
  vertex 0.31932697 0.6864785 0.8344424
  vertex 0.31932697 0.66609865 0.8344424
 endloop
endfacet
facet normal -0.9041613 -0 -0.42719135
 outer loop
  vertex -0.7709241 0.66609865 -0.45159695
  vertex -0.7709241 0.6864785 -0.45159695
  vertex -0.59004015 0.6864785 -0.8344424
 endloop
endfacet
facet normal -0.9041613 0 -0.42719135
 outer loop
  vertex -0.7709241 0.66609865 -0.45159695
  vertex -0.59004015 0.6864785 -0.8344424
  vertex -0.59004015 0.66609865 -0.8344424
 endloop
endfacet
facet normal 0.99025327 0 0.13927884
 outer loop
  vertex 0.77545184 0.66609865 0.41940662
  vertex 0.77545184 0.6864785 0.41940662
  vertex 0.77092427 0.6864785 0.451597
 endloop
endfacet
facet normal 0.99025327 -0 0.13927884
 outer loop
  vertex 0.77545184 0.66609865 0.41940662
  vertex 0.77092427 0.6864785 0.451597
  vertex 0.77092427 0.66609865 0.451597
 endloop
endfacet
facet normal 0.9041607 0 0.42719254
 outer loop
  vertex 0.77092427 0.66609865 0.451597
  vertex 0.77092427 0.6864785 0.451597
  vertex 0.59003973 0.6864785 0.8344424
 endloop
endfacet
facet normal 0.9041607 -0 0.42719254
 outer loop
  vertex 0.77092427 0.66609865 0.451597
  vertex 0.59003973 0.6864785 0.8344424
  vertex 0.59003973 0.66609865 0.8344424
 endloop
endfacet
facet normal 0 0.973508 -0.22865267
 outer loop
  vertex 0.09388342 0.68647844 -0.24532974
  vertex 0.0413086 0.71874666 -0.10794505
  vertex 0.07632851 0.71874666 -0.10794505
 endloop
endfacet
facet normal 0 0.97350806 -0.22865269
 outer loop
  vertex 0.09388342 0.68647844 -0.24532974
  vertex 0.07632851 0.71874666 -0.10794505
  vertex 0.17347413 0.68647844 -0.24532974
 endloop
endfacet
facet normal 0 1 1.01176994e-07
 outer loop
  vertex -0.59004015 0.6864785 -0.8344424
  vertex -0.17347452 0.68647844 -0.24532974
  vertex -0.09388378 0.68647844 -0.24532974
 endloop
endfacet
facet normal 0 1 1.0117698e-07
 outer loop
  vertex -0.59004015 0.6864785 -0.8344424
  vertex -0.09388378 0.68647844 -0.24532974
  vertex -0.3193275 0.6864785 -0.8344424
 endloop
endfacet
facet normal 0 1 -1.01176994e-07
 outer loop
  vertex 0.59003973 0.6864785 0.8344424
  vertex 0.17347413 0.68647844 0.24532974
  vertex 0.09388342 0.68647844 0.24532974
 endloop
endfacet
facet normal 0 1 -1.01176994e-07
 outer loop
  vertex 0.59003973 0.6864785 0.8344424
  vertex 0.09388342 0.68647844 0.24532974
  vertex 0.31932697 0.6864785 0.8344424
 endloop
endfacet
facet normal 8.577379e-08 1 4.0525748e-08
 outer loop
  vertex -0.7709241 0.6864785 -0.45159695
  vertex -0.22665522 0.68647844 -0.13277143
  vertex -0.17347452 0.68647844 -0.24532974
 endloop
endfacet
facet normal 8.577379e-08 1 4.052575e-08
 outer loop
  vertex -0.7709241 0.6864785 -0.45159695
  vertex -0.17347452 0.68647844 -0.24532974
  vertex -0.59004015 0.6864785 -0.8344424
 endloop
endfacet
facet normal -1.0117698e-07 1 -1.4230785e-08
 outer loop
  vertex 0.77545184 0.6864785 0.41940662
  vertex 0.22798613 0.68647844 0.12330742
  vertex 0.22665498 0.68647844 0.13277154
 endloop
endfacet
facet normal -1.0117711e-07 1 -1.4230534e-08
 outer loop
  vertex 0.77545184 0.6864785 0.41940662
  vertex 0.22665498 0.68647844 0.13277154
  vertex 0.77092427 0.6864785 0.451597
 endloop
endfacet
facet normal -8.577367e-08 1 -4.0525844e-08
 outer loop
  vertex 0.77092427 0.6864785 0.451597
  vertex 0.22665498 0.68647844 0.13277154
  vertex 0.17347413 0.68647844 0.24532974
 endloop
endfacet
facet normal -8.577367e-08 1 -4.052584e-08
 outer loop
  vertex 0.77092427 0.6864785 0.451597
  vertex 0.17347413 0.68647844 0.24532974
  vertex 0.59003973 0.6864785 0.8344424
 endloop
endfacet
facet normal 1.0117698e-07 1 1.4230855e-08
 outer loop
  vertex -0.8344426 0.6864785 -1.0100964e-08
  vertex -0.24532993 0.68647844 2.8590735e-08
  vertex -0.22665522 0.68647844 -0.13277143
 endloop
endfacet
facet normal 1.0117699e-07 1 1.4230861e-08
 outer loop
  vertex -0.8344426 0.6864785 -1.0100964e-08
  vertex -0.22665522 0.68647844 -0.13277143
  vertex -0.7709241 0.6864785 -0.45159695
 endloop
endfacet
facet normal -1.0117696e-07 1 1.4230802e-08
 outer loop
  vertex 0.8307305 0.6864785 -0.026389891
  vertex 0.24423826 0.68647844 -0.0077587087
  vertex 0.24532954 0.68647844 2.8590735e-08
 endloop
endfacet
facet normal -1.0117698e-07 1 1.4230632e-08
 outer loop
  vertex 0.8307305 0.6864785 -0.026389891
  vertex 0.24532954 0.68647844 2.8590735e-08
  vertex 0.83444226 0.6864785 -1.0100964e-08
 endloop
endfacet
facet normal 1.01176994e-07 1 -1.4230852e-08
 outer loop
  vertex -0.7709241 0.6864785 0.451597
  vertex -0.22665522 0.68647844 0.13277154
  vertex -0.24532993 0.68647844 2.8590735e-08
 endloop
endfacet
facet normal 1.0117697e-07 1 -1.42308565e-08
 outer loop
  vertex -0.7709241 0.6864785 0.451597
  vertex -0.24532993 0.68647844 2.8590735e-08
  vertex -0.8344426 0.6864785 -1.0100964e-08
 endloop
endfacet
facet normal -8.577369e-08 1 4.0525816e-08
 outer loop
  vertex 0.59003973 0.6864785 -0.8344424
  vertex 0.17347413 0.68647844 -0.24532974
  vertex 0.22665498 0.68647844 -0.13277143
 endloop
endfacet
facet normal -8.5773664e-08 1 4.052584e-08
 outer loop
  vertex 0.59003973 0.6864785 -0.8344424
  vertex 0.22665498 0.68647844 -0.13277143
  vertex 0.77092427 0.6864785 -0.45159695
 endloop
endfacet
facet normal 8.5773756e-08 1 -4.0525773e-08
 outer loop
  vertex -0.59004015 0.6864785 0.8344424
  vertex -0.17347452 0.68647844 0.24532974
  vertex -0.22665522 0.68647844 0.13277154
 endloop
endfacet
facet normal 8.577379e-08 1 -4.052576e-08
 outer loop
  vertex -0.59004015 0.6864785 0.8344424
  vertex -0.22665522 0.68647844 0.13277154
  vertex -0.7709241 0.6864785 0.451597
 endloop
endfacet
facet normal 0 1 1.01176994e-07
 outer loop
  vertex 0.31932697 0.6864785 -0.8344424
  vertex 0.09388342 0.68647844 -0.24532974
  vertex 0.17347413 0.68647844 -0.24532974
 endloop
endfacet
facet normal 0 1 1.0117699e-07
 outer loop
  vertex 0.31932697 0.6864785 -0.8344424
  vertex 0.17347413 0.68647844 -0.24532974
  vertex 0.59003973 0.6864785 -0.8344424
 endloop
endfacet
facet normal 0 1 -1.01176994e-07
 outer loop
  vertex -0.3193275 0.6864785 0.8344424
  vertex -0.09388378 0.68647844 0.24532974
  vertex -0.17347452 0.68647844 0.24532974
 endloop
endfacet
facet normal 0 1 -1.0117699e-07
 outer loop
  vertex -0.3193275 0.6864785 0.8344424
  vertex -0.17347452 0.68647844 0.24532974
  vertex -0.59004015 0.6864785 0.8344424
 endloop
endfacet
facet normal 0 1 1.01176994e-07
 outer loop
  vertex -2.314267e-07 0.6864785 -0.8344424
  vertex -1.8376217e-07 0.68647844 -0.24532974
  vertex 0.09388342 0.68647844 -0.24532974
 endloop
endfacet
facet normal 0 1 1.0117699e-07
 outer loop
  vertex -2.314267e-07 0.6864785 -0.8344424
  vertex 0.09388342 0.68647844 -0.24532974
  vertex 0.31932697 0.6864785 -0.8344424
 endloop
endfacet
facet normal 0 1 -1.0117699e-07
 outer loop
  vertex -2.314267e-07 0.6864785 0.8344424
  vertex -1.8376217e-07 0.68647844 0.24532974
  vertex -0.09388378 0.68647844 0.24532974
 endloop
endfacet
facet normal 0 1 -1.01176994e-07
 outer loop
  vertex -2.314267e-07 0.6864785 0.8344424
  vertex -0.09388378 0.68647844 0.24532974
  vertex -0.3193275 0.6864785 0.8344424
 endloop
endfacet
facet normal 0 1 1.0117699e-07
 outer loop
  vertex -0.3193275 0.6864785 -0.8344424
  vertex -0.09388378 0.68647844 -0.24532974
  vertex -1.8376217e-07 0.68647844 -0.24532974
 endloop
endfacet
facet normal 0 1 1.0117699e-07
 outer loop
  vertex -0.3193275 0.6864785 -0.8344424
  vertex -1.8376217e-07 0.68647844 -0.24532974
  vertex -2.314267e-07 0.6864785 -0.8344424
 endloop
endfacet
facet normal 0 1 0
 outer loop
  vertex -0.10794524 0.71874666 1.6752246e-08
  vertex -0.079021044 0.71874666 1.6505792e-08
  vertex -0.07300591 0.71874666 -0.042765755
 endloop
endfacet
facet normal 0 1 -0
 outer loop
  vertex -0.10794524 0.71874666 1.6752246e-08
  vertex -0.07300591 0.71874666 -0.042765755
  vertex -0.09972837 0.71874666 -0.05841941
 endloop
endfacet
facet normal -0 0.973508 0.22865273
 outer loop
  vertex -0.09388378 0.68647844 0.24532974
  vertex -0.041308954 0.71874666 0.10794507
  vertex -0.076328866 0.71874666 0.10794507
 endloop
endfacet
facet normal 0 0.97350806 0.22865272
 outer loop
  vertex -0.09388378 0.68647844 0.24532974
  vertex -0.076328866 0.71874666 0.10794507
  vertex -0.17347452 0.68647844 0.24532974
 endloop
endfacet
facet normal 0 0.973508 -0.22865269
 outer loop
  vertex -1.8376217e-07 0.68647844 -0.24532974
  vertex -1.7577575e-07 0.71874666 -0.10794505
  vertex 0.0413086 0.71874666 -0.10794505
 endloop
endfacet
facet normal 0 0.97350806 -0.2286527
 outer loop
  vertex -1.8376217e-07 0.68647844 -0.24532974
  vertex 0.0413086 0.71874666 -0.10794505
  vertex 0.09388342 0.68647844 -0.24532974
 endloop
endfacet
facet normal -0 0.973508 0.22865272
 outer loop
  vertex -1.8376217e-07 0.68647844 0.24532974
  vertex -1.7577575e-07 0.71874666 0.10794507
  vertex -0.041308954 0.71874666 0.10794507
 endloop
endfacet
facet normal 0 0.973508 0.2286527
 outer loop
  vertex -1.8376217e-07 0.68647844 0.24532974
  vertex -0.041308954 0.71874666 0.10794507
  vertex -0.09388378 0.68647844 0.24532974
 endloop
endfacet
facet normal 0 0.97350806 -0.2286527
 outer loop
  vertex -0.09388378 0.68647844 -0.24532974
  vertex -0.041308954 0.71874666 -0.10794505
  vertex -1.7577575e-07 0.71874666 -0.10794505
 endloop
endfacet
facet normal 0 0.97350806 -0.22865269
 outer loop
  vertex -0.09388378 0.68647844 -0.24532974
  vertex -1.7577575e-07 0.71874666 -0.10794505
  vertex -1.8376217e-07 0.68647844 -0.24532974
 endloop
endfacet
facet normal -0 0.973508 0.22865272
 outer loop
  vertex 0.09388342 0.68647844 0.24532974
  vertex 0.0413086 0.71874666 0.10794507
  vertex -1.7577575e-07 0.71874666 0.10794507
 endloop
endfacet
facet normal 0 0.973508 0.2286527
 outer loop
  vertex 0.09388342 0.68647844 0.24532974
  vertex -1.7577575e-07 0.71874666 0.10794507
  vertex -1.8376217e-07 0.68647844 0.24532974
 endloop
endfacet
facet normal 0 0.9735081 -0.22865273
 outer loop
  vertex -0.17347452 0.68647844 -0.24532974
  vertex -0.076328866 0.71874666 -0.10794505
  vertex -0.041308954 0.71874666 -0.10794505
 endloop
endfacet
facet normal 0 0.97350806 -0.22865267
 outer loop
  vertex -0.17347452 0.68647844 -0.24532974
  vertex -0.041308954 0.71874666 -0.10794505
  vertex -0.09388378 0.68647844 -0.24532974
 endloop
endfacet
facet normal -0 0.9735081 0.22865272
 outer loop
  vertex 0.17347413 0.68647844 0.24532974
  vertex 0.07632851 0.71874666 0.10794507
  vertex 0.0413086 0.71874666 0.10794507
 endloop
endfacet
facet normal 0 0.97350806 0.22865273
 outer loop
  vertex 0.17347413 0.68647844 0.24532974
  vertex 0.0413086 0.71874666 0.10794507
  vertex 0.09388342 0.68647844 0.24532974
 endloop
endfacet
facet normal -0.19445798 0.9765987 -0.091876045
 outer loop
  vertex -0.22665522 0.68647844 -0.13277143
  vertex -0.09972837 0.71874666 -0.05841941
  vertex -0.076328866 0.71874666 -0.10794505
 endloop
endfacet
facet normal -0.194458 0.9765987 -0.09187602
 outer loop
  vertex -0.22665522 0.68647844 -0.13277143
  vertex -0.076328866 0.71874666 -0.10794505
  vertex -0.17347452 0.68647844 -0.24532974
 endloop
endfacet
facet normal 0.22853455 0.97300506 0.03214389
 outer loop
  vertex 0.22798613 0.68647844 0.12330742
  vertex 0.100313775 0.71874666 0.054255262
  vertex 0.09972807 0.71874666 0.05841947
 endloop
endfacet
facet normal 0.22853461 0.973005 0.032144036
 outer loop
  vertex 0.22798613 0.68647844 0.12330742
  vertex 0.09972807 0.71874666 0.05841947
  vertex 0.22665498 0.68647844 0.13277154
 endloop
endfacet
facet normal 0.19445772 0.9765987 0.09187624
 outer loop
  vertex 0.22665498 0.68647844 0.13277154
  vertex 0.09972807 0.71874666 0.05841947
  vertex 0.07632851 0.71874666 0.10794507
 endloop
endfacet
facet normal 0.19445775 0.9765987 0.09187624
 outer loop
  vertex 0.22665498 0.68647844 0.13277154
  vertex 0.07632851 0.71874666 0.10794507
  vertex 0.17347413 0.68647844 0.24532974
 endloop
endfacet
facet normal -0.22853455 0.97300506 -0.032144092
 outer loop
  vertex -0.24532993 0.68647844 2.8590735e-08
  vertex -0.10794524 0.71874666 1.6752246e-08
  vertex -0.09972837 0.71874666 -0.05841941
 endloop
endfacet
facet normal -0.22853453 0.973005 -0.03214412
 outer loop
  vertex -0.24532993 0.68647844 2.8590735e-08
  vertex -0.09972837 0.71874666 -0.05841941
  vertex -0.22665522 0.68647844 -0.13277143
 endloop
endfacet
facet normal 0.22853453 0.973005 -0.032144103
 outer loop
  vertex 0.24423826 0.68647844 -0.0077587087
  vertex 0.10746471 0.71874666 -0.0034138246
  vertex 0.107944876 0.71874666 1.6752246e-08
 endloop
endfacet
facet normal 0.22853456 0.97300494 -0.032144304
 outer loop
  vertex 0.24423826 0.68647844 -0.0077587087
  vertex 0.107944876 0.71874666 1.6752246e-08
  vertex 0.24532954 0.68647844 2.8590735e-08
 endloop
endfacet
facet normal -0.22853458 0.97300506 0.032144077
 outer loop
  vertex -0.22665522 0.68647844 0.13277154
  vertex -0.09972837 0.71874666 0.05841947
  vertex -0.10794524 0.71874666 1.6752246e-08
 endloop
endfacet
facet normal -0.22853452 0.973005 0.032144073
 outer loop
  vertex -0.22665522 0.68647844 0.13277154
  vertex -0.10794524 0.71874666 1.6752246e-08
  vertex -0.24532993 0.68647844 2.8590735e-08
 endloop
endfacet
facet normal 0.1944578 0.9765987 -0.091876194
 outer loop
  vertex 0.17347413 0.68647844 -0.24532974
  vertex 0.07632851 0.71874666 -0.10794505
  vertex 0.09972807 0.71874666 -0.05841941
 endloop
endfacet
facet normal 0.1944578 0.9765986 -0.09187617
 outer loop
  vertex 0.17347413 0.68647844 -0.24532974
  vertex 0.09972807 0.71874666 -0.05841941
  vertex 0.22665498 0.68647844 -0.13277143
 endloop
endfacet
facet normal -0.1944579 0.9765986 0.09187608
 outer loop
  vertex -0.17347452 0.68647844 0.24532974
  vertex -0.076328866 0.71874666 0.10794507
  vertex -0.09972837 0.71874666 0.05841947
 endloop
endfacet
facet normal -0.19445792 0.9765987 0.09187608
 outer loop
  vertex -0.17347452 0.68647844 0.24532974
  vertex -0.09972837 0.71874666 0.05841947
  vertex -0.22665522 0.68647844 0.13277154
 endloop
endfacet
facet normal 0 1 0
 outer loop
  vertex 0.030239798 0.71874666 0.07902087
  vertex 0.019036992 0.71874666 0.049746517
  vertex -1.72314e-07 0.71874666 0.049746517
 endloop
endfacet
facet normal -0 1 0
 outer loop
  vertex 0.030239798 0.71874666 0.07902087
  vertex -1.72314e-07 0.71874666 0.049746517
  vertex -1.7396957e-07 0.71874666 0.07902087
 endloop
endfacet
facet normal 0 1 0
 outer loop
  vertex 0.10746471 0.71874666 -0.0034138246
  vertex 0.07866918 0.71874666 -0.0024990772
  vertex 0.07902069 0.71874666 1.6505792e-08
 endloop
endfacet
facet normal 0 1 0
 outer loop
  vertex 0.10746471 0.71874666 -0.0034138246
  vertex 0.07902069 0.71874666 1.6505792e-08
  vertex 0.107944876 0.71874666 1.6752246e-08
 endloop
endfacet
facet normal 0 1 -0
 outer loop
  vertex -0.09972837 0.71874666 0.05841947
  vertex -0.07300591 0.71874666 0.042765807
  vertex -0.079021044 0.71874666 1.6505792e-08
 endloop
endfacet
facet normal -0 1 -0
 outer loop
  vertex -0.09972837 0.71874666 0.05841947
  vertex -0.079021044 0.71874666 1.6505792e-08
  vertex -0.10794524 0.71874666 1.6752246e-08
 endloop
endfacet
facet normal 0 1 0
 outer loop
  vertex 0.07632851 0.71874666 -0.10794505
  vertex 0.055876017 0.71874666 -0.07902086
  vertex 0.0730056 0.71874666 -0.042765755
 endloop
endfacet
facet normal 0 1 0
 outer loop
  vertex 0.07632851 0.71874666 -0.10794505
  vertex 0.0730056 0.71874666 -0.042765755
  vertex 0.09972807 0.71874666 -0.05841941
 endloop
endfacet
facet normal 0 1 -0
 outer loop
  vertex -0.076328866 0.71874666 0.10794507
  vertex -0.055876367 0.71874666 0.07902087
  vertex -0.07300591 0.71874666 0.042765807
 endloop
endfacet
facet normal -0 1 -0
 outer loop
  vertex -0.076328866 0.71874666 0.10794507
  vertex -0.07300591 0.71874666 0.042765807
  vertex -0.09972837 0.71874666 0.05841947
 endloop
endfacet
facet normal 0 1 0
 outer loop
  vertex 0.0413086 0.71874666 -0.10794505
  vertex 0.030239798 0.71874666 -0.07902086
  vertex 0.055876017 0.71874666 -0.07902086
 endloop
endfacet
facet normal 0 1 0
 outer loop
  vertex 0.0413086 0.71874666 -0.10794505
  vertex 0.055876017 0.71874666 -0.07902086
  vertex 0.07632851 0.71874666 -0.10794505
 endloop
endfacet
facet normal 0 1 -0
 outer loop
  vertex -0.041308954 0.71874666 0.10794507
  vertex -0.030240143 0.71874666 0.07902087
  vertex -0.055876367 0.71874666 0.07902087
 endloop
endfacet
facet normal -0 1 0
 outer loop
  vertex -0.041308954 0.71874666 0.10794507
  vertex -0.055876367 0.71874666 0.07902087
  vertex -0.076328866 0.71874666 0.10794507
 endloop
endfacet
facet normal 0 1 0
 outer loop
  vertex -1.7577575e-07 0.71874666 -0.10794505
  vertex -1.7396957e-07 0.71874666 -0.07902086
  vertex 0.030239798 0.71874666 -0.07902086
 endloop
endfacet
facet normal 0 1 0
 outer loop
  vertex -1.7577575e-07 0.71874666 -0.10794505
  vertex 0.030239798 0.71874666 -0.07902086
  vertex 0.0413086 0.71874666 -0.10794505
 endloop
endfacet
facet normal 0 1 -0
 outer loop
  vertex -1.7577575e-07 0.71874666 0.10794507
  vertex -1.7396957e-07 0.71874666 0.07902087
  vertex -0.030240143 0.71874666 0.07902087
 endloop
endfacet
facet normal -0 1 0
 outer loop
  vertex -1.7577575e-07 0.71874666 0.10794507
  vertex -0.030240143 0.71874666 0.07902087
  vertex -0.041308954 0.71874666 0.10794507
 endloop
endfacet
facet normal 0 1 0
 outer loop
  vertex -0.041308954 0.71874666 -0.10794505
  vertex -0.030240143 0.71874666 -0.07902086
  vertex -1.7396957e-07 0.71874666 -0.07902086
 endloop
endfacet
facet normal 0 1 -0
 outer loop
  vertex -0.041308954 0.71874666 -0.10794505
  vertex -1.7396957e-07 0.71874666 -0.07902086
  vertex -1.7577575e-07 0.71874666 -0.10794505
 endloop
endfacet
facet normal 0 1 0
 outer loop
  vertex 0.0413086 0.71874666 0.10794507
  vertex 0.030239798 0.71874666 0.07902087
  vertex -1.7396957e-07 0.71874666 0.07902087
 endloop
endfacet
facet normal -0 1 0
 outer loop
  vertex 0.0413086 0.71874666 0.10794507
  vertex -1.7396957e-07 0.71874666 0.07902087
  vertex -1.7577575e-07 0.71874666 0.10794507
 endloop
endfacet
facet normal 0 1 0
 outer loop
  vertex -0.076328866 0.71874666 -0.10794505
  vertex -0.055876367 0.71874666 -0.07902086
  vertex -0.030240143 0.71874666 -0.07902086
 endloop
endfacet
facet normal 0 1 -0
 outer loop
  vertex -0.076328866 0.71874666 -0.10794505
  vertex -0.030240143 0.71874666 -0.07902086
  vertex -0.041308954 0.71874666 -0.10794505
 endloop
endfacet
facet normal 0 1 0
 outer loop
  vertex 0.07632851 0.71874666 0.10794507
  vertex 0.055876017 0.71874666 0.07902087
  vertex 0.030239798 0.71874666 0.07902087
 endloop
endfacet
facet normal -0 1 0
 outer loop
  vertex 0.07632851 0.71874666 0.10794507
  vertex 0.030239798 0.71874666 0.07902087
  vertex 0.0413086 0.71874666 0.10794507
 endloop
endfacet
facet normal 0 1 0
 outer loop
  vertex -0.09972837 0.71874666 -0.05841941
  vertex -0.07300591 0.71874666 -0.042765755
  vertex -0.055876367 0.71874666 -0.07902086
 endloop
endfacet
facet normal 0 1 -0
 outer loop
  vertex -0.09972837 0.71874666 -0.05841941
  vertex -0.055876367 0.71874666 -0.07902086
  vertex -0.076328866 0.71874666 -0.10794505
 endloop
endfacet
facet normal -0 1 0
 outer loop
  vertex 0.100313775 0.71874666 0.054255262
  vertex 0.07343436 0.71874666 0.03971741
  vertex 0.0730056 0.71874666 0.042765807
 endloop
endfacet
facet normal -0 1 0
 outer loop
  vertex 0.100313775 0.71874666 0.054255262
  vertex 0.0730056 0.71874666 0.042765807
  vertex 0.09972807 0.71874666 0.05841947
 endloop
endfacet
facet normal -0 1 0
 outer loop
  vertex 0.09972807 0.71874666 0.05841947
  vertex 0.0730056 0.71874666 0.042765807
  vertex 0.055876017 0.71874666 0.07902087
 endloop
endfacet
facet normal 0 1 0
 outer loop
  vertex 0.09972807 0.71874666 0.05841947
  vertex 0.055876017 0.71874666 0.07902087
  vertex 0.07632851 0.71874666 0.10794507
 endloop
endfacet
facet normal -0 0.53504395 0.84482425
 outer loop
  vertex -0.019037332 0.71874666 0.049746517
  vertex -0.011628414 0.74931645 0.030386062
  vertex -0.02148637 0.74931645 0.030386062
 endloop
endfacet
facet normal 0 0.5350439 0.84482425
 outer loop
  vertex -0.019037332 0.71874666 0.049746517
  vertex -0.02148637 0.74931645 0.030386062
  vertex -0.03517627 0.71874666 0.049746517
 endloop
endfacet
facet normal 0 1 0
 outer loop
  vertex -0.055876367 0.71874666 -0.07902086
  vertex -0.03517627 0.71874666 -0.0497465
  vertex -0.019037332 0.71874666 -0.0497465
 endloop
endfacet
facet normal 0 1 -0
 outer loop
  vertex -0.055876367 0.71874666 -0.07902086
  vertex -0.019037332 0.71874666 -0.0497465
  vertex -0.030240143 0.71874666 -0.07902086
 endloop
endfacet
facet normal 0 1 0
 outer loop
  vertex 0.055876017 0.71874666 0.07902087
  vertex 0.035175923 0.71874666 0.049746517
  vertex 0.019036992 0.71874666 0.049746517
 endloop
endfacet
facet normal -0 1 0
 outer loop
  vertex 0.055876017 0.71874666 0.07902087
  vertex 0.019036992 0.71874666 0.049746517
  vertex 0.030239798 0.71874666 0.07902087
 endloop
endfacet
facet normal 0 1 0
 outer loop
  vertex -0.07300591 0.71874666 -0.042765755
  vertex -0.04595994 0.71874666 -0.026922593
  vertex -0.03517627 0.71874666 -0.0497465
 endloop
endfacet
facet normal 0 1 -0
 outer loop
  vertex -0.07300591 0.71874666 -0.042765755
  vertex -0.03517627 0.71874666 -0.0497465
  vertex -0.055876367 0.71874666 -0.07902086
 endloop
endfacet
facet normal -0 1 0
 outer loop
  vertex 0.07343436 0.71874666 0.03971741
  vertex 0.04622954 0.71874666 0.02500356
  vertex 0.045959618 0.71874666 0.026922638
 endloop
endfacet
facet normal -0 1 0
 outer loop
  vertex 0.07343436 0.71874666 0.03971741
  vertex 0.045959618 0.71874666 0.026922638
  vertex 0.0730056 0.71874666 0.042765807
 endloop
endfacet
facet normal -0 1 0
 outer loop
  vertex 0.0730056 0.71874666 0.042765807
  vertex 0.045959618 0.71874666 0.026922638
  vertex 0.035175923 0.71874666 0.049746517
 endloop
endfacet
facet normal 0 1 0
 outer loop
  vertex 0.0730056 0.71874666 0.042765807
  vertex 0.035175923 0.71874666 0.049746517
  vertex 0.055876017 0.71874666 0.07902087
 endloop
endfacet
facet normal 0 1 0
 outer loop
  vertex -0.079021044 0.71874666 1.6505792e-08
  vertex -0.049746685 0.71874666 1.4531249e-08
  vertex -0.04595994 0.71874666 -0.026922593
 endloop
endfacet
facet normal 0 1 -0
 outer loop
  vertex -0.079021044 0.71874666 1.6505792e-08
  vertex -0.04595994 0.71874666 -0.026922593
  vertex -0.07300591 0.71874666 -0.042765755
 endloop
endfacet
facet normal 0 1 0
 outer loop
  vertex 0.07866918 0.71874666 -0.0024990772
  vertex 0.04952505 0.71874666 -0.0015732558
  vertex 0.04974633 0.71874666 1.4531249e-08
 endloop
endfacet
facet normal 0 1 0
 outer loop
  vertex 0.07866918 0.71874666 -0.0024990772
  vertex 0.04974633 0.71874666 1.4531249e-08
  vertex 0.07902069 0.71874666 1.6505792e-08
 endloop
endfacet
facet normal 0 1 -0
 outer loop
  vertex -0.07300591 0.71874666 0.042765807
  vertex -0.04595994 0.71874666 0.026922638
  vertex -0.049746685 0.71874666 1.4531249e-08
 endloop
endfacet
facet normal -0 1 -0
 outer loop
  vertex -0.07300591 0.71874666 0.042765807
  vertex -0.049746685 0.71874666 1.4531249e-08
  vertex -0.079021044 0.71874666 1.6505792e-08
 endloop
endfacet
facet normal 0 1 0
 outer loop
  vertex 0.055876017 0.71874666 -0.07902086
  vertex 0.035175923 0.71874666 -0.0497465
  vertex 0.045959618 0.71874666 -0.026922593
 endloop
endfacet
facet normal 0 1 0
 outer loop
  vertex 0.055876017 0.71874666 -0.07902086
  vertex 0.045959618 0.71874666 -0.026922593
  vertex 0.0730056 0.71874666 -0.042765755
 endloop
endfacet
facet normal 0 1 -0
 outer loop
  vertex -0.055876367 0.71874666 0.07902087
  vertex -0.03517627 0.71874666 0.049746517
  vertex -0.04595994 0.71874666 0.026922638
 endloop
endfacet
facet normal -0 1 -0
 outer loop
  vertex -0.055876367 0.71874666 0.07902087
  vertex -0.04595994 0.71874666 0.026922638
  vertex -0.07300591 0.71874666 0.042765807
 endloop
endfacet
facet normal 0 1 0
 outer loop
  vertex 0.030239798 0.71874666 -0.07902086
  vertex 0.019036992 0.71874666 -0.0497465
  vertex 0.035175923 0.71874666 -0.0497465
 endloop
endfacet
facet normal 0 1 0
 outer loop
  vertex 0.030239798 0.71874666 -0.07902086
  vertex 0.035175923 0.71874666 -0.0497465
  vertex 0.055876017 0.71874666 -0.07902086
 endloop
endfacet
facet normal 0 1 -0
 outer loop
  vertex -0.030240143 0.71874666 0.07902087
  vertex -0.019037332 0.71874666 0.049746517
  vertex -0.03517627 0.71874666 0.049746517
 endloop
endfacet
facet normal -0 1 0
 outer loop
  vertex -0.030240143 0.71874666 0.07902087
  vertex -0.03517627 0.71874666 0.049746517
  vertex -0.055876367 0.71874666 0.07902087
 endloop
endfacet
facet normal 0 1 0
 outer loop
  vertex -1.7396957e-07 0.71874666 -0.07902086
  vertex -1.72314e-07 0.71874666 -0.0497465
  vertex 0.019036992 0.71874666 -0.0497465
 endloop
endfacet
facet normal 0 1 0
 outer loop
  vertex -1.7396957e-07 0.71874666 -0.07902086
  vertex 0.019036992 0.71874666 -0.0497465
  vertex 0.030239798 0.71874666 -0.07902086
 endloop
endfacet
facet normal 0 1 -0
 outer loop
  vertex -1.7396957e-07 0.71874666 0.07902087
  vertex -1.72314e-07 0.71874666 0.049746517
  vertex -0.019037332 0.71874666 0.049746517
 endloop
endfacet
facet normal -0 1 0
 outer loop
  vertex -1.7396957e-07 0.71874666 0.07902087
  vertex -0.019037332 0.71874666 0.049746517
  vertex -0.030240143 0.71874666 0.07902087
 endloop
endfacet
facet normal 0 1 0
 outer loop
  vertex -0.030240143 0.71874666 -0.07902086
  vertex -0.019037332 0.71874666 -0.0497465
  vertex -1.72314e-07 0.71874666 -0.0497465
 endloop
endfacet
facet normal 0 1 -0
 outer loop
  vertex -0.030240143 0.71874666 -0.07902086
  vertex -1.72314e-07 0.71874666 -0.0497465
  vertex -1.7396957e-07 0.71874666 -0.07902086
 endloop
endfacet
facet normal 0 1 0
 outer loop
  vertex 0.021486023 0.74931645 0.030386062
  vertex 0.0280729 0.74931645 0.01644482
  vertex 0.028237773 0.74931645 0.015272614
 endloop
endfacet
facet normal 0 1 -0
 outer loop
  vertex 0.03022582 0.74931645 0.0011380702
  vertex 0.030385893 0.74931645 -2.7748637e-09
  vertex 0.03025073 0.74931645 -0.00096098456
 endloop
endfacet
facet normal 0 1 0
 outer loop
  vertex 0.021486023 0.74931645 0.030386062
  vertex 0.028237773 0.74931645 0.015272614
  vertex 0.03022582 0.74931645 0.0011380702
 endloop
endfacet
facet normal 0 1 0
 outer loop
  vertex 0.011628072 0.74931645 0.030386062
  vertex 0.021486023 0.74931645 0.030386062
  vertex 0.03022582 0.74931645 0.0011380702
 endloop
endfacet
facet normal 0 1 -0
 outer loop
  vertex 0.03022582 0.74931645 0.0011380702
  vertex 0.03025073 0.74931645 -0.00096098456
  vertex 0.028196419 0.74931645 -0.015566627
 endloop
endfacet
facet normal 0 1 0
 outer loop
  vertex 0.028196419 0.74931645 -0.015566627
  vertex 0.0280729 0.74931645 -0.016444817
  vertex 0.021486023 0.74931645 -0.030386072
 endloop
endfacet
facet normal 0 1 0
 outer loop
  vertex 0.028196419 0.74931645 -0.015566627
  vertex 0.021486023 0.74931645 -0.030386072
  vertex 0.011628072 0.74931645 -0.030386072
 endloop
endfacet
facet normal 0 1 -0
 outer loop
  vertex 0.011628072 0.74931645 0.030386062
  vertex 0.03022582 0.74931645 0.0011380702
  vertex 0.028196419 0.74931645 -0.015566627
 endloop
endfacet
facet normal 0 1 0
 outer loop
  vertex -1.7167218e-07 0.74931645 0.030386062
  vertex 0.011628072 0.74931645 0.030386062
  vertex 0.028196419 0.74931645 -0.015566627
 endloop
endfacet
facet normal 0 1 0
 outer loop
  vertex 0.028196419 0.74931645 -0.015566627
  vertex 0.011628072 0.74931645 -0.030386072
  vertex -1.7167218e-07 0.74931645 -0.030386072
 endloop
endfacet
facet normal -0 1 0
 outer loop
  vertex -0.011628414 0.74931645 -0.030386072
  vertex -0.02148637 0.74931645 -0.030386072
  vertex -0.028073227 0.74931645 -0.016444817
 endloop
endfacet
facet normal 0 1 0
 outer loop
  vertex 0.028196419 0.74931645 -0.015566627
  vertex -1.7167218e-07 0.74931645 -0.030386072
  vertex -0.011628414 0.74931645 -0.030386072
 endloop
endfacet
facet normal 0 1 0
 outer loop
  vertex -0.011628414 0.74931645 0.030386062
  vertex -1.7167218e-07 0.74931645 0.030386062
  vertex 0.028196419 0.74931645 -0.015566627
 endloop
endfacet
facet normal 0 1 0
 outer loop
  vertex -0.028073227 0.74931645 0.01644482
  vertex -0.02148637 0.74931645 0.030386062
  vertex -0.011628414 0.74931645 0.030386062
 endloop
endfacet
facet normal 0 1 0
 outer loop
  vertex -0.028073227 0.74931645 -0.016444817
  vertex -0.030386241 0.74931645 -2.7748637e-09
  vertex -0.028073227 0.74931645 0.01644482
 endloop
endfacet
facet normal -0 1 0
 outer loop
  vertex 0.028196419 0.74931645 -0.015566627
  vertex -0.011628414 0.74931645 -0.030386072
  vertex -0.028073227 0.74931645 -0.016444817
 endloop
endfacet
facet normal 0 1 0
 outer loop
  vertex -0.028073227 0.74931645 0.01644482
  vertex -0.011628414 0.74931645 0.030386062
  vertex 0.028196419 0.74931645 -0.015566627
 endloop
endfacet
facet normal -0 1 0
 outer loop
  vertex 0.028196419 0.74931645 -0.015566627
  vertex -0.028073227 0.74931645 -0.016444817
  vertex -0.028073227 0.74931645 0.01644482
 endloop
endfacet
facet normal 0 0.5350434 -0.8448246
 outer loop
  vertex -1.72314e-07 0.71874666 -0.0497465
  vertex -1.7167218e-07 0.74931645 -0.030386072
  vertex 0.011628072 0.74931645 -0.030386072
 endloop
endfacet
facet normal 0 0.53504336 -0.8448246
 outer loop
  vertex -1.72314e-07 0.71874666 -0.0497465
  vertex 0.011628072 0.74931645 -0.030386072
  vertex 0.019036992 0.71874666 -0.0497465
 endloop
endfacet
facet normal -0 0.53504395 0.84482425
 outer loop
  vertex -1.72314e-07 0.71874666 0.049746517
  vertex -1.7167218e-07 0.74931645 0.030386062
  vertex -0.011628414 0.74931645 0.030386062
 endloop
endfacet
facet normal 0 0.5350439 0.84482425
 outer loop
  vertex -1.72314e-07 0.71874666 0.049746517
  vertex -0.011628414 0.74931645 0.030386062
  vertex -0.019037332 0.71874666 0.049746517
 endloop
endfacet
facet normal 0 0.5350434 -0.8448246
 outer loop
  vertex -0.019037332 0.71874666 -0.0497465
  vertex -0.011628414 0.74931645 -0.030386072
  vertex -1.7167218e-07 0.74931645 -0.030386072
 endloop
endfacet
facet normal 0 0.53504336 -0.8448246
 outer loop
  vertex -0.019037332 0.71874666 -0.0497465
  vertex -1.7167218e-07 0.74931645 -0.030386072
  vertex -1.72314e-07 0.71874666 -0.0497465
 endloop
endfacet
facet normal -0 0.53504395 0.8448242
 outer loop
  vertex 0.019036992 0.71874666 0.049746517
  vertex 0.011628072 0.74931645 0.030386062
  vertex -1.7167218e-07 0.74931645 0.030386062
 endloop
endfacet
facet normal 0 0.53504395 0.84482425
 outer loop
  vertex 0.019036992 0.71874666 0.049746517
  vertex -1.7167218e-07 0.74931645 0.030386062
  vertex -1.72314e-07 0.71874666 0.049746517
 endloop
endfacet
facet normal 0 0.53504336 -0.84482455
 outer loop
  vertex -0.03517627 0.71874666 -0.0497465
  vertex -0.02148637 0.74931645 -0.030386072
  vertex -0.011628414 0.74931645 -0.030386072
 endloop
endfacet
facet normal 0 0.53504336 -0.84482455
 outer loop
  vertex -0.03517627 0.71874666 -0.0497465
  vertex -0.011628414 0.74931645 -0.030386072
  vertex -0.019037332 0.71874666 -0.0497465
 endloop
endfacet
facet normal -0 0.53504395 0.8448243
 outer loop
  vertex 0.035175923 0.71874666 0.049746517
  vertex 0.021486023 0.74931645 0.030386062
  vertex 0.011628072 0.74931645 0.030386062
 endloop
endfacet
facet normal 0 0.53504395 0.84482425
 outer loop
  vertex 0.035175923 0.71874666 0.049746517
  vertex 0.011628072 0.74931645 0.030386062
  vertex 0.019036992 0.71874666 0.049746517
 endloop
endfacet
facet normal -0.7492552 0.55973125 -0.35400236
 outer loop
  vertex -0.04595994 0.71874666 -0.026922593
  vertex -0.028073227 0.74931645 -0.016444817
  vertex -0.02148637 0.74931645 -0.030386072
 endloop
endfacet
facet normal -0.7492551 0.55973125 -0.3540025
 outer loop
  vertex -0.04595994 0.71874666 -0.026922593
  vertex -0.02148637 0.74931645 -0.030386072
  vertex -0.03517627 0.71874666 -0.0497465
 endloop
endfacet
facet normal 0.8389223 0.531306 0.117996536
 outer loop
  vertex 0.04622954 0.71874666 0.02500356
  vertex 0.028237773 0.74931645 0.015272614
  vertex 0.0280729 0.74931645 0.01644482
 endloop
endfacet
facet normal 0.8389224 0.53130585 0.11799689
 outer loop
  vertex 0.04622954 0.71874666 0.02500356
  vertex 0.0280729 0.74931645 0.01644482
  vertex 0.045959618 0.71874666 0.026922638
 endloop
endfacet
facet normal 0.7492543 0.5597317 0.35400328
 outer loop
  vertex 0.045959618 0.71874666 0.026922638
  vertex 0.0280729 0.74931645 0.01644482
  vertex 0.021486023 0.74931645 0.030386062
 endloop
endfacet
facet normal 0.74925435 0.5597317 0.35400334
 outer loop
  vertex 0.045959618 0.71874666 0.026922638
  vertex 0.021486023 0.74931645 0.030386062
  vertex 0.035175923 0.71874666 0.049746517
 endloop
endfacet
facet normal -0.8389224 0.5313058 -0.11799703
 outer loop
  vertex -0.049746685 0.71874666 1.4531249e-08
  vertex -0.030386241 0.74931645 -2.7748637e-09
  vertex -0.028073227 0.74931645 -0.016444817
 endloop
endfacet
facet normal -0.8389224 0.53130585 -0.117996946
 outer loop
  vertex -0.049746685 0.71874666 1.4531249e-08
  vertex -0.028073227 0.74931645 -0.016444817
  vertex -0.04595994 0.71874666 -0.026922593
 endloop
endfacet
facet normal 0.8389227 0.53130585 -0.11799514
 outer loop
  vertex 0.04952505 0.71874666 -0.0015732558
  vertex 0.03025073 0.74931645 -0.00096098456
  vertex 0.030385893 0.74931645 -2.7748637e-09
 endloop
endfacet
facet normal 0.8389226 0.53130585 -0.1179953
 outer loop
  vertex 0.04952505 0.71874666 -0.0015732558
  vertex 0.030385893 0.74931645 -2.7748637e-09
  vertex 0.04974633 0.71874666 1.4531249e-08
 endloop
endfacet
facet normal -0.8389224 0.53130597 0.11799697
 outer loop
  vertex -0.04595994 0.71874666 0.026922638
  vertex -0.028073227 0.74931645 0.01644482
  vertex -0.030386241 0.74931645 -2.7748637e-09
 endloop
endfacet
facet normal -0.8389223 0.53130585 0.11799691
 outer loop
  vertex -0.04595994 0.71874666 0.026922638
  vertex -0.030386241 0.74931645 -2.7748637e-09
  vertex -0.049746685 0.71874666 1.4531249e-08
 endloop
endfacet
facet normal 0.74925464 0.55973136 -0.3540031
 outer loop
  vertex 0.035175923 0.71874666 -0.0497465
  vertex 0.021486023 0.74931645 -0.030386072
  vertex 0.0280729 0.74931645 -0.016444817
 endloop
endfacet
facet normal 0.74925464 0.55973136 -0.35400313
 outer loop
  vertex 0.035175923 0.71874666 -0.0497465
  vertex 0.0280729 0.74931645 -0.016444817
  vertex 0.045959618 0.71874666 -0.026922593
 endloop
endfacet
facet normal -0.74925494 0.5597315 0.35400257
 outer loop
  vertex -0.03517627 0.71874666 0.049746517
  vertex -0.02148637 0.74931645 0.030386062
  vertex -0.028073227 0.74931645 0.01644482
 endloop
endfacet
facet normal -0.7492547 0.5597316 0.35400265
 outer loop
  vertex -0.03517627 0.71874666 0.049746517
  vertex -0.028073227 0.74931645 0.01644482
  vertex -0.04595994 0.71874666 0.026922638
 endloop
endfacet
facet normal 0 0.53504336 -0.84482455
 outer loop
  vertex 0.019036992 0.71874666 -0.0497465
  vertex 0.011628072 0.74931645 -0.030386072
  vertex 0.021486023 0.74931645 -0.030386072
 endloop
endfacet
facet normal 0 0.53504336 -0.8448246
 outer loop
  vertex 0.019036992 0.71874666 -0.0497465
  vertex 0.021486023 0.74931645 -0.030386072
  vertex 0.035175923 0.71874666 -0.0497465
 endloop
endfacet
facet normal 0.55236137 0.10788869 0.82659364
 outer loop
  vertex 0.17245512 0 0.17245513
  vertex 0.17161094 0.0043219794 0.17245513
  vertex 0.09287519 0.0023748446 0.2253235
 endloop
endfacet
facet normal 0.5524243 0.10627122 0.82676107
 outer loop
  vertex 0.17245512 0 0.17245513
  vertex 0.09287519 0.0023748446 0.2253235
  vertex 0.093332045 0 0.2253235
 endloop
endfacet
facet normal 1.3604209e-06 0.7860285 0.6181902
 outer loop
  vertex 0.20939434 0.08681209 0.08667923
  vertex 0.20911177 0.08157982 0.09333205
  vertex 0.21588302 0.08157982 0.09333204
 endloop
endfacet
facet normal 2.0313003e-06 0.7860288 0.6181898
 outer loop
  vertex 0.20939434 0.08681209 0.08667923
  vertex 0.21588302 0.08157982 0.09333204
  vertex 0.21616557 0.08681209 0.086679205
 endloop
endfacet
facet normal 0.8207384 0.16030882 -0.54835176
 outer loop
  vertex 0.17245512 0 -0.17245513
  vertex 0.17161094 0.0043219794 -0.17245513
  vertex 0.22422053 0.00562301 -0.09333205
 endloop
endfacet
facet normal 0.82062715 0.16096611 -0.5483256
 outer loop
  vertex 0.17245512 0 -0.17245513
  vertex 0.22422053 0.00562301 -0.09333205
  vertex 0.22532348 0 -0.09333205
 endloop
endfacet
facet normal 0.8206439 0.1609694 0.54829973
 outer loop
  vertex 0.22532348 0 0.09333205
  vertex 0.22422053 0.00562301 0.09333205
  vertex 0.17161094 0.0043219794 0.17245513
 endloop
endfacet
facet normal 0.8207167 0.16030459 0.5483855
 outer loop
  vertex 0.22532348 0 0.09333205
  vertex 0.17161094 0.0043219794 0.17245513
  vertex 0.17245512 0 0.17245513
 endloop
endfacet
facet normal -2.5054734e-07 -0.9971154 -0.075900815
 outer loop
  vertex 0.22432116 -0.09299498 -0.0054540224
  vertex 0.20908768 -0.08668506 -0.0883479
  vertex 0.21585892 -0.08668506 -0.08834792
 endloop
endfacet
facet normal -2.0680639e-07 -0.9971154 -0.07590084
 outer loop
  vertex 0.22432116 -0.09299498 -0.0054540224
  vertex 0.21585892 -0.08668506 -0.08834792
  vertex 0.23109241 -0.09299498 -0.0054540373
 endloop
endfacet
facet normal 0.5524851 0.10628292 -0.82671887
 outer loop
  vertex 0.093332045 0 -0.2253235
  vertex 0.09287519 0.0023748446 -0.2253235
  vertex 0.17161094 0.0043219794 -0.17245513
 endloop
endfacet
facet normal 0.5523279 0.10788216 -0.82661676
 outer loop
  vertex 0.093332045 0 -0.2253235
  vertex 0.17161094 0.0043219794 -0.17245513
  vertex 0.17245512 0 -0.17245513
 endloop
endfacet
facet normal 0.5522087 0.10984102 0.82643837
 outer loop
  vertex 0.17161094 0.0043219794 0.17245513
  vertex 0.16004722 0.062456783 0.17245513
  vertex 0.08661693 0.033837184 0.2253235
 endloop
endfacet
facet normal 0.5522087 0.10984129 0.82643837
 outer loop
  vertex 0.17161094 0.0043219794 0.17245513
  vertex 0.08661693 0.033837184 0.2253235
  vertex 0.09287519 0.0023748446 0.2253235
 endloop
endfacet
facet normal 2.200656e-06 4.3165895e-07 1
 outer loop
  vertex 0.22422053 0.00562301 0.09333205
  vertex 0.22532348 0 0.09333205
  vertex 0.23209472 6.4625534e-11 0.09333204
 endloop
endfacet
facet normal 2.2006557e-06 4.316589e-07 1
 outer loop
  vertex 0.22422053 0.00562301 0.09333205
  vertex 0.23209472 6.4625534e-11 0.09333204
  vertex 0.23099177 0.00562301 0.09333204
 endloop
endfacet
facet normal 0.8203259 0.16317278 -0.54812425
 outer loop
  vertex 0.17161094 0.0043219794 -0.17245513
  vertex 0.16004722 0.062456783 -0.17245513
  vertex 0.20911177 0.08157982 -0.09333205
 endloop
endfacet
facet normal 0.8203257 0.1631731 -0.54812443
 outer loop
  vertex 0.17161094 0.0043219794 -0.17245513
  vertex 0.20911177 0.08157982 -0.09333205
  vertex 0.22422053 0.00562301 -0.09333205
 endloop
endfacet
facet normal 0.19491234 0.03877067 -0.9800541
 outer loop
  vertex -7.2084108e-09 0 -0.2438884
  vertex 0.08622756 0.035794694 -0.2253235
  vertex 0.08661693 0.033837184 -0.2253235
 endloop
endfacet
facet normal 0.19494519 0.038685393 -0.9800509
 outer loop
  vertex -7.2084108e-09 0 -0.2438884
  vertex 0.08661693 0.033837184 -0.2253235
  vertex 0.005466762 0 -0.24280098
 endloop
endfacet
facet normal 0 0 1
 outer loop
  vertex 0.093332045 0 0.2253235
  vertex 0.09287519 0.0023748446 0.2253235
  vertex 0.08661693 0.033837184 0.2253235
 endloop
endfacet
facet normal 0.19494417 0.038687374 0.98005104
 outer loop
  vertex 0.093332045 0 0.2253235
  vertex 0.08661693 0.033837184 0.2253235
  vertex 0.005466762 0 0.24280098
 endloop
endfacet
facet normal 0.8203258 0.16317312 0.54812425
 outer loop
  vertex 0.22422053 0.00562301 0.09333205
  vertex 0.20911177 0.08157982 0.09333205
  vertex 0.16004722 0.062456783 0.17245513
 endloop
endfacet
facet normal 0.82032573 0.16317277 0.5481245
 outer loop
  vertex 0.22422053 0.00562301 0.09333205
  vertex 0.16004722 0.062456783 0.17245513
  vertex 0.17161094 0.0043219794 0.17245513
 endloop
endfacet
facet normal -1.5051032e-06 -0.728159 -0.68540823
 outer loop
  vertex 0.24260361 0 0.006459099
  vertex 0.24269457 0.0060798805 1.2591107e-10
  vertex 0.24946581 0.0060798805 -1.4743199e-08
 endloop
endfacet
facet normal -1.5142114e-06 -0.72815895 -0.6854083
 outer loop
  vertex 0.24260361 0 0.006459099
  vertex 0.24946581 0.0060798805 -1.4743199e-08
  vertex 0.24937485 6.4625534e-11 0.006459084
 endloop
endfacet
facet normal 0.55220866 0.10984127 -0.8264384
 outer loop
  vertex 0.09287519 0.0023748446 -0.2253235
  vertex 0.08661693 0.033837184 -0.2253235
  vertex 0.16004722 0.062456783 -0.17245513
 endloop
endfacet
facet normal 0.5522088 0.109841034 -0.82643837
 outer loop
  vertex 0.09287519 0.0023748446 -0.2253235
  vertex 0.16004722 0.062456783 -0.17245513
  vertex 0.17161094 0.0043219794 -0.17245513
 endloop
endfacet
facet normal -2.2006511e-06 -4.3773753e-07 -1
 outer loop
  vertex 0.241615 0.0060531823 -0.0054540224
  vertex 0.22533412 0.08790251 -0.0054540224
  vertex 0.23210537 0.08790251 -0.0054540373
 endloop
endfacet
facet normal -2.200656e-06 -4.377381e-07 -1
 outer loop
  vertex 0.241615 0.0060531823 -0.0054540224
  vertex 0.23210537 0.08790251 -0.0054540373
  vertex 0.24838623 0.0060531823 -0.0054540373
 endloop
endfacet
facet normal 2.200651e-06 -4.3773713e-07 1
 outer loop
  vertex 0.22422053 -0.00562301 0.09333205
  vertex 0.20911177 -0.08157982 0.09333205
  vertex 0.21588302 -0.08157982 0.09333204
 endloop
endfacet
facet normal 2.200656e-06 -4.377377e-07 1
 outer loop
  vertex 0.22422053 -0.00562301 0.09333205
  vertex 0.21588302 -0.08157982 0.09333204
  vertex 0.23099177 -0.00562301 0.09333204
 endloop
endfacet
facet normal 0.83892244 0.53130585 -0.1179963
 outer loop
  vertex 0.045959618 0.71874666 -0.026922593
  vertex 0.0280729 0.74931645 -0.016444817
  vertex 0.028196419 0.74931645 -0.015566627
 endloop
endfacet
facet normal 0.83892304 0.5313054 -0.11799435
 outer loop
  vertex 0.045959618 0.71874666 -0.026922593
  vertex 0.028196419 0.74931645 -0.015566627
  vertex 0.046161834 0.71874666 -0.025484864
 endloop
endfacet
facet normal 0 1 0
 outer loop
  vertex 0.0730056 0.71874666 -0.042765755
  vertex 0.045959618 0.71874666 -0.026922593
  vertex 0.046161834 0.71874666 -0.025484864
 endloop
endfacet
facet normal 0 1 0
 outer loop
  vertex 0.0730056 0.71874666 -0.042765755
  vertex 0.046161834 0.71874666 -0.025484864
  vertex 0.07332682 0.71874666 -0.040481962
 endloop
endfacet
facet normal 0 1 0
 outer loop
  vertex 0.09972807 0.71874666 -0.05841941
  vertex 0.0730056 0.71874666 -0.042765755
  vertex 0.07332682 0.71874666 -0.040481962
 endloop
endfacet
facet normal 0 1 0
 outer loop
  vertex 0.09972807 0.71874666 -0.05841941
  vertex 0.07332682 0.71874666 -0.040481962
  vertex 0.10016687 0.71874666 -0.055299673
 endloop
endfacet
facet normal 0.2285344 0.97300506 -0.032144167
 outer loop
  vertex 0.22665498 0.68647844 -0.13277143
  vertex 0.09972807 0.71874666 -0.05841941
  vertex 0.10016687 0.71874666 -0.055299673
 endloop
endfacet
facet normal 0.22853431 0.97300506 -0.03214425
 outer loop
  vertex 0.22665498 0.68647844 -0.13277143
  vertex 0.10016687 0.71874666 -0.055299673
  vertex 0.22765225 0.68647844 -0.12568112
 endloop
endfacet
facet normal -1.01176916e-07 1 1.423085e-08
 outer loop
  vertex 0.77092427 0.6864785 -0.45159695
  vertex 0.22665498 0.68647844 -0.13277143
  vertex 0.22765225 0.68647844 -0.12568112
 endloop
endfacet
facet normal -1.0117696e-07 1 1.4230616e-08
 outer loop
  vertex 0.77092427 0.6864785 -0.45159695
  vertex 0.22765225 0.68647844 -0.12568112
  vertex 0.77431625 0.6864785 -0.4274806
 endloop
endfacet
facet normal 0.9902531 0 -0.13927984
 outer loop
  vertex 0.77092427 0.66609865 -0.45159695
  vertex 0.77092427 0.6864785 -0.45159695
  vertex 0.77431625 0.6864785 -0.4274806
 endloop
endfacet
facet normal 0.9902531 0 -0.13927984
 outer loop
  vertex 0.77092427 0.66609865 -0.45159695
  vertex 0.77431625 0.6864785 -0.4274806
  vertex 0.77431625 0.66609865 -0.4274806
 endloop
endfacet
facet normal 0 1 0
 outer loop
  vertex 0.8415105 0.66609865 -0.4929454
  vertex 0.77092427 0.66609865 -0.45159695
  vertex 0.77431625 0.66609865 -0.4274806
 endloop
endfacet
facet normal 0 1 0
 outer loop
  vertex 0.8415105 0.66609865 -0.4929454
  vertex 0.77431625 0.66609865 -0.4274806
  vertex 0.84521306 0.66609865 -0.46662092
 endloop
endfacet
facet normal 0.990253 0 -0.13928068
 outer loop
  vertex 0.8415105 0.63145286 -0.4929454
  vertex 0.8415105 0.66609865 -0.4929454
  vertex 0.84521306 0.66609865 -0.46662092
 endloop
endfacet
facet normal 0.990253 0 -0.13928068
 outer loop
  vertex 0.8415105 0.63145286 -0.4929454
  vertex 0.84521306 0.66609865 -0.46662092
  vertex 0.84521306 0.63145286 -0.46662092
 endloop
endfacet
facet normal -0 -1 0
 outer loop
  vertex 0.77408713 0.63145286 -0.45344973
  vertex 0.8415105 0.63145286 -0.4929454
  vertex 0.84521306 0.63145286 -0.46662092
 endloop
endfacet
facet normal -0 -1 -0
 outer loop
  vertex 0.77408713 0.63145286 -0.45344973
  vertex 0.84521306 0.63145286 -0.46662092
  vertex 0.77749306 0.63145286 -0.42923445
 endloop
endfacet
facet normal 0.9018013 -0.41311738 -0.12684019
 outer loop
  vertex 0.76804936 0.61718696 -0.44991285
  vertex 0.77408713 0.63145286 -0.45344973
  vertex 0.77749306 0.63145286 -0.42923445
 endloop
endfacet
facet normal 0.901801 -0.41311833 -0.12683938
 outer loop
  vertex 0.76804936 0.61718696 -0.44991285
  vertex 0.77749306 0.63145286 -0.42923445
  vertex 0.7714287 0.61718696 -0.42588642
 endloop
endfacet
facet normal 1.9146407e-07 -1 -2.6929648e-08
 outer loop
  vertex 0.19282347 0.61718684 -0.11295347
  vertex 0.76804936 0.61718696 -0.44991285
  vertex 0.7714287 0.61718696 -0.42588642
 endloop
endfacet
facet normal 1.9146421e-07 -1 -2.692999e-08
 outer loop
  vertex 0.19282347 0.61718684 -0.11295347
  vertex 0.7714287 0.61718696 -0.42588642
  vertex 0.19367187 0.61718684 -0.10692149
 endloop
endfacet
facet normal 0.69132715 -0.71596926 -0.09723508
 outer loop
  vertex 0.15802942 0.5808223 -0.09257159
  vertex 0.19282347 0.61718684 -0.11295347
  vertex 0.19367187 0.61718684 -0.10692149
 endloop
endfacet
facet normal 0.6913269 -0.71596956 -0.09723641
 outer loop
  vertex 0.15802942 0.5808223 -0.09257159
  vertex 0.19367187 0.61718684 -0.10692149
  vertex 0.15872474 0.5808223 -0.087628044
 endloop
endfacet
facet normal -0 -1 0
 outer loop
  vertex 0.12788993 0.5808223 -0.074916296
  vertex 0.15802942 0.5808223 -0.09257159
  vertex 0.15872474 0.5808223 -0.087628044
 endloop
endfacet
facet normal -0 -1 -0
 outer loop
  vertex 0.12788993 0.5808223 -0.074916296
  vertex 0.15872474 0.5808223 -0.087628044
  vertex 0.12845264 0.5808223 -0.07091559
 endloop
endfacet
facet normal 0.7485238 -0.65469664 -0.105282284
 outer loop
  vertex 0.116771184 0.5670627 -0.06840308
  vertex 0.12788993 0.5808223 -0.074916296
  vertex 0.12845264 0.5808223 -0.07091559
 endloop
endfacet
facet normal 0.74852395 -0.65469664 -0.10528123
 outer loop
  vertex 0.116771184 0.5670627 -0.06840308
  vertex 0.12845264 0.5808223 -0.07091559
  vertex 0.11728497 0.5670627 -0.064750195
 endloop
endfacet
facet normal -2.1862122e-06 -1 3.0749447e-07
 outer loop
  vertex 0.066394076 0.5670628 -0.038892858
  vertex 0.116771184 0.5670627 -0.06840308
  vertex 0.11728497 0.5670627 -0.064750195
 endloop
endfacet
facet normal -2.1862124e-06 -1 3.0749464e-07
 outer loop
  vertex 0.066394076 0.5670628 -0.038892858
  vertex 0.11728497 0.5670627 -0.064750195
  vertex 0.066686206 0.5670628 -0.036815885
 endloop
endfacet
facet normal 0.9559311 0.24057005 -0.16829036
 outer loop
  vertex 0.17168796 0.17176612 -0.0054540224
  vertex 0.16002877 0.1601069 -0.0883479
  vertex 0.066686206 0.5670628 -0.036815885
 endloop
endfacet
facet normal 0.9602354 0.2443499 -0.13505912
 outer loop
  vertex 0.17168796 0.17176612 -0.0054540224
  vertex 0.066686206 0.5670628 -0.036815885
  vertex 0.07154477 0.5670628 -0.0022727735
 endloop
endfacet
facet normal 0.81608456 0.54529023 -0.19148
 outer loop
  vertex 0.2080426 0.086498916 -0.09333205
  vertex 0.15932775 0.15940586 -0.09333205
  vertex 0.16002877 0.1601069 -0.0883479
 endloop
endfacet
facet normal 0.81608456 0.5452903 -0.19147998
 outer loop
  vertex 0.2080426 0.086498916 -0.09333205
  vertex 0.16002877 0.1601069 -0.0883479
  vertex 0.20895799 0.08687916 -0.0883479
 endloop
endfacet
facet normal 1.6444997e-06 -0.66775507 0.74438107
 outer loop
  vertex 0.24269457 0.0060798805 1.2591107e-10
  vertex 0.24280353 0 -0.0054540224
  vertex 0.24957477 6.4625534e-11 -0.0054540373
 endloop
endfacet
facet normal 1.6444947e-06 -0.66775507 0.74438107
 outer loop
  vertex 0.24269457 0.0060798805 1.2591107e-10
  vertex 0.24957477 6.4625534e-11 -0.0054540373
  vertex 0.24946581 0.0060798805 -1.4743199e-08
 endloop
endfacet
facet normal 0.95518017 0.24333891 -0.16857314
 outer loop
  vertex 0.17245507 0.17253324 1.2591107e-10
  vertex 0.17168796 0.17176612 -0.0054540224
  vertex 0.07154477 0.5670628 -0.0022727735
 endloop
endfacet
facet normal 0.9601241 0.2447966 -0.13504216
 outer loop
  vertex 0.17245507 0.17253324 1.2591107e-10
  vertex 0.07154477 0.5670628 -0.0022727735
  vertex 0.07186443 0.5670628 -6.350473e-10
 endloop
endfacet
facet normal 0.9626373 0.19148044 -0.19148028
 outer loop
  vertex 0.22520708 0.005647408 -0.0883479
  vertex 0.21003185 0.081938416 -0.0883479
  vertex 0.22533412 0.08790251 -0.0054540224
 endloop
endfacet
facet normal 0.9626371 0.19148079 -0.19148064
 outer loop
  vertex 0.22520708 0.005647408 -0.0883479
  vertex 0.22533412 0.08790251 -0.0054540224
  vertex 0.241615 0.0060531823 -0.0054540224
 endloop
endfacet
facet normal -3.300984e-06 -6.4748843e-07 -1
 outer loop
  vertex 0.22532348 0 -0.09333205
  vertex 0.22422053 0.00562301 -0.09333205
  vertex 0.23099177 0.00562301 -0.093332075
 endloop
endfacet
facet normal -3.300984e-06 -6.4748843e-07 -1
 outer loop
  vertex 0.22532348 0 -0.09333205
  vertex 0.23099177 0.00562301 -0.093332075
  vertex 0.23209472 6.4625534e-11 -0.093332075
 endloop
endfacet
facet normal 0.8389226 0.5313058 -0.11799605
 outer loop
  vertex 0.046161834 0.71874666 -0.025484864
  vertex 0.028196419 0.74931645 -0.015566627
  vertex 0.03025073 0.74931645 -0.00096098456
 endloop
endfacet
facet normal 0.83892256 0.5313058 -0.11799608
 outer loop
  vertex 0.046161834 0.71874666 -0.025484864
  vertex 0.03025073 0.74931645 -0.00096098456
  vertex 0.04952505 0.71874666 -0.0015732558
 endloop
endfacet
facet normal 0 1 0
 outer loop
  vertex 0.07332682 0.71874666 -0.040481962
  vertex 0.046161834 0.71874666 -0.025484864
  vertex 0.04952505 0.71874666 -0.0015732558
 endloop
endfacet
facet normal 0 1 0
 outer loop
  vertex 0.07332682 0.71874666 -0.040481962
  vertex 0.04952505 0.71874666 -0.0015732558
  vertex 0.07866918 0.71874666 -0.0024990772
 endloop
endfacet
facet normal 0 1 0
 outer loop
  vertex 0.10016687 0.71874666 -0.055299673
  vertex 0.07332682 0.71874666 -0.040481962
  vertex 0.07866918 0.71874666 -0.0024990772
 endloop
endfacet
facet normal 0 1 0
 outer loop
  vertex 0.10016687 0.71874666 -0.055299673
  vertex 0.07866918 0.71874666 -0.0024990772
  vertex 0.10746471 0.71874666 -0.0034138246
 endloop
endfacet
facet normal 0.22853458 0.973005 -0.032143794
 outer loop
  vertex 0.22765225 0.68647844 -0.12568112
  vertex 0.10016687 0.71874666 -0.055299673
  vertex 0.10746471 0.71874666 -0.0034138246
 endloop
endfacet
facet normal 0.22853453 0.97300494 -0.03214381
 outer loop
  vertex 0.22765225 0.68647844 -0.12568112
  vertex 0.10746471 0.71874666 -0.0034138246
  vertex 0.24423826 0.68647844 -0.0077587087
 endloop
endfacet
facet normal -1.0117699e-07 1 1.423073e-08
 outer loop
  vertex 0.77431625 0.6864785 -0.4274806
  vertex 0.22765225 0.68647844 -0.12568112
  vertex 0.24423826 0.68647844 -0.0077587087
 endloop
endfacet
facet normal -1.0117697e-07 1 1.4230753e-08
 outer loop
  vertex 0.77431625 0.6864785 -0.4274806
  vertex 0.24423826 0.68647844 -0.0077587087
  vertex 0.8307305 0.6864785 -0.026389891
 endloop
endfacet
facet normal 0.99025285 0 -0.13928114
 outer loop
  vertex 0.77431625 0.66609865 -0.4274806
  vertex 0.77431625 0.6864785 -0.4274806
  vertex 0.8307305 0.6864785 -0.026389891
 endloop
endfacet
facet normal 0.99025285 -1.2729801e-07 -0.13928114
 outer loop
  vertex 0.77431625 0.66609865 -0.4274806
  vertex 0.8307305 0.6864785 -0.026389891
  vertex 0.8307305 0.66609865 -0.026389873
 endloop
endfacet
facet normal 0 1 0
 outer loop
  vertex 0.84521306 0.66609865 -0.46662092
  vertex 0.77431625 0.66609865 -0.4274806
  vertex 0.8307305 0.66609865 -0.026389873
 endloop
endfacet
facet normal 0 1 0
 outer loop
  vertex 0.84521306 0.66609865 -0.46662092
  vertex 0.8307305 0.66609865 -0.026389873
  vertex 0.9067926 0.66609865 -0.028806144
 endloop
endfacet
facet normal 0.99025285 0 -0.13928105
 outer loop
  vertex 0.84521306 0.63145286 -0.46662092
  vertex 0.84521306 0.66609865 -0.46662092
  vertex 0.9067926 0.66609865 -0.028806144
 endloop
endfacet
facet normal 0.99025285 0 -0.13928105
 outer loop
  vertex 0.84521306 0.63145286 -0.46662092
  vertex 0.9067926 0.66609865 -0.028806144
  vertex 0.9067926 0.63145286 -0.028806144
 endloop
endfacet
facet normal -0 -1 0
 outer loop
  vertex 0.77749306 0.63145286 -0.42923445
  vertex 0.84521306 0.63145286 -0.46662092
  vertex 0.9067926 0.63145286 -0.028806144
 endloop
endfacet
facet normal 0 -1 -0
 outer loop
  vertex 0.77749306 0.63145286 -0.42923445
  vertex 0.9067926 0.63145286 -0.028806144
  vertex 0.8341388 0.63145286 -0.026498146
 endloop
endfacet
facet normal 0.9018008 -0.41311848 -0.12684028
 outer loop
  vertex 0.7714287 0.61718696 -0.42588642
  vertex 0.77749306 0.63145286 -0.42923445
  vertex 0.8341388 0.63145286 -0.026498146
 endloop
endfacet
facet normal 0.9017978 -0.41312543 -0.12683955
 outer loop
  vertex 0.7714287 0.61718696 -0.42588642
  vertex 0.8341388 0.63145286 -0.026498146
  vertex 0.8276325 0.61718696 -0.026291464
 endloop
endfacet
facet normal 1.9146401e-07 -1 -2.6929772e-08
 outer loop
  vertex 0.19367187 0.61718684 -0.10692149
  vertex 0.7714287 0.61718696 -0.42588642
  vertex 0.8276325 0.61718696 -0.026291464
 endloop
endfacet
facet normal 1.9146401e-07 -1 -2.6929797e-08
 outer loop
  vertex 0.19367187 0.61718684 -0.10692149
  vertex 0.8276325 0.61718696 -0.026291464
  vertex 0.20778221 0.61718684 -0.0066006435
 endloop
endfacet
facet normal 0.6913268 -0.7159695 -0.09723659
 outer loop
  vertex 0.15872474 0.5808223 -0.087628044
  vertex 0.19367187 0.61718684 -0.10692149
  vertex 0.20778221 0.61718684 -0.0066006435
 endloop
endfacet
facet normal 0.6913267 -0.71596956 -0.09723652
 outer loop
  vertex 0.15872474 0.5808223 -0.087628044
  vertex 0.20778221 0.61718684 -0.0066006435
  vertex 0.17028894 0.5808223 -0.0054095904
 endloop
endfacet
facet normal -0 -1 0
 outer loop
  vertex 0.12845264 0.5808223 -0.07091559
  vertex 0.15872474 0.5808223 -0.087628044
  vertex 0.17028894 0.5808223 -0.0054095904
 endloop
endfacet
facet normal 0 -1 -0
 outer loop
  vertex 0.12845264 0.5808223 -0.07091559
  vertex 0.17028894 0.5808223 -0.0054095904
  vertex 0.13781132 0.5808223 -0.0043778694
 endloop
endfacet
facet normal 0.7485239 -0.6546967 -0.1052815
 outer loop
  vertex 0.11728497 0.5670627 -0.064750195
  vertex 0.12845264 0.5808223 -0.07091559
  vertex 0.13781132 0.5808223 -0.0043778694
 endloop
endfacet
facet normal 0.7485237 -0.65469694 -0.10528141
 outer loop
  vertex 0.11728497 0.5670627 -0.064750195
  vertex 0.13781132 0.5808223 -0.0043778694
  vertex 0.12583 0.5670627 -0.0039972584
 endloop
endfacet
facet normal -2.186212e-06 -1 3.0749524e-07
 outer loop
  vertex 0.066686206 0.5670628 -0.036815885
  vertex 0.11728497 0.5670627 -0.064750195
  vertex 0.12583 0.5670627 -0.0039972584
 endloop
endfacet
facet normal -2.186212e-06 -1 3.074953e-07
 outer loop
  vertex 0.066686206 0.5670628 -0.036815885
  vertex 0.12583 0.5670627 -0.0039972584
  vertex 0.07154477 0.5670628 -0.0022727735
 endloop
endfacet
facet normal 0.81608444 0.54529023 -0.19148028
 outer loop
  vertex 0.20895799 0.08687916 -0.0883479
  vertex 0.16002877 0.1601069 -0.0883479
  vertex 0.17168796 0.17176612 -0.0054540224
 endloop
endfacet
facet normal 0.8160844 0.5452903 -0.19148038
 outer loop
  vertex 0.20895799 0.08687916 -0.0883479
  vertex 0.17168796 0.17176612 -0.0054540224
  vertex 0.22418202 0.093203224 -0.0054540224
 endloop
endfacet
facet normal -2.361991e-06 0.6985702 -0.7155415
 outer loop
  vertex 0.20911177 0.08157982 -0.09333205
  vertex 0.20908768 0.08668506 -0.0883479
  vertex 0.21585892 0.08668506 -0.08834792
 endloop
endfacet
facet normal -2.3343794e-06 0.69857025 -0.71554154
 outer loop
  vertex 0.20911177 0.08157982 -0.09333205
  vertex 0.21585892 0.08668506 -0.08834792
  vertex 0.21588302 0.08157982 -0.093332075
 endloop
endfacet
facet normal 2.200651e-06 -4.3773815e-07 1
 outer loop
  vertex 0.24141607 -0.006048262 0.006459099
  vertex 0.22514857 -0.0878302 0.006459099
  vertex 0.23191983 -0.0878302 0.006459084
 endloop
endfacet
facet normal 2.2006557e-06 -4.3773872e-07 1
 outer loop
  vertex 0.24141607 -0.006048262 0.006459099
  vertex 0.23191983 -0.0878302 0.006459084
  vertex 0.2481873 -0.006048262 0.006459084
 endloop
endfacet
facet normal -3.3009837e-06 6.566072e-07 -1
 outer loop
  vertex 0.20911177 -0.08157982 -0.09333205
  vertex 0.22422053 -0.00562301 -0.09333205
  vertex 0.23099177 -0.00562301 -0.093332075
 endloop
endfacet
facet normal -3.3009762e-06 6.5660504e-07 -1
 outer loop
  vertex 0.20911177 -0.08157982 -0.09333205
  vertex 0.23099177 -0.00562301 -0.093332075
  vertex 0.21588302 -0.08157982 -0.093332075
 endloop
endfacet
facet normal 0.8389225 0.53130585 0.11799593
 outer loop
  vertex 0.04974633 0.71874666 1.4531249e-08
  vertex 0.030385893 0.74931645 -2.7748637e-09
  vertex 0.03022582 0.74931645 0.0011380702
 endloop
endfacet
facet normal 0.8389225 0.5313058 0.11799695
 outer loop
  vertex 0.04974633 0.71874666 1.4531249e-08
  vertex 0.03022582 0.74931645 0.0011380702
  vertex 0.049484268 0.71874666 0.0018632087
 endloop
endfacet
facet normal -0 1 0
 outer loop
  vertex 0.07902069 0.71874666 1.6505792e-08
  vertex 0.04974633 0.71874666 1.4531249e-08
  vertex 0.049484268 0.71874666 0.0018632087
 endloop
endfacet
facet normal 0 1 0
 outer loop
  vertex 0.07902069 0.71874666 1.6505792e-08
  vertex 0.049484268 0.71874666 0.0018632087
  vertex 0.07860441 0.71874666 0.0029596477
 endloop
endfacet
facet normal -0 1 0
 outer loop
  vertex 0.107944876 0.71874666 1.6752246e-08
  vertex 0.07902069 0.71874666 1.6505792e-08
  vertex 0.07860441 0.71874666 0.0029596477
 endloop
endfacet
facet normal 0 1 0
 outer loop
  vertex 0.107944876 0.71874666 1.6752246e-08
  vertex 0.07860441 0.71874666 0.0029596477
  vertex 0.10737623 0.71874666 0.0040429663
 endloop
endfacet
facet normal 0.22853456 0.973005 0.032143522
 outer loop
  vertex 0.24532954 0.68647844 2.8590735e-08
  vertex 0.107944876 0.71874666 1.6752246e-08
  vertex 0.10737623 0.71874666 0.0040429663
 endloop
endfacet
facet normal 0.22853458 0.973005 0.032144047
 outer loop
  vertex 0.24532954 0.68647844 2.8590735e-08
  vertex 0.10737623 0.71874666 0.0040429663
  vertex 0.24403715 0.68647844 0.009188557
 endloop
endfacet
facet normal -1.0117698e-07 1 -1.423083e-08
 outer loop
  vertex 0.83444226 0.6864785 -1.0100964e-08
  vertex 0.24532954 0.68647844 2.8590735e-08
  vertex 0.24403715 0.68647844 0.009188557
 endloop
endfacet
facet normal -1.0117698e-07 1 -1.4230888e-08
 outer loop
  vertex 0.83444226 0.6864785 -1.0100964e-08
  vertex 0.24403715 0.68647844 0.009188557
  vertex 0.8300464 0.6864785 0.031253
 endloop
endfacet
facet normal 0.9902527 4.816817e-09 0.13928242
 outer loop
  vertex 0.83444226 0.66609865 -9.396166e-09
  vertex 0.83444226 0.6864785 -1.0100964e-08
  vertex 0.8300464 0.6864785 0.031253
 endloop
endfacet
facet normal 0.9902527 1.272991e-07 0.13928233
 outer loop
  vertex 0.83444226 0.66609865 -9.396166e-09
  vertex 0.8300464 0.6864785 0.031253
  vertex 0.8300464 0.66609865 0.031253017
 endloop
endfacet
facet normal 0 1 0
 outer loop
  vertex 0.9108442 0.66609865 -1.1880012e-08
  vertex 0.83444226 0.66609865 -9.396166e-09
  vertex 0.8300464 0.66609865 0.031253017
 endloop
endfacet
facet normal 0 1 0
 outer loop
  vertex 0.9108442 0.66609865 -1.1880012e-08
  vertex 0.8300464 0.66609865 0.031253017
  vertex 0.9060459 0.66609865 0.034114555
 endloop
endfacet
facet normal 0.9902528 -1.997522e-09 0.13928138
 outer loop
  vertex 0.9108442 0.63145286 -1.2376889e-08
  vertex 0.9108442 0.66609865 -1.1880012e-08
  vertex 0.9060459 0.66609865 0.034114555
 endloop
endfacet
facet normal 0.9902528 -0 0.13928138
 outer loop
  vertex 0.9108442 0.63145286 -1.2376889e-08
  vertex 0.9060459 0.66609865 0.034114555
  vertex 0.9060459 0.63145286 0.034114555
 endloop
endfacet
facet normal -0 -1 -0
 outer loop
  vertex 0.83786577 0.63145286 -1.1982184e-08
  vertex 0.9108442 0.63145286 -1.2376889e-08
  vertex 0.9060459 0.63145286 0.034114555
 endloop
endfacet
facet normal 0 -1 -0
 outer loop
  vertex 0.83786577 0.63145286 -1.1982184e-08
  vertex 0.9060459 0.63145286 0.034114555
  vertex 0.833452 0.63145286 0.03138123
 endloop
endfacet
facet normal 0.9018002 -0.41312006 0.12683855
 outer loop
  vertex 0.8313305 0.61718696 -1.2104728e-08
  vertex 0.83786577 0.63145286 -1.1982184e-08
  vertex 0.833452 0.63145286 0.03138123
 endloop
endfacet
facet normal 0.9017994 -0.4131219 0.12683943
 outer loop
  vertex 0.8313305 0.61718696 -1.2104728e-08
  vertex 0.833452 0.63145286 0.03138123
  vertex 0.8269511 0.61718696 0.031136462
 endloop
endfacet
facet normal 1.91464e-07 -1 2.6929698e-08
 outer loop
  vertex 0.20871061 0.61718684 -7.224017e-09
  vertex 0.8313305 0.61718696 -1.2104728e-08
  vertex 0.8269511 0.61718696 0.031136462
 endloop
endfacet
facet normal 1.9146397e-07 -1 2.6929545e-08
 outer loop
  vertex 0.20871061 0.61718684 -7.224017e-09
  vertex 0.8269511 0.61718696 0.031136462
  vertex 0.20761114 0.61718684 0.007816996
 endloop
endfacet
facet normal -0 -1 -0
 outer loop
  vertex 0.13842706 0.5808223 -3.8781836e-09
  vertex 0.1710498 0.5808223 -4.7921436e-09
  vertex 0.17014872 0.5808223 0.0064064637
 endloop
endfacet
facet normal 0 -1 -0
 outer loop
  vertex 0.13842706 0.5808223 -3.8781836e-09
  vertex 0.17014872 0.5808223 0.0064064637
  vertex 0.13769785 0.5808223 0.0051846197
 endloop
endfacet
facet normal 0.6913267 -0.71596974 0.097235605
 outer loop
  vertex 0.1710498 0.5808223 -4.7921436e-09
  vertex 0.20871061 0.61718684 -7.224017e-09
  vertex 0.20761114 0.61718684 0.007816996
 endloop
endfacet
facet normal 0.69132644 -0.7159698 0.09723699
 outer loop
  vertex 0.1710498 0.5808223 -4.7921436e-09
  vertex 0.20761114 0.61718684 0.007816996
  vertex 0.17014872 0.5808223 0.0064064637
 endloop
endfacet
facet normal 0.7485241 -0.6546967 0.105280034
 outer loop
  vertex 0.12639222 0.5670627 -1.8235411e-09
  vertex 0.13842706 0.5808223 -3.8781836e-09
  vertex 0.13769785 0.5808223 0.0051846197
 endloop
endfacet
facet normal 0.7485237 -0.65469694 0.10528143
 outer loop
  vertex 0.12639222 0.5670627 -1.8235411e-09
  vertex 0.13769785 0.5808223 0.0051846197
  vertex 0.12572639 0.5670627 0.004733871
 endloop
endfacet
facet normal -2.186212e-06 -1 -3.0749501e-07
 outer loop
  vertex 0.07186443 0.5670628 -6.350473e-10
  vertex 0.12639222 0.5670627 -1.8235411e-09
  vertex 0.12572639 0.5670627 0.004733871
 endloop
endfacet
facet normal -2.186212e-06 -1 -3.07495e-07
 outer loop
  vertex 0.07186443 0.5670628 -6.350473e-10
  vertex 0.12572639 0.5670627 0.004733871
  vertex 0.071485855 0.5670628 0.0026916002
 endloop
endfacet
facet normal 0.9551893 0.24330497 0.16857068
 outer loop
  vertex 0.16026348 0.16034159 0.08667923
  vertex 0.1715466 0.17162476 0.006459099
  vertex 0.071485855 0.5670628 0.0026916002
 endloop
endfacet
facet normal 0.9618273 0.23787998 0.13528292
 outer loop
  vertex 0.16026348 0.16034159 0.08667923
  vertex 0.071485855 0.5670628 0.0026916002
  vertex 0.06678401 0.5670628 0.036120526
 endloop
endfacet
facet normal 0.81608456 0.5452906 0.19147886
 outer loop
  vertex 0.2251837 0.093619324 1.2591107e-10
  vertex 0.17245507 0.17253324 1.2591107e-10
  vertex 0.1715466 0.17162476 0.006459099
 endloop
endfacet
facet normal 0.8160845 0.54529047 0.19147937
 outer loop
  vertex 0.2251837 0.093619324 1.2591107e-10
  vertex 0.1715466 0.17162476 0.006459099
  vertex 0.22399744 0.09312655 0.006459099
 endloop
endfacet
facet normal 1.4800387e-06 0.7387368 0.67399406
 outer loop
  vertex 0.20908768 0.08668506 -0.0883479
  vertex 0.24269457 0.0060798805 1.2591107e-10
  vertex 0.24946581 0.0060798805 -1.4743199e-08
 endloop
endfacet
facet normal 1.7251085e-06 0.7387369 0.6739939
 outer loop
  vertex 0.20908768 0.08668506 -0.0883479
  vertex 0.24946581 0.0060798805 -1.4743199e-08
  vertex 0.21585892 0.08668506 -0.08834792
 endloop
endfacet
facet normal 0.95591635 0.24062522 0.16829601
 outer loop
  vertex 0.15932775 0.15940586 0.09333205
  vertex 0.16026348 0.16034159 0.08667923
  vertex 0.06678401 0.5670628 0.036120526
 endloop
endfacet
facet normal 0.9619521 0.23736472 0.13530035
 outer loop
  vertex 0.15932775 0.15940586 0.09333205
  vertex 0.06678401 0.5670628 0.036120526
  vertex 0.066394076 0.5670628 0.038892858
 endloop
endfacet
facet normal 0.9626371 0.19148107 0.19148019
 outer loop
  vertex 0.24141607 0.006048262 0.006459099
  vertex 0.22514857 0.0878302 0.006459099
  vertex 0.21033989 0.082058474 0.08667923
 endloop
endfacet
facet normal 0.9626372 0.1914805 0.19148079
 outer loop
  vertex 0.24141607 0.006048262 0.006459099
  vertex 0.21033989 0.082058474 0.08667923
  vertex 0.22553737 0.0056555765 0.08667923
 endloop
endfacet
facet normal -2.3688847e-07 0.9974217 -0.07176314
 outer loop
  vertex 0.22514857 -0.0878302 0.006459099
  vertex 0.21033989 -0.082058474 0.08667923
  vertex 0.21711114 -0.082058474 0.086679205
 endloop
endfacet
facet normal -1.6032386e-07 0.9974218 -0.07176314
 outer loop
  vertex 0.22514857 -0.0878302 0.006459099
  vertex 0.21711114 -0.082058474 0.086679205
  vertex 0.23191983 -0.0878302 0.006459084
 endloop
endfacet
facet normal 0.83892256 0.5313058 0.11799589
 outer loop
  vertex 0.049484268 0.71874666 0.0018632087
  vertex 0.03022582 0.74931645 0.0011380702
  vertex 0.028237773 0.74931645 0.015272614
 endloop
endfacet
facet normal 0.83892256 0.5313059 0.11799579
 outer loop
  vertex 0.049484268 0.71874666 0.0018632087
  vertex 0.028237773 0.74931645 0.015272614
  vertex 0.04622954 0.71874666 0.02500356
 endloop
endfacet
facet normal -0 1 0
 outer loop
  vertex 0.07860441 0.71874666 0.0029596477
  vertex 0.049484268 0.71874666 0.0018632087
  vertex 0.04622954 0.71874666 0.02500356
 endloop
endfacet
facet normal 0 1 0
 outer loop
  vertex 0.07860441 0.71874666 0.0029596477
  vertex 0.04622954 0.71874666 0.02500356
  vertex 0.07343436 0.71874666 0.03971741
 endloop
endfacet
facet normal -0 1 0
 outer loop
  vertex 0.10737623 0.71874666 0.0040429663
  vertex 0.07860441 0.71874666 0.0029596477
  vertex 0.07343436 0.71874666 0.03971741
 endloop
endfacet
facet normal 0 1 0
 outer loop
  vertex 0.10737623 0.71874666 0.0040429663
  vertex 0.07343436 0.71874666 0.03971741
  vertex 0.100313775 0.71874666 0.054255262
 endloop
endfacet
facet normal 0.22853458 0.97300494 0.032143835
 outer loop
  vertex 0.24403715 0.68647844 0.009188557
  vertex 0.10737623 0.71874666 0.0040429663
  vertex 0.100313775 0.71874666 0.054255262
 endloop
endfacet
facet normal 0.22853458 0.97300506 0.032143813
 outer loop
  vertex 0.24403715 0.68647844 0.009188557
  vertex 0.100313775 0.71874666 0.054255262
  vertex 0.22798613 0.68647844 0.12330742
 endloop
endfacet
facet normal -1.0117699e-07 1 -1.4230726e-08
 outer loop
  vertex 0.8300464 0.6864785 0.031253
  vertex 0.24403715 0.68647844 0.009188557
  vertex 0.22798613 0.68647844 0.12330742
 endloop
endfacet
facet normal -1.01176994e-07 1 -1.4230761e-08
 outer loop
  vertex 0.8300464 0.6864785 0.031253
  vertex 0.22798613 0.68647844 0.12330742
  vertex 0.77545184 0.6864785 0.41940662
 endloop
endfacet
facet normal 0.9902529 1.2729794e-07 0.13928105
 outer loop
  vertex 0.8300464 0.66609865 0.031253017
  vertex 0.8300464 0.6864785 0.031253
  vertex 0.77545184 0.6864785 0.41940662
 endloop
endfacet
facet normal 0.9902529 -0 0.13928105
 outer loop
  vertex 0.8300464 0.66609865 0.031253017
  vertex 0.77545184 0.6864785 0.41940662
  vertex 0.77545184 0.66609865 0.41940662
 endloop
endfacet
facet normal -0 1 0
 outer loop
  vertex 0.9060459 0.66609865 0.034114555
  vertex 0.8300464 0.66609865 0.031253017
  vertex 0.77545184 0.66609865 0.41940662
 endloop
endfacet
facet normal 0 1 0
 outer loop
  vertex 0.9060459 0.66609865 0.034114555
  vertex 0.77545184 0.66609865 0.41940662
  vertex 0.84645265 0.66609865 0.45780772
 endloop
endfacet
facet normal 0.99025285 0 0.13928097
 outer loop
  vertex 0.9060459 0.63145286 0.034114555
  vertex 0.9060459 0.66609865 0.034114555
  vertex 0.84645265 0.66609865 0.45780772
 endloop
endfacet
facet normal 0.99025285 -0 0.13928097
 outer loop
  vertex 0.9060459 0.63145286 0.034114555
  vertex 0.84645265 0.66609865 0.45780772
  vertex 0.84645265 0.63145286 0.45780772
 endloop
endfacet
facet normal 0 -1 -0
 outer loop
  vertex 0.833452 0.63145286 0.03138123
  vertex 0.9060459 0.63145286 0.034114555
  vertex 0.84645265 0.63145286 0.45780772
 endloop
endfacet
facet normal 0 -1 -0
 outer loop
  vertex 0.833452 0.63145286 0.03138123
  vertex 0.84645265 0.63145286 0.45780772
  vertex 0.7786333 0.63145286 0.42112735
 endloop
endfacet
facet normal 0.90179926 -0.41312185 0.12684014
 outer loop
  vertex 0.8269511 0.61718696 0.031136462
  vertex 0.833452 0.63145286 0.03138123
  vertex 0.7786333 0.63145286 0.42112735
 endloop
endfacet
facet normal 0.90180266 -0.41311437 0.1268403
 outer loop
  vertex 0.8269511 0.61718696 0.031136462
  vertex 0.7786333 0.63145286 0.42112735
  vertex 0.7725601 0.61718696 0.4178426
 endloop
endfacet
facet normal 1.91464e-07 -1 2.6929781e-08
 outer loop
  vertex 0.20761114 0.61718684 0.007816996
  vertex 0.8269511 0.61718696 0.031136462
  vertex 0.7725601 0.61718696 0.4178426
 endloop
endfacet
facet normal 1.9146394e-07 -1 2.6929877e-08
 outer loop
  vertex 0.20761114 0.61718684 0.007816996
  vertex 0.7725601 0.61718696 0.4178426
  vertex 0.19395593 0.61718684 0.10490201
 endloop
endfacet
facet normal 0 -1 -0
 outer loop
  vertex 0.13769785 0.5808223 0.0051846197
  vertex 0.17014872 0.5808223 0.0064064637
  vertex 0.15895753 0.5808223 0.08597297
 endloop
endfacet
facet normal 0 -1 -0
 outer loop
  vertex 0.13769785 0.5808223 0.0051846197
  vertex 0.15895753 0.5808223 0.08597297
  vertex 0.12864104 0.5808223 0.06957617
 endloop
endfacet
facet normal 0.6913265 -0.7159698 0.09723655
 outer loop
  vertex 0.17014872 0.5808223 0.0064064637
  vertex 0.20761114 0.61718684 0.007816996
  vertex 0.19395593 0.61718684 0.10490201
 endloop
endfacet
facet normal 0.6913266 -0.7159697 0.09723646
 outer loop
  vertex 0.17014872 0.5808223 0.0064064637
  vertex 0.19395593 0.61718684 0.10490201
  vertex 0.15895753 0.5808223 0.08597297
 endloop
endfacet
facet normal 0.7485237 -0.65469694 0.105281435
 outer loop
  vertex 0.12572639 0.5670627 0.004733871
  vertex 0.13769785 0.5808223 0.0051846197
  vertex 0.12864104 0.5808223 0.06957617
 endloop
endfacet
facet normal 0.7485237 -0.6546969 0.10528142
 outer loop
  vertex 0.12572639 0.5670627 0.004733871
  vertex 0.12864104 0.5808223 0.06957617
  vertex 0.11745698 0.5670627 0.06352722
 endloop
endfacet
facet normal -2.186212e-06 -1 -3.0749527e-07
 outer loop
  vertex 0.071485855 0.5670628 0.0026916002
  vertex 0.12572639 0.5670627 0.004733871
  vertex 0.11745698 0.5670627 0.06352722
 endloop
endfacet
facet normal -2.1862122e-06 -1 -3.0749513e-07
 outer loop
  vertex 0.071485855 0.5670628 0.0026916002
  vertex 0.11745698 0.5670627 0.06352722
  vertex 0.06678401 0.5670628 0.036120526
 endloop
endfacet
facet normal 0.8160843 0.54529035 0.19148037
 outer loop
  vertex 0.22399744 0.09312655 0.006459099
  vertex 0.1715466 0.17162476 0.006459099
  vertex 0.16026348 0.16034159 0.08667923
 endloop
endfacet
facet normal 0.8160843 0.54529035 0.19148037
 outer loop
  vertex 0.22399744 0.09312655 0.006459099
  vertex 0.16026348 0.16034159 0.08667923
  vertex 0.20926446 0.08700647 0.08667923
 endloop
endfacet
facet normal 1.6703176e-07 0.99711543 0.0759009
 outer loop
  vertex 0.20939434 0.08681209 0.08667923
  vertex 0.20817174 0.08630567 0.09333205
  vertex 0.21494298 0.08630567 0.09333204
 endloop
endfacet
facet normal 2.5164093e-07 0.9971154 0.07590082
 outer loop
  vertex 0.20939434 0.08681209 0.08667923
  vertex 0.21494298 0.08630567 0.09333204
  vertex 0.21616557 0.08681209 0.086679205
 endloop
endfacet
facet normal 2.200656e-06 -4.3165895e-07 1
 outer loop
  vertex 0.22532348 0 0.09333205
  vertex 0.22422053 -0.00562301 0.09333205
  vertex 0.23099177 -0.00562301 0.09333204
 endloop
endfacet
facet normal 2.200656e-06 -4.3165895e-07 1
 outer loop
  vertex 0.22532348 0 0.09333205
  vertex 0.23099177 -0.00562301 0.09333204
  vertex 0.23209472 6.4625534e-11 0.09333204
 endloop
endfacet
facet normal -2.245838e-06 -0.73288214 -0.6803556
 outer loop
  vertex 0.24280353 0 -0.0054540224
  vertex 0.20911177 0.08157982 -0.09333205
  vertex 0.21588302 0.08157982 -0.093332075
 endloop
endfacet
facet normal -1.7205878e-06 -0.732882 -0.68035567
 outer loop
  vertex 0.24280353 0 -0.0054540224
  vertex 0.21588302 0.08157982 -0.093332075
  vertex 0.24957477 6.4625534e-11 -0.0054540373
 endloop
endfacet
facet normal -0.98065233 -0.19506453 -0.016455926
 outer loop
  vertex 0.241615 0.0060531823 -0.0054540224
  vertex 0.24141607 0.006048262 0.006459099
  vertex 0.22514857 0.0878302 0.006459099
 endloop
endfacet
facet normal -0.9806524 -0.19506426 -0.01645782
 outer loop
  vertex 0.241615 0.0060531823 -0.0054540224
  vertex 0.22514857 0.0878302 0.006459099
  vertex 0.22533412 0.08790251 -0.0054540224
 endloop
endfacet
facet normal 0.96263736 -0.19148035 -0.19147967
 outer loop
  vertex 0.23210537 -0.08790251 -0.0054540373
  vertex 0.23311219 -0.08829492 -1.4743199e-08
  vertex 0.2320947 -0.09341015 -1.4743199e-08
 endloop
endfacet
facet normal 0.96263665 -0.1914823 -0.19148163
 outer loop
  vertex 0.23210537 -0.08790251 -0.0054540373
  vertex 0.2320947 -0.09341015 -1.4743199e-08
  vertex 0.23109241 -0.09299498 -0.0054540373
 endloop
endfacet
facet normal 0.96263677 -0.1914823 0.19148105
 outer loop
  vertex 0.21711114 -0.082058474 0.086679205
  vertex 0.21588302 -0.08157982 0.09333204
  vertex 0.21494298 -0.08630567 0.09333204
 endloop
endfacet
facet normal 0.9626367 -0.19148356 0.1914802
 outer loop
  vertex 0.21711114 -0.082058474 0.086679205
  vertex 0.21494298 -0.08630567 0.09333204
  vertex 0.21616557 -0.08681209 0.086679205
 endloop
endfacet
facet normal 0.96312404 -0.1889169 0.191579
 outer loop
  vertex 0.23341806 6.4625534e-11 0.086679205
  vertex 0.23209472 6.4625534e-11 0.09333204
  vertex 0.23099177 -0.00562301 0.09333204
 endloop
endfacet
facet normal 0.9631236 -0.18893285 0.19156536
 outer loop
  vertex 0.23341806 6.4625534e-11 0.086679205
  vertex 0.23099177 -0.00562301 0.09333204
  vertex 0.23230863 -0.0056555765 0.086679205
 endloop
endfacet
facet normal 0.9630876 -0.18911046 -0.19157118
 outer loop
  vertex 0.24957477 6.4625534e-11 -0.0054540373
  vertex 0.25065964 6.4625534e-11 -1.4743199e-08
  vertex 0.24946581 -0.0060798805 -1.4743199e-08
 endloop
endfacet
facet normal 0.9630914 -0.18910126 -0.19156088
 outer loop
  vertex 0.24957477 6.4625534e-11 -0.0054540373
  vertex 0.24946581 -0.0060798805 -1.4743199e-08
  vertex 0.24838623 -0.0060531823 -0.0054540373
 endloop
endfacet
facet normal 0.962637 -0.19148043 0.1914815
 outer loop
  vertex 0.23230863 -0.0056555765 0.086679205
  vertex 0.23099177 -0.00562301 0.09333204
  vertex 0.21588302 -0.08157982 0.09333204
 endloop
endfacet
facet normal 0.9626371 -0.19148049 0.19148096
 outer loop
  vertex 0.23230863 -0.0056555765 0.086679205
  vertex 0.21588302 -0.08157982 0.09333204
  vertex 0.21711114 -0.082058474 0.086679205
 endloop
endfacet
facet normal 0.96263677 -0.19148076 -0.19148254
 outer loop
  vertex 0.24838623 -0.0060531823 -0.0054540373
  vertex 0.24946581 -0.0060798805 -1.4743199e-08
  vertex 0.23311219 -0.08829492 -1.4743199e-08
 endloop
endfacet
facet normal 0.96263736 -0.19148065 -0.19147968
 outer loop
  vertex 0.24838623 -0.0060531823 -0.0054540373
  vertex 0.23311219 -0.08829492 -1.4743199e-08
  vertex 0.23210537 -0.08790251 -0.0054540373
 endloop
endfacet
facet normal 0.96263766 -0.19148052 -0.19147845
 outer loop
  vertex 0.23099177 -0.00562301 -0.093332075
  vertex 0.23197831 -0.005647408 -0.08834792
  vertex 0.21680309 -0.081938416 -0.08834792
 endloop
endfacet
facet normal 0.96263754 -0.19148052 -0.19147885
 outer loop
  vertex 0.23099177 -0.00562301 -0.093332075
  vertex 0.21680309 -0.081938416 -0.08834792
  vertex 0.21588302 -0.08157982 -0.093332075
 endloop
endfacet
facet normal 0.96312135 -0.18893123 -0.19157845
 outer loop
  vertex 0.23209472 6.4625534e-11 -0.093332075
  vertex 0.23308614 6.4625534e-11 -0.08834792
  vertex 0.23197831 -0.005647408 -0.08834792
 endloop
endfacet
facet normal 0.9631271 -0.1889175 -0.19156276
 outer loop
  vertex 0.23209472 6.4625534e-11 -0.093332075
  vertex 0.23197831 -0.005647408 -0.08834792
  vertex 0.23099177 -0.00562301 -0.093332075
 endloop
endfacet
facet normal 0.96263754 -0.19148068 -0.19147883
 outer loop
  vertex 0.21588302 -0.08157982 -0.093332075
  vertex 0.21680309 -0.081938416 -0.08834792
  vertex 0.21585892 -0.08668506 -0.08834792
 endloop
endfacet
facet normal 0.9626368 -0.19148232 -0.19148052
 outer loop
  vertex 0.21588302 -0.08157982 -0.093332075
  vertex 0.21585892 -0.08668506 -0.08834792
  vertex 0.21494298 -0.08630567 -0.093332075
 endloop
endfacet
facet normal 0.9630896 -0.18910092 -0.19157054
 outer loop
  vertex 0.23308614 6.4625534e-11 -0.08834792
  vertex 0.24957477 6.4625534e-11 -0.0054540373
  vertex 0.24838623 -0.0060531823 -0.0054540373
 endloop
endfacet
facet normal 0.963124 -0.18893188 -0.19156453
 outer loop
  vertex 0.23308614 6.4625534e-11 -0.08834792
  vertex 0.24838623 -0.0060531823 -0.0054540373
  vertex 0.23197831 -0.005647408 -0.08834792
 endloop
endfacet
facet normal 0.9626368 -0.19148234 -0.19148052
 outer loop
  vertex 0.21680309 -0.081938416 -0.08834792
  vertex 0.23210537 -0.08790251 -0.0054540373
  vertex 0.23109241 -0.09299498 -0.0054540373
 endloop
endfacet
facet normal 0.9626372 -0.19148055 -0.19148032
 outer loop
  vertex 0.21680309 -0.081938416 -0.08834792
  vertex 0.23109241 -0.09299498 -0.0054540373
  vertex 0.21585892 -0.08668506 -0.08834792
 endloop
endfacet
facet normal 0.9626372 -0.19148092 0.19148035
 outer loop
  vertex 0.24946581 -0.0060798805 -1.4743199e-08
  vertex 0.2481873 -0.006048262 0.006459084
  vertex 0.23191983 -0.0878302 0.006459084
 endloop
endfacet
facet normal 0.962637 -0.1914808 0.19148126
 outer loop
  vertex 0.24946581 -0.0060798805 -1.4743199e-08
  vertex 0.23191983 -0.0878302 0.006459084
  vertex 0.23311219 -0.08829492 -1.4743199e-08
 endloop
endfacet
facet normal 0.9630902 -0.18909825 0.1915703
 outer loop
  vertex 0.25065964 6.4625534e-11 -1.4743199e-08
  vertex 0.24937485 6.4625534e-11 0.006459084
  vertex 0.2481873 -0.006048262 0.006459084
 endloop
endfacet
facet normal 0.96309006 -0.18911095 0.19155838
 outer loop
  vertex 0.25065964 6.4625534e-11 -1.4743199e-08
  vertex 0.2481873 -0.006048262 0.006459084
  vertex 0.24946581 -0.0060798805 -1.4743199e-08
 endloop
endfacet
facet normal 0.96263725 -0.19147958 0.1914812
 outer loop
  vertex 0.23311219 -0.08829492 -1.4743199e-08
  vertex 0.23191983 -0.0878302 0.006459084
  vertex 0.23090771 -0.09291848 0.006459084
 endloop
endfacet
facet normal 0.96263725 -0.19148035 0.19148068
 outer loop
  vertex 0.23311219 -0.08829492 -1.4743199e-08
  vertex 0.23090771 -0.09291848 0.006459084
  vertex 0.2320947 -0.09341015 -1.4743199e-08
 endloop
endfacet
facet normal 0.96312135 -0.1889324 0.19157694
 outer loop
  vertex 0.24937485 6.4625534e-11 0.006459084
  vertex 0.23341806 6.4625534e-11 0.086679205
  vertex 0.23230863 -0.0056555765 0.086679205
 endloop
endfacet
facet normal 0.96309227 -0.18909885 0.19155902
 outer loop
  vertex 0.24937485 6.4625534e-11 0.006459084
  vertex 0.23230863 -0.0056555765 0.086679205
  vertex 0.2481873 -0.006048262 0.006459084
 endloop
endfacet
facet normal 0.96263665 -0.19148354 0.1914803
 outer loop
  vertex 0.23191983 -0.0878302 0.006459084
  vertex 0.21711114 -0.082058474 0.086679205
  vertex 0.21616557 -0.08681209 0.086679205
 endloop
endfacet
facet normal 0.9626374 -0.19147961 0.1914804
 outer loop
  vertex 0.23191983 -0.0878302 0.006459084
  vertex 0.21616557 -0.08681209 0.086679205
  vertex 0.23090771 -0.09291848 0.006459084
 endloop
endfacet
facet normal 0.96268576 -0.19006492 -0.19264321
 outer loop
  vertex 0.21588302 -0.08157982 -0.093332075
  vertex 0.24957477 6.4625534e-11 -0.0054540373
  vertex 0.24946581 -0.0060798805 -1.4743199e-08
 endloop
endfacet
facet normal 0.9626371 -0.1914815 -0.19147992
 outer loop
  vertex 0.21588302 -0.08157982 -0.093332075
  vertex 0.24946581 -0.0060798805 -1.4743199e-08
  vertex 0.21585892 -0.08668506 -0.08834792
 endloop
endfacet
facet normal 0.9626824 -0.19016747 0.19255905
 outer loop
  vertex 0.24946581 -0.0060798805 -1.4743199e-08
  vertex 0.24937485 6.4625534e-11 0.006459084
  vertex 0.21588302 -0.08157982 0.09333204
 endloop
endfacet
facet normal 0.9626372 -0.19148166 0.19147965
 outer loop
  vertex 0.24946581 -0.0060798805 -1.4743199e-08
  vertex 0.21588302 -0.08157982 0.09333204
  vertex 0.21616557 -0.08681209 0.086679205
 endloop
endfacet
facet normal 0.96263665 0.1914823 -0.19148163
 outer loop
  vertex 0.23210537 0.08790251 -0.0054540373
  vertex 0.23109241 0.09299498 -0.0054540373
  vertex 0.2320947 0.09341015 -1.4743199e-08
 endloop
endfacet
facet normal 0.96263736 0.19148035 -0.19147967
 outer loop
  vertex 0.23210537 0.08790251 -0.0054540373
  vertex 0.2320947 0.09341015 -1.4743199e-08
  vertex 0.23311219 0.08829492 -1.4743199e-08
 endloop
endfacet
facet normal 0.9626367 0.19148356 0.1914802
 outer loop
  vertex 0.21711114 0.082058474 0.086679205
  vertex 0.21616557 0.08681209 0.086679205
  vertex 0.21494298 0.08630567 0.09333204
 endloop
endfacet
facet normal 0.96263677 0.1914823 0.19148104
 outer loop
  vertex 0.21711114 0.082058474 0.086679205
  vertex 0.21494298 0.08630567 0.09333204
  vertex 0.21588302 0.08157982 0.09333204
 endloop
endfacet
facet normal 0.9631236 0.18893285 0.19156536
 outer loop
  vertex 0.23341806 6.4625534e-11 0.086679205
  vertex 0.23230863 0.0056555765 0.086679205
  vertex 0.23099177 0.00562301 0.09333204
 endloop
endfacet
facet normal 0.96312404 0.1889169 0.19157898
 outer loop
  vertex 0.23341806 6.4625534e-11 0.086679205
  vertex 0.23099177 0.00562301 0.09333204
  vertex 0.23209472 6.4625534e-11 0.09333204
 endloop
endfacet
facet normal 0.9630914 0.18910126 -0.19156088
 outer loop
  vertex 0.24957477 6.4625534e-11 -0.0054540373
  vertex 0.24838623 0.0060531823 -0.0054540373
  vertex 0.24946581 0.0060798805 -1.4743199e-08
 endloop
endfacet
facet normal 0.9630876 0.18911046 -0.19157118
 outer loop
  vertex 0.24957477 6.4625534e-11 -0.0054540373
  vertex 0.24946581 0.0060798805 -1.4743199e-08
  vertex 0.25065964 6.4625534e-11 -1.4743199e-08
 endloop
endfacet
facet normal 0.9626371 0.1914805 0.19148098
 outer loop
  vertex 0.23230863 0.0056555765 0.086679205
  vertex 0.21711114 0.082058474 0.086679205
  vertex 0.21588302 0.08157982 0.09333204
 endloop
endfacet
facet normal 0.962637 0.19148043 0.19148162
 outer loop
  vertex 0.23230863 0.0056555765 0.086679205
  vertex 0.21588302 0.08157982 0.09333204
  vertex 0.23099177 0.00562301 0.09333204
 endloop
endfacet
facet normal 0.96263736 0.19148065 -0.1914797
 outer loop
  vertex 0.24838623 0.0060531823 -0.0054540373
  vertex 0.23210537 0.08790251 -0.0054540373
  vertex 0.23311219 0.08829492 -1.4743199e-08
 endloop
endfacet
facet normal 0.96263677 0.19148076 -0.1914827
 outer loop
  vertex 0.24838623 0.0060531823 -0.0054540373
  vertex 0.23311219 0.08829492 -1.4743199e-08
  vertex 0.24946581 0.0060798805 -1.4743199e-08
 endloop
endfacet
facet normal 0.96263754 0.19148052 -0.19147883
 outer loop
  vertex 0.23099177 0.00562301 -0.093332075
  vertex 0.21588302 0.08157982 -0.093332075
  vertex 0.21680309 0.081938416 -0.08834792
 endloop
endfacet
facet normal 0.9626377 0.19148053 -0.19147804
 outer loop
  vertex 0.23099177 0.00562301 -0.093332075
  vertex 0.21680309 0.081938416 -0.08834792
  vertex 0.23197831 0.005647408 -0.08834792
 endloop
endfacet
facet normal 0.9631271 0.1889175 -0.19156277
 outer loop
  vertex 0.23209472 6.4625534e-11 -0.093332075
  vertex 0.23099177 0.00562301 -0.093332075
  vertex 0.23197831 0.005647408 -0.08834792
 endloop
endfacet
facet normal 0.96312135 0.18893123 -0.19157845
 outer loop
  vertex 0.23209472 6.4625534e-11 -0.093332075
  vertex 0.23197831 0.005647408 -0.08834792
  vertex 0.23308614 6.4625534e-11 -0.08834792
 endloop
endfacet
facet normal 0.9626368 0.19148232 -0.19148052
 outer loop
  vertex 0.21588302 0.08157982 -0.093332075
  vertex 0.21494298 0.08630567 -0.093332075
  vertex 0.21585892 0.08668506 -0.08834792
 endloop
endfacet
facet normal 0.96263754 0.19148068 -0.19147885
 outer loop
  vertex 0.21588302 0.08157982 -0.093332075
  vertex 0.21585892 0.08668506 -0.08834792
  vertex 0.21680309 0.081938416 -0.08834792
 endloop
endfacet
facet normal 0.963124 0.18893173 -0.19156452
 outer loop
  vertex 0.23308614 6.4625534e-11 -0.08834792
  vertex 0.23197831 0.005647408 -0.08834792
  vertex 0.24838623 0.0060531823 -0.0054540373
 endloop
endfacet
facet normal 0.9630896 0.18910092 -0.19157054
 outer loop
  vertex 0.23308614 6.4625534e-11 -0.08834792
  vertex 0.24838623 0.0060531823 -0.0054540373
  vertex 0.24957477 6.4625534e-11 -0.0054540373
 endloop
endfacet
facet normal 0.96263725 0.19148062 -0.19148035
 outer loop
  vertex 0.21680309 0.081938416 -0.08834792
  vertex 0.21585892 0.08668506 -0.08834792
  vertex 0.23109241 0.09299498 -0.0054540373
 endloop
endfacet
facet normal 0.9626368 0.19148234 -0.19148052
 outer loop
  vertex 0.21680309 0.081938416 -0.08834792
  vertex 0.23109241 0.09299498 -0.0054540373
  vertex 0.23210537 0.08790251 -0.0054540373
 endloop
endfacet
facet normal 0.962637 0.1914808 0.19148126
 outer loop
  vertex 0.24946581 0.0060798805 -1.4743199e-08
  vertex 0.23311219 0.08829492 -1.4743199e-08
  vertex 0.23191983 0.0878302 0.006459084
 endloop
endfacet
facet normal 0.9626372 0.19148092 0.19148041
 outer loop
  vertex 0.24946581 0.0060798805 -1.4743199e-08
  vertex 0.23191983 0.0878302 0.006459084
  vertex 0.2481873 0.006048262 0.006459084
 endloop
endfacet
facet normal 0.96309006 0.18911095 0.19155838
 outer loop
  vertex 0.25065964 6.4625534e-11 -1.4743199e-08
  vertex 0.24946581 0.0060798805 -1.4743199e-08
  vertex 0.2481873 0.006048262 0.006459084
 endloop
endfacet
facet normal 0.9630902 0.18909825 0.19157033
 outer loop
  vertex 0.25065964 6.4625534e-11 -1.4743199e-08
  vertex 0.2481873 0.006048262 0.006459084
  vertex 0.24937485 6.4625534e-11 0.006459084
 endloop
endfacet
facet normal 0.96263725 0.19148034 0.19148068
 outer loop
  vertex 0.23311219 0.08829492 -1.4743199e-08
  vertex 0.2320947 0.09341015 -1.4743199e-08
  vertex 0.23090771 0.09291848 0.006459084
 endloop
endfacet
facet normal 0.96263725 0.19147958 0.1914812
 outer loop
  vertex 0.23311219 0.08829492 -1.4743199e-08
  vertex 0.23090771 0.09291848 0.006459084
  vertex 0.23191983 0.0878302 0.006459084
 endloop
endfacet
facet normal 0.9630924 0.18909869 0.19155905
 outer loop
  vertex 0.24937485 6.4625534e-11 0.006459084
  vertex 0.2481873 0.006048262 0.006459084
  vertex 0.23230863 0.0056555765 0.086679205
 endloop
endfacet
facet normal 0.96312135 0.1889324 0.19157693
 outer loop
  vertex 0.24937485 6.4625534e-11 0.006459084
  vertex 0.23230863 0.0056555765 0.086679205
  vertex 0.23341806 6.4625534e-11 0.086679205
 endloop
endfacet
facet normal 0.9626374 0.19147962 0.19148041
 outer loop
  vertex 0.23191983 0.0878302 0.006459084
  vertex 0.23090771 0.09291848 0.006459084
  vertex 0.21616557 0.08681209 0.086679205
 endloop
endfacet
facet normal 0.96263665 0.19148354 0.19148031
 outer loop
  vertex 0.23191983 0.0878302 0.006459084
  vertex 0.21616557 0.08681209 0.086679205
  vertex 0.21711114 0.082058474 0.086679205
 endloop
endfacet
facet normal 0.9626372 0.19148156 -0.19147974
 outer loop
  vertex 0.21588302 0.08157982 -0.093332075
  vertex 0.21585892 0.08668506 -0.08834792
  vertex 0.24946581 0.0060798805 -1.4743199e-08
 endloop
endfacet
facet normal 0.96268576 0.19006492 -0.19264321
 outer loop
  vertex 0.21588302 0.08157982 -0.093332075
  vertex 0.24946581 0.0060798805 -1.4743199e-08
  vertex 0.24957477 6.4625534e-11 -0.0054540373
 endloop
endfacet
facet normal 0.9626372 0.19148166 0.19147965
 outer loop
  vertex 0.24946581 0.0060798805 -1.4743199e-08
  vertex 0.21616557 0.08681209 0.086679205
  vertex 0.21588302 0.08157982 0.09333204
 endloop
endfacet
facet normal 0.96268237 0.19016752 0.19255911
 outer loop
  vertex 0.24946581 0.0060798805 -1.4743199e-08
  vertex 0.21588302 0.08157982 0.09333204
  vertex 0.24937485 6.4625534e-11 0.006459084
 endloop
endfacet
facet normal 2.040636e-06 -0.78602844 0.6181903
 outer loop
  vertex 0.20911177 -0.08157982 0.09333205
  vertex 0.20939434 -0.08681209 0.08667923
  vertex 0.21616557 -0.08681209 0.086679205
 endloop
endfacet
facet normal 1.3965158e-06 -0.7860288 0.6181898
 outer loop
  vertex 0.20911177 -0.08157982 0.09333205
  vertex 0.21616557 -0.08681209 0.086679205
  vertex 0.21588302 -0.08157982 0.09333204
 endloop
endfacet
facet normal -3.3009762e-06 6.5660527e-07 -1
 outer loop
  vertex 0.21033989 -0.082058474 0.08667923
  vertex 0.22553737 -0.0056555765 0.08667923
  vertex 0.23230863 -0.0056555765 0.086679205
 endloop
endfacet
facet normal -3.300976e-06 6.5660515e-07 -1
 outer loop
  vertex 0.21033989 -0.082058474 0.08667923
  vertex 0.23230863 -0.0056555765 0.086679205
  vertex 0.21711114 -0.082058474 0.086679205
 endloop
endfacet
facet normal 1.6667306e-07 -0.9971153 0.075901166
 outer loop
  vertex 0.22413647 -0.09291848 0.006459099
  vertex 0.22532347 -0.09341015 1.2591107e-10
  vertex 0.2320947 -0.09341015 -1.4743199e-08
 endloop
endfacet
facet normal 1.6588068e-07 -0.9971153 0.075901166
 outer loop
  vertex 0.22413647 -0.09291848 0.006459099
  vertex 0.2320947 -0.09341015 -1.4743199e-08
  vertex 0.23090771 -0.09291848 0.006459084
 endloop
endfacet
facet normal -3.3009765e-06 6.566013e-07 -1
 outer loop
  vertex 0.20817174 -0.08630567 -0.09333205
  vertex 0.20911177 -0.08157982 -0.09333205
  vertex 0.21588302 -0.08157982 -0.093332075
 endloop
endfacet
facet normal -3.300984e-06 6.5661317e-07 -1
 outer loop
  vertex 0.20817174 -0.08630567 -0.09333205
  vertex 0.21588302 -0.08157982 -0.093332075
  vertex 0.21494298 -0.08630567 -0.093332075
 endloop
endfacet
facet normal -2.50544e-07 -0.99711543 -0.0758998
 outer loop
  vertex 0.20908768 -0.08668506 -0.0883479
  vertex 0.20817174 -0.08630567 -0.09333205
  vertex 0.21494298 -0.08630567 -0.093332075
 endloop
endfacet
facet normal -2.5191673e-07 -0.99711543 -0.075899795
 outer loop
  vertex 0.20908768 -0.08668506 -0.0883479
  vertex 0.21494298 -0.08630567 -0.093332075
  vertex 0.21585892 -0.08668506 -0.08834792
 endloop
endfacet
facet normal 2.2006557e-06 -4.3773514e-07 1
 outer loop
  vertex 0.20911177 -0.08157982 0.09333205
  vertex 0.20817174 -0.08630567 0.09333205
  vertex 0.21494298 -0.08630567 0.09333204
 endloop
endfacet
facet normal 2.200651e-06 -4.377411e-07 1
 outer loop
  vertex 0.20911177 -0.08157982 0.09333205
  vertex 0.21494298 -0.08630567 0.09333204
  vertex 0.21588302 -0.08157982 0.09333204
 endloop
endfacet
facet normal -1.6703125e-07 0.9971154 -0.07590084
 outer loop
  vertex 0.20908768 0.08668506 -0.0883479
  vertex 0.22432116 0.09299498 -0.0054540224
  vertex 0.23109241 0.09299498 -0.0054540373
 endloop
endfacet
facet normal -1.0340343e-07 0.9971154 -0.075900845
 outer loop
  vertex 0.20908768 0.08668506 -0.0883479
  vertex 0.23109241 0.09299498 -0.0054540373
  vertex 0.21585892 0.08668506 -0.08834792
 endloop
endfacet
facet normal -3.3009762e-06 -6.566057e-07 -1
 outer loop
  vertex 0.22422053 0.00562301 -0.09333205
  vertex 0.20911177 0.08157982 -0.09333205
  vertex 0.21588302 0.08157982 -0.093332075
 endloop
endfacet
facet normal -3.3009837e-06 -6.566066e-07 -1
 outer loop
  vertex 0.22422053 0.00562301 -0.09333205
  vertex 0.21588302 0.08157982 -0.093332075
  vertex 0.23099177 0.00562301 -0.093332075
 endloop
endfacet
facet normal 1.6703235e-07 0.9971153 0.075901166
 outer loop
  vertex 0.22532347 0.09341015 1.2591107e-10
  vertex 0.22413647 0.09291848 0.006459099
  vertex 0.23090771 0.09291848 0.006459084
 endloop
endfacet
facet normal 1.7106444e-07 0.9971153 0.075901166
 outer loop
  vertex 0.22532347 0.09341015 1.2591107e-10
  vertex 0.23090771 0.09291848 0.006459084
  vertex 0.2320947 0.09341015 -1.4743199e-08
 endloop
endfacet
facet normal -1.6158465e-08 -0.99998796 -0.0048950454
 outer loop
  vertex 0.241615 -0.0060531823 -0.0054540224
  vertex 0.22520708 -0.005647408 -0.0883479
  vertex 0.23197831 -0.005647408 -0.08834792
 endloop
endfacet
facet normal -1.2962665e-08 -0.99998796 -0.0048950464
 outer loop
  vertex 0.241615 -0.0060531823 -0.0054540224
  vertex 0.23197831 -0.005647408 -0.08834792
  vertex 0.24838623 -0.0060531823 -0.0054540373
 endloop
endfacet
facet normal 2.5054766e-07 0.9971154 0.07590091
 outer loop
  vertex 0.22413647 0.09291848 0.006459099
  vertex 0.20939434 0.08681209 0.08667923
  vertex 0.21616557 0.08681209 0.086679205
 endloop
endfacet
facet normal 2.1369996e-07 0.9971154 0.075900905
 outer loop
  vertex 0.22413647 0.09291848 0.006459099
  vertex 0.21616557 0.08681209 0.086679205
  vertex 0.23090771 0.09291848 0.006459084
 endloop
endfacet
facet normal -2.50544e-07 0.99711543 -0.0758998
 outer loop
  vertex 0.20817174 0.08630567 -0.09333205
  vertex 0.20908768 0.08668506 -0.0883479
  vertex 0.21585892 0.08668506 -0.08834792
 endloop
endfacet
facet normal -2.5191676e-07 0.99711543 -0.07589981
 outer loop
  vertex 0.20817174 0.08630567 -0.09333205
  vertex 0.21585892 0.08668506 -0.08834792
  vertex 0.21494298 0.08630567 -0.093332075
 endloop
endfacet
facet normal 1.579253e-07 0.9974217 0.071762994
 outer loop
  vertex 0.21003185 -0.081938416 -0.0883479
  vertex 0.22533412 -0.08790251 -0.0054540224
  vertex 0.23210537 -0.08790251 -0.0054540373
 endloop
endfacet
facet normal 1.0343518e-07 0.9974217 0.071763
 outer loop
  vertex 0.21003185 -0.081938416 -0.0883479
  vertex 0.23210537 -0.08790251 -0.0054540373
  vertex 0.21680309 -0.081938416 -0.08834792
 endloop
endfacet
facet normal 2.200656e-06 4.3773812e-07 1
 outer loop
  vertex 0.20911177 0.08157982 0.09333205
  vertex 0.22422053 0.00562301 0.09333205
  vertex 0.23099177 0.00562301 0.09333204
 endloop
endfacet
facet normal 2.200651e-06 4.377367e-07 1
 outer loop
  vertex 0.20911177 0.08157982 0.09333205
  vertex 0.23099177 0.00562301 0.09333204
  vertex 0.21588302 0.08157982 0.09333204
 endloop
endfacet
facet normal -2.2498139e-06 0.73176366 -0.68155855
 outer loop
  vertex 0.24269457 0.0060798805 1.2591107e-10
  vertex 0.20939434 0.08681209 0.08667923
  vertex 0.21616557 0.08681209 0.086679205
 endloop
endfacet
facet normal -1.7417252e-06 0.7317638 -0.68155825
 outer loop
  vertex 0.24269457 0.0060798805 1.2591107e-10
  vertex 0.21616557 0.08681209 0.086679205
  vertex 0.24946581 0.0060798805 -1.4743199e-08
 endloop
endfacet
facet normal -3.300984e-06 6.4748843e-07 -1
 outer loop
  vertex 0.22422053 -0.00562301 -0.09333205
  vertex 0.22532348 0 -0.09333205
  vertex 0.23209472 6.4625534e-11 -0.093332075
 endloop
endfacet
facet normal -3.3009837e-06 6.474884e-07 -1
 outer loop
  vertex 0.22422053 -0.00562301 -0.09333205
  vertex 0.23209472 6.4625534e-11 -0.093332075
  vertex 0.23099177 -0.00562301 -0.093332075
 endloop
endfacet
facet normal 3.3009837e-06 -6.566064e-07 1
 outer loop
  vertex 0.22520708 -0.005647408 -0.0883479
  vertex 0.21003185 -0.081938416 -0.0883479
  vertex 0.21680309 -0.081938416 -0.08834792
 endloop
endfacet
facet normal 3.3009837e-06 -6.566064e-07 1
 outer loop
  vertex 0.22520708 -0.005647408 -0.0883479
  vertex 0.21680309 -0.081938416 -0.08834792
  vertex 0.23197831 -0.005647408 -0.08834792
 endloop
endfacet
facet normal -1.6667475e-07 0.99711525 -0.07590194
 outer loop
  vertex 0.22432116 0.09299498 -0.0054540224
  vertex 0.22532347 0.09341015 1.2591107e-10
  vertex 0.2320947 0.09341015 -1.4743199e-08
 endloop
endfacet
facet normal -1.6575373e-07 0.9971154 -0.07590195
 outer loop
  vertex 0.22432116 0.09299498 -0.0054540224
  vertex 0.2320947 0.09341015 -1.4743199e-08
  vertex 0.23109241 0.09299498 -0.0054540373
 endloop
endfacet
facet normal 1.5134173e-06 -0.7289654 0.68455046
 outer loop
  vertex 0.20911177 0.08157982 0.09333205
  vertex 0.24260361 0 0.006459099
  vertex 0.24937485 6.4625534e-11 0.006459084
 endloop
endfacet
facet normal 1.154128e-06 -0.72896546 0.6845506
 outer loop
  vertex 0.20911177 0.08157982 0.09333205
  vertex 0.24937485 6.4625534e-11 0.006459084
  vertex 0.21588302 0.08157982 0.09333204
 endloop
endfacet
facet normal 1.0772308e-08 -0.999988 0.0048950445
 outer loop
  vertex 0.22553737 -0.0056555765 0.08667923
  vertex 0.24141607 -0.006048262 0.006459099
  vertex 0.2481873 -0.006048262 0.006459084
 endloop
endfacet
facet normal 2.0092049e-08 -0.999988 0.004895045
 outer loop
  vertex 0.22553737 -0.0056555765 0.08667923
  vertex 0.2481873 -0.006048262 0.006459084
  vertex 0.23230863 -0.0056555765 0.086679205
 endloop
endfacet
facet normal 0.8160874 -0.5452857 0.19148064
 outer loop
  vertex 0.22413647 -0.09291848 0.006459099
  vertex 0.20939434 -0.08681209 0.08667923
  vertex 0.20890667 -0.087541945 0.08667923
 endloop
endfacet
facet normal 0.81608367 -0.54529124 0.19148037
 outer loop
  vertex 0.22413647 -0.09291848 0.006459099
  vertex 0.20890667 -0.087541945 0.08667923
  vertex 0.22361445 -0.09369973 0.006459099
 endloop
endfacet
facet normal 0.816084 -0.5452908 0.19148071
 outer loop
  vertex 0.22532347 -0.09341015 1.2591107e-10
  vertex 0.22413647 -0.09291848 0.006459099
  vertex 0.22361445 -0.09369973 0.006459099
 endloop
endfacet
facet normal 0.8160777 -0.54530084 0.19147861
 outer loop
  vertex 0.22532347 -0.09341015 1.2591107e-10
  vertex 0.22361445 -0.09369973 0.006459099
  vertex 0.22479868 -0.09419553 1.2591107e-10
 endloop
endfacet
facet normal 0.8160868 -0.5452866 -0.19148037
 outer loop
  vertex 0.20908768 -0.08668506 -0.0883479
  vertex 0.22432116 -0.09299498 -0.0054540224
  vertex 0.22379872 -0.09377687 -0.0054540224
 endloop
endfacet
facet normal 0.8160835 -0.5452917 -0.19148022
 outer loop
  vertex 0.20908768 -0.08668506 -0.0883479
  vertex 0.22379872 -0.09377687 -0.0054540224
  vertex 0.20860071 -0.08741386 -0.0883479
 endloop
endfacet
facet normal 0.81608415 -0.5452909 -0.19148004
 outer loop
  vertex 0.20817174 -0.08630567 -0.09333205
  vertex 0.20908768 -0.08668506 -0.0883479
  vertex 0.20860071 -0.08741386 -0.0883479
 endloop
endfacet
facet normal 0.8160788 -0.5452983 -0.19148125
 outer loop
  vertex 0.20817174 -0.08630567 -0.09333205
  vertex 0.20860071 -0.08741386 -0.0883479
  vertex 0.2076869 -0.08703127 -0.09333205
 endloop
endfacet
facet normal 0.4681369 -0.31280723 -0.82643783
 outer loop
  vertex 0.08622756 -0.035794694 -0.2253235
  vertex 0.15932775 -0.0660738 -0.17245513
  vertex 0.15895666 -0.06662915 -0.17245513
 endloop
endfacet
facet normal 0.4681363 -0.31280655 -0.8264384
 outer loop
  vertex 0.08622756 -0.035794694 -0.2253235
  vertex 0.15895666 -0.06662915 -0.17245513
  vertex 0.08602673 -0.03609525 -0.2253235
 endloop
endfacet
facet normal 0.46813706 -0.312807 0.8264379
 outer loop
  vertex 0.15932775 -0.0660738 0.17245513
  vertex 0.08622756 -0.035794694 0.2253235
  vertex 0.08602673 -0.03609525 0.2253235
 endloop
endfacet
facet normal 0.46813753 -0.31280693 0.82643753
 outer loop
  vertex 0.15932775 -0.0660738 0.17245513
  vertex 0.08602673 -0.03609525 0.2253235
  vertex 0.15895666 -0.06662915 0.17245513
 endloop
endfacet
facet normal 0.816079 -0.54529846 0.19147995
 outer loop
  vertex 0.20939434 -0.08681209 0.08667923
  vertex 0.20817174 -0.08630567 0.09333205
  vertex 0.2076869 -0.08703127 0.09333205
 endloop
endfacet
facet normal 0.8160871 -0.5452855 0.19148244
 outer loop
  vertex 0.20939434 -0.08681209 0.08667923
  vertex 0.2076869 -0.08703127 0.09333205
  vertex 0.20890667 -0.087541945 0.08667923
 endloop
endfacet
facet normal 0.6954343 -0.46468446 -0.54812354
 outer loop
  vertex 0.15932775 -0.0660738 -0.17245513
  vertex 0.20817174 -0.08630567 -0.09333205
  vertex 0.2076869 -0.08703127 -0.09333205
 endloop
endfacet
facet normal 0.6954344 -0.4646866 -0.5481217
 outer loop
  vertex 0.15932775 -0.0660738 -0.17245513
  vertex 0.2076869 -0.08703127 -0.09333205
  vertex 0.15895666 -0.06662915 -0.17245513
 endloop
endfacet
facet normal 0.6954335 -0.46468595 0.5481235
 outer loop
  vertex 0.20817174 -0.08630567 0.09333205
  vertex 0.15932775 -0.0660738 0.17245513
  vertex 0.15895666 -0.06662915 0.17245513
 endloop
endfacet
facet normal 0.69543487 -0.4646837 0.5481234
 outer loop
  vertex 0.20817174 -0.08630567 0.09333205
  vertex 0.15895666 -0.06662915 0.17245513
  vertex 0.2076869 -0.08703127 0.09333205
 endloop
endfacet
facet normal 0.816077 -0.5453003 -0.19148348
 outer loop
  vertex 0.22432116 -0.09299498 -0.0054540224
  vertex 0.22532347 -0.09341015 1.2591107e-10
  vertex 0.22479868 -0.09419553 1.2591107e-10
 endloop
endfacet
facet normal 0.8160867 -0.5452865 -0.19148129
 outer loop
  vertex 0.22432116 -0.09299498 -0.0054540224
  vertex 0.22479868 -0.09419553 1.2591107e-10
  vertex 0.22379872 -0.09377687 -0.0054540224
 endloop
endfacet
facet normal 0.8160875 0.5452857 0.1914806
 outer loop
  vertex 0.22413647 0.09291848 0.006459099
  vertex 0.22399744 0.09312655 0.006459099
  vertex 0.20926446 0.08700647 0.08667923
 endloop
endfacet
facet normal 0.8160956 0.5452732 0.19148119
 outer loop
  vertex 0.22413647 0.09291848 0.006459099
  vertex 0.20926446 0.08700647 0.08667923
  vertex 0.20939434 0.08681209 0.08667923
 endloop
endfacet
facet normal 0.8160728 0.5453081 0.19147894
 outer loop
  vertex 0.22532347 0.09341015 1.2591107e-10
  vertex 0.2251837 0.093619324 1.2591107e-10
  vertex 0.22399744 0.09312655 0.006459099
 endloop
endfacet
facet normal 0.81608737 0.5452856 0.19148092
 outer loop
  vertex 0.22532347 0.09341015 1.2591107e-10
  vertex 0.22399744 0.09312655 0.006459099
  vertex 0.22413647 0.09291848 0.006459099
 endloop
endfacet
facet normal 0.8160662 0.545318 -0.19147916
 outer loop
  vertex 0.20908768 0.08668506 -0.0883479
  vertex 0.20895799 0.08687916 -0.0883479
  vertex 0.22418202 0.093203224 -0.0054540224
 endloop
endfacet
facet normal 0.81610566 0.5452579 -0.19148166
 outer loop
  vertex 0.20908768 0.08668506 -0.0883479
  vertex 0.22418202 0.093203224 -0.0054540224
  vertex 0.22432116 0.09299498 -0.0054540224
 endloop
endfacet
facet normal 0.8160636 0.5453219 -0.19147886
 outer loop
  vertex 0.20817174 0.08630567 -0.09333205
  vertex 0.2080426 0.086498916 -0.09333205
  vertex 0.20895799 0.08687916 -0.0883479
 endloop
endfacet
facet normal 0.8160662 0.54531807 -0.19147883
 outer loop
  vertex 0.20817174 0.08630567 -0.09333205
  vertex 0.20895799 0.08687916 -0.0883479
  vertex 0.20908768 0.08668506 -0.0883479
 endloop
endfacet
facet normal 0.46813852 0.31280404 -0.8264382
 outer loop
  vertex 0.08622756 0.035794694 -0.2253235
  vertex 0.08617407 0.035874743 -0.2253235
  vertex 0.1592289 0.06622171 -0.17245513
 endloop
endfacet
facet normal 0.4681285 0.31282452 -0.8264361
 outer loop
  vertex 0.08622756 0.035794694 -0.2253235
  vertex 0.1592289 0.06622171 -0.17245513
  vertex 0.15932775 0.0660738 -0.17245513
 endloop
endfacet
facet normal 0.4681285 0.31282452 0.82643604
 outer loop
  vertex 0.15932775 0.0660738 0.17245513
  vertex 0.1592289 0.06622171 0.17245513
  vertex 0.08617407 0.035874743 0.2253235
 endloop
endfacet
facet normal 0.4681385 0.312804 0.8264382
 outer loop
  vertex 0.15932775 0.0660738 0.17245513
  vertex 0.08617407 0.035874743 0.2253235
  vertex 0.08622756 0.035794694 0.2253235
 endloop
endfacet
facet normal 0.8160953 0.54527307 0.19148305
 outer loop
  vertex 0.20939434 0.08681209 0.08667923
  vertex 0.20926446 0.08700647 0.08667923
  vertex 0.2080426 0.086498916 0.09333205
 endloop
endfacet
facet normal 0.8160636 0.54532194 0.1914789
 outer loop
  vertex 0.20939434 0.08681209 0.08667923
  vertex 0.2080426 0.086498916 0.09333205
  vertex 0.20817174 0.08630567 0.09333205
 endloop
endfacet
facet normal 0.69541913 0.46471035 -0.54812086
 outer loop
  vertex 0.15932775 0.0660738 -0.17245513
  vertex 0.1592289 0.06622171 -0.17245513
  vertex 0.2080426 0.086498916 -0.09333205
 endloop
endfacet
facet normal 0.6954222 0.46470514 -0.5481214
 outer loop
  vertex 0.15932775 0.0660738 -0.17245513
  vertex 0.2080426 0.086498916 -0.09333205
  vertex 0.20817174 0.08630567 -0.09333205
 endloop
endfacet
facet normal 0.6954222 0.46470514 0.5481214
 outer loop
  vertex 0.20817174 0.08630567 0.09333205
  vertex 0.2080426 0.086498916 0.09333205
  vertex 0.1592289 0.06622171 0.17245513
 endloop
endfacet
facet normal 0.69541913 0.46471035 0.54812086
 outer loop
  vertex 0.20817174 0.08630567 0.09333205
  vertex 0.1592289 0.06622171 0.17245513
  vertex 0.15932775 0.0660738 0.17245513
 endloop
endfacet
facet normal 0.8161056 0.5452578 -0.19148274
 outer loop
  vertex 0.22432116 0.09299498 -0.0054540224
  vertex 0.22418202 0.093203224 -0.0054540224
  vertex 0.2251837 0.093619324 1.2591107e-10
 endloop
endfacet
facet normal 0.81607217 0.5453077 -0.19148315
 outer loop
  vertex 0.22432116 0.09299498 -0.0054540224
  vertex 0.2251837 0.093619324 1.2591107e-10
  vertex 0.22532347 0.09341015 1.2591107e-10
 endloop
endfacet
endsolid 
